mtllib Suomi National Polar-orbiting Partnership (Suomi NPP).mtl
o foil_gold
usemtl foil_gold
v 0.6622246503829956 -1.6441229581832886 0.6747807264328003
v 0.00003826618194580078 -1.6441229581832886 0.6747807264328003
v 0.6648820638656616 -1.6639330387115479 0.6776797771453857
v 0.00003826618194580078 -1.683984637260437 0.6747807264328003
v 0.6622246503829956 -1.683984637260437 0.6747807264328003
v 0.00003826618194580078 -1.6639330387115479 0.6776797771453857
v -0.662148118019104 -1.683984637260437 0.6747807264328003
v 0.00003826618194580078 -1.683984637260437 0.6747807264328003
v -0.6648055911064148 -1.6639330387115479 0.6776797771453857
v 0.00003826618194580078 -1.6639330387115479 0.6776797771453857
v -0.662148118019104 -1.6441229581832886 0.6747807264328003
v 0.00003826618194580078 -1.6441229581832886 0.6747807264328003
v -0.662148118019104 -1.6441229581832886 0.6747807264328003
v -0.662148118019104 -1.6441229581832886 0.000031888484954833984
v -0.6648055911064148 -1.6639330387115479 0.6776797771453857
v -0.6648055911064148 -1.6639330387115479 0.000031888484954833984
v -0.662148118019104 -1.683984637260437 0.6747807264328003
v -0.662148118019104 -1.683984637260437 0.000031888484954833984
v -0.6648055911064148 -1.6639330387115479 -0.6776160001754761
v -0.662148118019104 -1.683984637260437 -0.6749585866928101
v 0.00003826618194580078 -1.6639330387115479 -0.6776160001754761
v 0.00003826618194580078 -1.683984637260437 -0.6749585866928101
v 0.6648820638656616 -1.6639330387115479 -0.6776160001754761
v 0.6622246503829956 -1.683984637260437 -0.6749585866928101
v 0.6648820638656616 -1.6639330387115479 0.000031888484954833984
v 0.6622246503829956 -1.683984637260437 0.000031888484954833984
v 0.6622246503829956 -1.683984637260437 0.6747807264328003
v 0.6648820638656616 -1.6639330387115479 0.6776797771453857
v 0.6622246503829956 -1.6441229581832886 0.6747807264328003
v 0.6622246503829956 -1.6441229581832886 0.000031888484954833984
v 0.6622246503829956 -1.6441229581832886 -0.6749585866928101
v 0.00003826618194580078 -1.6441229581832886 -0.6749585866928101
v -0.662148118019104 -1.6441229581832886 -0.6749585866928101
v -1.0182454586029053 -0.0006154775619506836 0.313368558883667
v -1.0182454586029053 -0.0006154775619506836 0.36289358139038086
v -1.0008512735366821 -0.005205631256103516 0.276405930519104
v -1.0008512735366821 -0.005205631256103516 0.39985620975494385
v -0.9752432107925415 -0.01221156120300293 0.25200575590133667
v -0.9752432107925415 -0.01221156120300293 0.42425644397735596
v -0.9496351480484009 -0.01897597312927246 0.24040967226028442
v -0.9496351480484009 -0.01897597312927246 0.4358525276184082
v -0.9233022928237915 -0.025982022285461426 0.23630273342132568
v -0.9233022928237915 -0.025982022285461426 0.43995940685272217
v -0.7715864777565002 -0.06680989265441895 0.43995940685272217
v -0.7715864777565002 -0.06680989265441895 0.23630273342132568
v -0.4587329626083374 -0.08734476566314697 0.12227427959442139
v -0.4587329626083374 -0.08734476566314697 0.5539878606796265
v -0.4749191999435425 -0.1477411985397339 0.5539878606796265
v -0.5072917342185974 -0.2685340642929077 0.5539878606796265
v -0.49110543727874756 -0.2081376314163208 0.5539878606796265
v -0.7984024882316589 -0.1670680046081543 0.43995940685272217
v -0.7848736643791199 -0.11681818962097168 0.43995940685272217
v -0.9365894794464111 -0.07623183727264404 0.43995940685272217
v -0.9631639719009399 -0.06922578811645508 0.4358525276184082
v -0.9887720346450806 -0.062219858169555664 0.42425644397735596
v -1.0143800973892212 -0.05545544624328613 0.39985620975494385
v -1.0317742824554443 -0.0508652925491333 0.36289358139038086
v -1.0317742824554443 -0.0508652925491333 0.313368558883667
v -1.0143800973892212 -0.05545544624328613 0.276405930519104
v -0.9887720346450806 -0.062219858169555664 0.25200575590133667
v -0.9631639719009399 -0.06922578811645508 0.24040967226028442
v -0.9365894794464111 -0.07623183727264404 0.23630273342132568
v -0.7848736643791199 -0.11681818962097168 0.23630273342132568
v -0.4749191999435425 -0.1477411985397339 0.12227427959442139
v -0.7984024882316589 -0.1670680046081543 0.23630273342132568
v -0.49110543727874756 -0.2081376314163208 0.12227427959442139
v -0.3698294162750244 -0.30525505542755127 0.12227427959442139
v -0.5072917342185974 -0.2685340642929077 0.12227427959442139
v -0.35364317893981934 -0.24510014057159424 0.12227427959442139
v -0.33745694160461426 -0.18470382690429688 0.12227427959442139
v -0.3212707042694092 -0.12430739402770996 0.12227427959442139
v -0.3212707042694092 -0.12430739402770996 0.5539878606796265
v -0.33745694160461426 -0.18470382690429688 0.5539878606796265
v -0.35364317893981934 -0.24510014057159424 0.5539878606796265
v -0.3698294162750244 -0.30525505542755127 0.5539878606796265
v -0.3860156536102295 -0.3656514883041382 0.5539878606796265
v -0.5234779715538025 -0.3289303779602051 0.5539878606796265
v -0.40220195055007935 -0.4260479211807251 0.5539878606796265
v -0.8790920972824097 -0.46808385848999023 0.43995940685272217
v -0.5882229208946228 -0.5702745914459229 0.12227427959442139
v -0.5882229208946228 -0.5702745914459229 0.5539878606796265
v -0.4507606625556946 -0.6072372198104858 0.5539878606796265
v -0.4507606625556946 -0.6072372198104858 0.12227427959442139
v -0.4345744252204895 -0.5468407869338989 0.12227427959442139
v -0.4183881878852844 -0.486444354057312 0.12227427959442139
v -0.5720366835594177 -0.5098781585693359 0.12227427959442139
v -0.8790920972824097 -0.46808385848999023 0.23630273342132568
v -1.0308079719543457 -0.42749738693237305 0.43995940685272217
v -1.0308079719543457 -0.42749738693237305 0.23630273342132568
v -1.0571407079696655 -0.4202498197555542 0.24040967226028442
v -1.0827488899230957 -0.41348540782928467 0.25200575590133667
v -1.0571407079696655 -0.4202498197555542 0.4358525276184082
v -1.043853521347046 -0.370241641998291 0.4358525276184082
v -1.0172791481018066 -0.37724757194519043 0.43995940685272217
v -0.8655632734298706 -0.41783392429351807 0.43995940685272217
v -0.5720366835594177 -0.5098781585693359 0.5539878606796265
v -0.4345744252204895 -0.5468407869338989 0.5539878606796265
v -0.5558504462242126 -0.449481725692749 0.5539878606796265
v -0.4183881878852844 -0.486444354057312 0.5539878606796265
v -0.5396642088890076 -0.389326810836792 0.5539878606796265
v -0.8252184987068176 -0.26732611656188965 0.43995940685272217
v -0.8119312524795532 -0.21731781959533691 0.43995940685272217
v -0.9501183032989502 -0.12648165225982666 0.43995940685272217
v -0.9634054899215698 -0.17648983001708984 0.43995940685272217
v -0.9766926765441895 -0.11923408508300781 0.4358525276184082
v -0.9899799823760986 -0.16948390007019043 0.4358525276184082
v -1.0020592212677002 -0.11246967315673828 0.42425644397735596
v -1.0155880451202393 -0.1627194881439209 0.42425644397735596
v -1.0276672840118408 -0.10570526123046875 0.39985620975494385
v -1.0411961078643799 -0.15571343898773193 0.39985620975494385
v -1.045061469078064 -0.10087358951568604 0.36289358139038086
v -1.058590292930603 -0.15112340450286865 0.36289358139038086
v -1.045061469078064 -0.10087358951568604 0.313368558883667
v -1.058590292930603 -0.15112340450286865 0.313368558883667
v -1.0276672840118408 -0.10570526123046875 0.276405930519104
v -1.0411961078643799 -0.15571343898773193 0.276405930519104
v -1.0020592212677002 -0.11246967315673828 0.25200575590133667
v -1.0155880451202393 -0.1627194881439209 0.25200575590133667
v -0.9766926765441895 -0.11923408508300781 0.24040967226028442
v -0.9899799823760986 -0.16948390007019043 0.24040967226028442
v -0.9501183032989502 -0.12648165225982666 0.23630273342132568
v -0.9634054899215698 -0.17648983001708984 0.23630273342132568
v -0.8119312524795532 -0.21731781959533691 0.23630273342132568
v -0.8252184987068176 -0.26732611656188965 0.23630273342132568
v -0.5234779715538025 -0.3289303779602051 0.12227427959442139
v -0.3860156536102295 -0.3656514883041382 0.12227427959442139
v -0.5396642088890076 -0.389326810836792 0.12227427959442139
v -0.40220195055007935 -0.4260479211807251 0.12227427959442139
v -0.5558504462242126 -0.449481725692749 0.12227427959442139
v -0.8655632734298706 -0.41783392429351807 0.23630273342132568
v -1.0172791481018066 -0.37724757194519043 0.23630273342132568
v -1.043853521347046 -0.370241641998291 0.24040967226028442
v -1.0694615840911865 -0.36323559284210205 0.25200575590133667
v -1.1257511377334595 -0.4018893241882324 0.313368558883667
v -1.0950697660446167 -0.3564711809158325 0.276405930519104
v -1.1083569526672363 -0.40672099590301514 0.276405930519104
v -1.0827488899230957 -0.41348540782928467 0.42425644397735596
v -1.0694615840911865 -0.36323559284210205 0.42425644397735596
v -1.0815409421920776 -0.3062213659286499 0.39985620975494385
v -1.055932879447937 -0.31322741508483887 0.42425644397735596
v -1.0303246974945068 -0.31999170780181885 0.4358525276184082
v -1.0037503242492676 -0.32723939418792725 0.43995940685272217
v -0.8520345091819763 -0.3678257465362549 0.43995940685272217
v -0.8387472629547119 -0.31757593154907227 0.43995940685272217
v -0.9769343137741089 -0.22673964500427246 0.43995940685272217
v -0.990463137626648 -0.2769894599914551 0.43995940685272217
v -1.0035086870193481 -0.21973371505737305 0.4358525276184082
v -1.0167959928512573 -0.26974189281463623 0.4358525276184082
v -1.0291168689727783 -0.21272766590118408 0.42425644397735596
v -1.042404055595398 -0.26297760009765625 0.42425644397735596
v -1.054724931716919 -0.2059633731842041 0.39985620975494385
v -1.0680121183395386 -0.2562131881713867 0.39985620975494385
v -1.072119116783142 -0.20137321949005127 0.36289358139038086
v -1.0854063034057617 -0.25138139724731445 0.36289358139038086
v -1.072119116783142 -0.20137321949005127 0.313368558883667
v -1.0854063034057617 -0.25138139724731445 0.313368558883667
v -1.054724931716919 -0.2059633731842041 0.276405930519104
v -1.0680121183395386 -0.2562131881713867 0.276405930519104
v -1.0291168689727783 -0.21272766590118408 0.25200575590133667
v -1.042404055595398 -0.26297760009765625 0.25200575590133667
v -1.0035086870193481 -0.21973371505737305 0.24040967226028442
v -1.0167959928512573 -0.26974189281463623 0.24040967226028442
v -0.9769343137741089 -0.22673964500427246 0.23630273342132568
v -0.990463137626648 -0.2769894599914551 0.23630273342132568
v -0.8387472629547119 -0.31757593154907227 0.23630273342132568
v -0.8520345091819763 -0.3678257465362549 0.23630273342132568
v -1.0037503242492676 -0.32723939418792725 0.23630273342132568
v -1.0303246974945068 -0.31999170780181885 0.24040967226028442
v -1.055932879447937 -0.31322741508483887 0.25200575590133667
v -1.0815409421920776 -0.3062213659286499 0.276405930519104
v -1.0989351272583008 -0.30163121223449707 0.313368558883667
v -1.1124638319015503 -0.3518810272216797 0.313368558883667
v -1.1257511377334595 -0.4018893241882324 0.36289358139038086
v -1.1083569526672363 -0.40672099590301514 0.39985620975494385
v -1.0950697660446167 -0.3564711809158325 0.39985620975494385
v -1.0989351272583008 -0.30163121223449707 0.36289358139038086
v -1.1124638319015503 -0.3518810272216797 0.36289358139038086
v 1.102635383605957 -1.038709282875061 -0.2004842460155487
v 1.102635383605957 -1.044265627861023 -0.22899135947227478
v 1.102635383605957 -1.1131175756454468 -0.2004842460155487
v 1.102635383605957 -1.060451865196228 -0.25314992666244507
v 1.102635383605957 -1.0846105813980103 -0.26933616399765015
v 1.102635383605957 -1.1131175756454468 -0.2748926281929016
v 1.102635383605957 -1.2631423473358154 -0.2748926281929016
v 1.102635383605957 -1.1882507801055908 -0.0709943175315857
v 1.102635383605957 -1.2631423473358154 -0.2004842460155487
v 1.102635383605957 -1.2916494607925415 -0.26933616399765015
v 1.102635383605957 -1.3158080577850342 -0.25314992666244507
v 1.102635383605957 -1.3319942951202393 -0.22899135947227478
v 1.102635383605957 -1.3377922773361206 -0.2004842460155487
v 1.102635383605957 -1.3319942951202393 -0.17197710275650024
v 1.1200296878814697 -1.3377922773361206 -0.2004842460155487
v 1.1200296878814697 -1.3319942951202393 -0.22899135947227478
v 1.1200296878814697 -1.3158080577850342 -0.25314992666244507
v 1.1200296878814697 -1.2916494607925415 -0.26933616399765015
v 1.1200296878814697 -1.2631423473358154 -0.2748926281929016
v 1.1200296878814697 -1.1131175756454468 -0.2748926281929016
v 1.1200296878814697 -1.0846105813980103 -0.26933616399765015
v 1.1200296878814697 -1.060451865196228 -0.25314992666244507
v 1.1200296878814697 -1.044265627861023 -0.22899135947227478
v 1.1200296878814697 -1.038709282875061 -0.2004842460155487
v 1.1200296878814697 -1.044265627861023 -0.17197710275650024
v 1.102635383605957 -1.044265627861023 -0.17197710275650024
v 1.102635383605957 -1.096206545829773 -0.03282374143600464
v 1.102635383605957 -1.1177077293395996 -0.0004512667655944824
v 1.102635383605957 -1.1500803232192993 0.021049857139587402
v 1.102635383605957 -1.1882507801055908 0.028780579566955566
v 1.102635383605957 -1.2264213562011719 0.021049857139587402
v 1.102635383605957 -1.2585521936416626 -0.0004512667655944824
v 1.102635383605957 -1.2802948951721191 -0.03282374143600464
v 1.1200296878814697 -1.3319942951202393 -0.17197710275650024
v 1.1200296878814697 -1.2631423473358154 -0.2004842460155487
v 1.1200296878814697 -1.1131175756454468 -0.2004842460155487
v 1.1200296878814697 -1.096206545829773 -0.03282374143600464
v 1.1200296878814697 -1.1177077293395996 -0.0004512667655944824
v 1.1200296878814697 -1.1500803232192993 0.021049857139587402
v 1.1200296878814697 -1.1882507801055908 0.028780579566955566
v 1.1200296878814697 -1.2264213562011719 0.021049857139587402
v 1.1200296878814697 -1.2585521936416626 -0.0004512667655944824
v 1.1200296878814697 -1.2802948951721191 -0.03282374143600464
v 1.1200296878814697 -1.1882507801055908 -0.0709943175315857
v 1.1306593418121338 1.0770982503890991 0.09932363033294678
v 1.2797176837921143 1.3285890817642212 -0.043936729431152344
v 1.1243782043457031 1.0831378698349 0.10657119750976562
v 1.2734365463256836 1.334628701210022 -0.036689162254333496
v 0.966139554977417 1.115752100944519 0.007279455661773682
v 1.0871739387512207 1.3686922788619995 -0.1582067608833313
v 1.0924887657165527 1.3626526594161987 -0.16642063856124878
v 0.971454381942749 1.1097124814987183 -0.0009344220161437988
v 0.952369213104248 1.2063466310501099 -0.09273701906204224
v 0.9472959041595459 1.2092458009719849 -0.08524787425994873
v 0.9820840358734131 1.2904185056686401 -0.13912147283554077
v 0.9871573448181152 1.2872778177261353 -0.14661061763763428
v -0.9786254167556763 -0.6910673975944519 0.0676758885383606
v -0.9757263660430908 -0.6809208393096924 0.04255098104476929
v -0.507050096988678 -0.817416787147522 0.0676758885383606
v -0.504392683506012 -0.8072701692581177 0.04255098104476929
v -0.9701699018478394 -0.659902811050415 0.025881588459014893
v -0.49859464168548584 -0.7862521409988403 0.025881588459014893
v -0.9631639719009399 -0.6335699558258057 0.02225780487060547
v -0.49158865213394165 -0.759919285774231 0.02225780487060547
v -0.9566410779953003 -0.6091698408126831 0.03264594078063965
v -0.4850658178329468 -0.7355191707611084 0.03264594078063965
v -0.9522925615310669 -0.5932252407073975 0.05438870191574097
v -0.4807173013687134 -0.7195745706558228 0.05438870191574097
v -0.9513262510299683 -0.5896013975143433 0.08168786764144897
v -0.47975093126296997 -0.7159507274627686 0.08168786764144897
v -0.9539836645126343 -0.5997480154037476 0.10681277513504028
v -0.4826499819755554 -0.7260973453521729 0.10681277513504028
v -0.9597817659378052 -0.6207659244537354 0.12348216772079468
v -0.4882064461708069 -0.7471152544021606 0.12348216772079468
v -0.9667876958847046 -0.6470987796783447 0.1271059513092041
v -0.4952124357223511 -0.77344810962677 0.1271059513092041
v -0.9733104705810547 -0.6714990139007568 0.11671781539916992
v -0.5017352104187012 -0.7978483438491821 0.11671781539916992
v -0.9776591062545776 -0.6876851916313171 0.0949750542640686
v -0.5060837864875793 -0.8137929439544678 0.0949750542640686
v 0.07348036766052246 -1.0875095129013062 0.8269797563552856
v 0.10150420665740967 -1.1295454502105713 0.8269797563552856
v 0.07348036766052246 -1.0875095129013062 0.802821159362793
v 0.10150420665740967 -1.1295454502105713 0.802821159362793
v 0.11116766929626465 -1.1790705919265747 0.8269797563552856
v 0.11116766929626465 -1.1790705919265747 0.802821159362793
v 0.10150420665740967 -1.2283539772033691 0.8269797563552856
v 0.10150420665740967 -1.2283539772033691 0.802821159362793
v 0.07348036766052246 -1.2703899145126343 0.8269797563552856
v 0.07348036766052246 -1.2703899145126343 0.802821159362793
v 0.031444430351257324 -1.298413872718811 0.8269797563552856
v 0.031444430351257324 -1.298413872718811 0.802821159362793
v -0.01783907413482666 -1.3080772161483765 0.8269797563552856
v -0.01783907413482666 -1.3080772161483765 0.802821159362793
v -0.06736409664154053 -1.298413872718811 0.8269797563552856
v -0.06736409664154053 -1.298413872718811 0.802821159362793
v -0.10915851593017578 -1.2703899145126343 0.8269797563552856
v -0.10915851593017578 -1.2703899145126343 0.802821159362793
v -0.13718241453170776 -1.2283539772033691 0.8269797563552856
v -0.13718241453170776 -1.2283539772033691 0.802821159362793
v -0.14708739519119263 -1.1790705919265747 0.8269797563552856
v -0.14708739519119263 -1.1790705919265747 0.802821159362793
v -0.13718241453170776 -1.1295454502105713 0.8269797563552856
v -0.13718241453170776 -1.1295454502105713 0.802821159362793
v -0.10915851593017578 -1.0875095129013062 0.8269797563552856
v -0.01783907413482666 -1.1790705919265747 0.8269797563552856
v 0.031444430351257324 -1.0594855546951294 0.8269797563552856
v 0.031444430351257324 -1.0594855546951294 0.802821159362793
v -0.01783907413482666 -1.1790705919265747 0.802821159362793
v -0.10915851593017578 -1.0875095129013062 0.802821159362793
v -0.06736409664154053 -1.0594855546951294 0.8269797563552856
v -0.01783907413482666 -1.049822211265564 0.8269797563552856
v -0.01783907413482666 -1.049822211265564 0.802821159362793
v -0.06736409664154053 -1.0594855546951294 0.802821159362793
v -1.0440951585769653 -0.8464070558547974 0.07468187808990479
v -1.0199365615844727 -0.8451991081237793 0.13145452737808228
v -1.0421624183654785 -0.839159369468689 0.13145452737808228
v -1.0141384601593018 -0.8239395618438721 0.1843617558479309
v -1.0363644361495972 -0.8181414604187012 0.1843617558479309
v -1.0051997900009155 -0.7903591394424438 0.23002147674560547
v -1.027425765991211 -0.7843195199966431 0.23002147674560547
v -0.9933621883392334 -0.7463904619216919 0.26480984687805176
v -1.0155880451202393 -0.7403508424758911 0.26480984687805176
v -0.9795917272567749 -0.6951743364334106 0.28679412603378296
v -1.0020592212677002 -0.6893762946128845 0.28679412603378296
v -0.9648550748825073 -0.6403343677520752 0.29428327083587646
v -0.9873224496841431 -0.6342947483062744 0.29428327083587646
v -0.9501183032989502 -0.5854943990707397 0.28679412603378296
v -0.9725857973098755 -0.579454779624939 0.28679412603378296
v -0.9365894794464111 -0.5342782735824585 0.26480984687805176
v -0.958815336227417 -0.5282386541366577 0.26480984687805176
v -0.9247518181800842 -0.4903097152709961 0.23002147674560547
v -0.9469776153564453 -0.4842700958251953 0.23002147674560547
v -0.915813148021698 -0.45672929286956787 0.1843617558479309
v -0.9380390644073486 -0.4506896734237671 0.1843617558479309
v -0.9100151062011719 -0.43546974658966064 0.13145452737808228
v -0.9322409629821777 -0.42943012714385986 0.13145452737808228
v -0.9080823659896851 -0.4282221794128418 0.07468187808990479
v -0.9303082227706909 -0.422182559967041 0.07468187808990479
v -0.9100151062011719 -0.43546974658966064 0.017909228801727295
v -0.9322409629821777 -0.42943012714385986 0.017909228801727295
v -0.915813148021698 -0.45672929286956787 -0.03523963689804077
v -0.9380390644073486 -0.4506896734237671 -0.03523963689804077
v -0.9247518181800842 -0.4903097152709961 -0.0806577205657959
v -0.9469776153564453 -0.4842700958251953 -0.0806577205657959
v -0.9365894794464111 -0.5342782735824585 -0.11544609069824219
v -0.958815336227417 -0.5282386541366577 -0.11544609069824219
v -0.9501183032989502 -0.5854943990707397 -0.1374303698539734
v -0.9725857973098755 -0.579454779624939 -0.1374303698539734
v -0.9648550748825073 -0.6403343677520752 -0.1449195146560669
v -0.9873224496841431 -0.6342947483062744 -0.1449195146560669
v -0.9795917272567749 -0.6951743364334106 -0.1374303698539734
v -1.0020592212677002 -0.6893762946128845 -0.1374303698539734
v -0.9933621883392334 -0.7463904619216919 -0.11544609069824219
v -1.0155880451202393 -0.7403508424758911 -0.11544609069824219
v -1.0051997900009155 -0.7903591394424438 -0.0806577205657959
v -1.027425765991211 -0.7843195199966431 -0.0806577205657959
v -1.0363644361495972 -0.8181414604187012 -0.03523963689804077
v -1.0141384601593018 -0.8239395618438721 -0.03523963689804077
v -0.9648550748825073 -0.6403343677520752 0.07468187808990479
v -1.0218693017959595 -0.8524466753005981 0.07468187808990479
v -1.0421624183654785 -0.839159369468689 0.017909228801727295
v -1.0199365615844727 -0.8451991081237793 0.017909228801727295
v -1.0305663347244263 0.6115626096725464 0.41266024112701416
v -1.002784013748169 0.6130121946334839 0.4776468276977539
v -1.0283920764923096 0.6197766065597534 0.4776468276977539
v -0.9965027570724487 0.637170672416687 0.5380432605743408
v -1.0218693017959595 0.6439350843429565 0.5380432605743408
v -0.986114501953125 0.675583004951477 0.5899841785430908
v -1.0114810466766357 0.6825889348983765 0.5899841785430908
v -0.9725857973098755 0.7258328199386597 0.6298458576202393
v -0.9981938600540161 0.7325972318649292 0.6298458576202393
v -0.9568827152252197 0.7842963933944702 0.6549707651138306
v -0.9824907779693604 0.7910608053207397 0.6549707651138306
v -0.9402133226394653 0.8471087217330933 0.6634262800216675
v -0.9655797481536865 0.8538731336593628 0.6634262800216675
v -0.9233022928237915 0.9096795320510864 0.6549707651138306
v -0.9489103555679321 0.9166854619979858 0.6549707651138306
v -0.9075992107391357 0.968143105506897 0.6298458576202393
v -0.9332072734832764 0.9751492738723755 0.6298458576202393
v -0.8943120241165161 1.0183929204940796 0.5899841785430908
v -0.9196785092353821 1.0251573324203491 0.5899841785430908
v -0.8839238286018372 1.0568052530288696 0.5380432605743408
v -0.9092903137207031 1.063811182975769 0.5380432605743408
v -0.8774009943008423 1.0812052488327026 0.4776468276977539
v -0.9030090570449829 1.0879696607589722 0.4776468276977539
v -0.8752267360687256 1.0894192457199097 0.41266024112701416
v -0.9005932211875916 1.0961836576461792 0.41266024112701416
v -0.8774009943008423 1.0812052488327026 0.34767377376556396
v -0.9030090570449829 1.0879696607589722 0.34767377376556396
v -0.8839238286018372 1.0568052530288696 0.2872772812843323
v -0.9092903137207031 1.063811182975769 0.2872772812843323
v -0.8943120241165161 1.0183929204940796 0.23509478569030762
v -0.9196785092353821 1.0251573324203491 0.23509478569030762
v -0.9075992107391357 0.968143105506897 0.19523316621780396
v -0.9332072734832764 0.9751492738723755 0.19523316621780396
v -0.9233022928237915 0.9096795320510864 0.1703498363494873
v -0.9489103555679321 0.9166854619979858 0.1703498363494873
v -0.9402133226394653 0.8471087217330933 0.16165274381637573
v -0.9655797481536865 0.8538731336593628 0.16165274381637573
v -0.9568827152252197 0.7842963933944702 0.1703498363494873
v -0.9824907779693604 0.7910608053207397 0.1703498363494873
v -0.9725857973098755 0.7258328199386597 0.19523316621780396
v -0.9981938600540161 0.7325972318649292 0.19523316621780396
v -0.986114501953125 0.675583004951477 0.23509478569030762
v -1.0114810466766357 0.6825889348983765 0.23509478569030762
v -1.0218693017959595 0.6439350843429565 0.2872772812843323
v -0.9965027570724487 0.637170672416687 0.2872772812843323
v -0.9402133226394653 0.8471087217330933 0.41266024112701416
v -1.0051997900009155 0.6047981977462769 0.41266024112701416
v -1.0283920764923096 0.6197766065597534 0.34767377376556396
v -1.002784013748169 0.6130121946334839 0.34767377376556396
v 0.9743533134460449 -1.0418498516082764 -0.4258837103843689
v 0.9743533134460449 -1.0418498516082764 -0.04876840114593506
v 1.102635383605957 -1.0418498516082764 -0.4258837103843689
v 1.102635383605957 -1.0418498516082764 -0.04876840114593506
v 1.102635383605957 -1.3950481414794922 -0.04876840114593506
v 0.9743533134460449 -1.3950481414794922 -0.04876840114593506
v 0.9743533134460449 -1.3950481414794922 -0.4258837103843689
v 1.102635383605957 -1.3950481414794922 -0.4258837103843689
v 1.0311260223388672 -1.473563551902771 -0.04876840114593506
v 0.9743533134460449 -1.473563551902771 -0.04876840114593506
v 0.9743533134460449 -1.473563551902771 -0.4258837103843689
v 1.0311260223388672 -1.473563551902771 -0.4258837103843689
v 0.9685554504394531 1.181221842765808 -0.11520451307296753
v 0.968796968460083 1.255147099494934 -0.1780167818069458
v 0.9337670803070068 1.178805947303772 -0.12945806980133057
v 0.9040520191192627 1.1882277727127075 -0.15095919370651245
v 0.8842418193817139 1.2077962160110474 -0.17680883407592773
v 0.8774776458740234 1.2343705892562866 -0.2026585042476654
v 0.8844835758209229 1.2643271684646606 -0.224642813205719
v 0.9042935371398926 1.2928344011306763 -0.2396211326122284
v 0.9340085983276367 1.315543532371521 -0.24517759680747986
v 0.9690384864807129 1.329072117805481 -0.24058747291564941
v 1.004068374633789 1.3312464952468872 -0.22633391618728638
v 1.0335419178009033 1.3220661878585815 -0.2048327922821045
v 1.053351879119873 1.3024977445602417 -0.17898312211036682
v 1.0603578090667725 1.2756818532943726 -0.15313345193862915
v 1.0531103610992432 1.2459667921066284 -0.13114917278289795
v 1.0333003997802734 1.2174595594406128 -0.11617082357406616
v 1.0035853385925293 1.1947506666183472 -0.1106143593788147
v 1.0243616104125977 1.0787893533706665 -0.23575574159622192
v 0.9893317222595215 1.0766152143478394 -0.25000929832458496
v 0.9598581790924072 1.085795521736145 -0.2717520296573639
v 0.9400482177734375 1.1053639650344849 -0.2973600924015045
v 0.933283805847168 1.1319383382797241 -0.3232097625732422
v 0.9402897357940674 1.1618949174880981 -0.34543564915657043
v 0.9600999355316162 1.1904021501541138 -0.3601723909378052
v 0.9898149967193604 1.2131110429763794 -0.3659704327583313
v 1.0248448848724365 1.2266398668289185 -0.3611387312412262
v 1.0598747730255127 1.2290557622909546 -0.34688517451286316
v 1.0893480777740479 1.219633936882019 -0.3253840506076813
v 1.1091582775115967 1.2000654935836792 -0.2995343804359436
v 1.116164207458496 1.17349112033844 -0.27368471026420593
v 1.1089165210723877 1.1435343027114868 -0.25170040130615234
v 1.089106559753418 1.1150273084640503 -0.23672208189964294
v 1.0593914985656738 1.0923181772232056 -0.23116561770439148
v 1.04248046875 1.1217917203903198 -0.26402127742767334
v 1.0246031284332275 1.1147857904434204 -0.2664371430873871
v 1.0064842700958252 1.1135777235031128 -0.27368471026420593
v 0.9915060997009277 1.118409514427185 -0.28479763865470886
v 0.9813594818115234 1.1283146142959595 -0.2978432774543762
v 0.9777355194091797 1.1420849561691284 -0.31113049387931824
v 0.9813594818115234 1.1575464010238647 -0.3224850296974182
v 0.9915060997009277 1.1720415353775024 -0.3302157521247864
v 1.006725788116455 1.1836377382278442 -0.3331148028373718
v 1.0248448848724365 1.1906436681747437 -0.3306989371776581
v 1.042722225189209 1.1918514966964722 -0.3232097625732422
v 1.0579421520233154 1.187019944190979 -0.3123384118080139
v 1.0680887699127197 1.1771148443222046 -0.2990511953830719
v 1.0714707374572754 1.1633445024490356 -0.2857639789581299
v 1.0678470134735107 1.1481245756149292 -0.2744094729423523
v 1.0577003955841064 1.1333879232406616 -0.26667872071266174
v 1.102635383605957 1.080238938331604 -0.29083728790283203
v 1.0765440464019775 1.0601874589920044 -0.2857639789581299
v 1.0458626747131348 1.0483497381210327 -0.289870947599411
v 1.015181303024292 1.0464168787002563 -0.30243340134620667
v 0.9893317222595215 1.0546308755874634 -0.3215186893939972
v 0.9719376564025879 1.071783423423767 -0.3439861536026001
v 0.965897798538208 1.0952173471450806 -0.36669519543647766
v 0.9721791744232178 1.121308445930481 -0.38602203130722046
v 0.9895732402801514 1.146191954612732 -0.3990676999092102
v 1.0156645774841309 1.1662434339523315 -0.40414100885391235
v 1.0463459491729736 1.1780811548233032 -0.40003401041030884
v 1.0770273208618164 1.1800137758255005 -0.38747161626815796
v 1.102876901626587 1.1720415353775024 -0.36838629841804504
v 1.1202712059020996 1.1548889875411987 -0.34591883420944214
v 1.1263108253479004 1.1314550638198853 -0.3232097625732422
v 1.1200296878814697 1.1051222085952759 -0.3038829267024994
v 1.1869487762451172 0.9826382398605347 -0.4483512043952942
v 1.1695547103881836 0.9575134515762329 -0.4350639581680298
v 1.143463373184204 0.9377034902572632 -0.4302322268486023
v 1.1127820014953613 0.9258657693862915 -0.4343392252922058
v 1.0821006298065186 0.9236913919448853 -0.4469016194343567
v 1.056251049041748 0.9319053888320923 -0.46574532985687256
v 1.0388567447662354 0.949057936668396 -0.4884544014930725
v 1.0328171253204346 0.9724916219711304 -0.5111634731292725
v 1.0390982627868652 0.9985829591751099 -0.5304903388023376
v 1.056492567062378 1.0237079858779907 -0.5435359477996826
v 1.0825839042663574 1.0435179471969604 -0.5483676791191101
v 1.1132652759552002 1.0553556680679321 -0.5442606806755066
v 1.143946647644043 1.0575298070907593 -0.5319398045539856
v 1.1697962284088135 1.0493160486221313 -0.5128545165061951
v 1.187190294265747 1.0321635007858276 -0.49038708209991455
v 1.193230152130127 1.0087295770645142 -0.4676780104637146
v 1.1702795028686523 1.003656268119812 -0.4739592671394348
v 1.1659307479858398 0.9848126173019409 -0.45994728803634644
v 1.1533684730529785 0.9669352769851685 -0.45076704025268555
v 1.1347663402557373 0.9529231786727905 -0.4471432566642761
v 1.1127820014953613 0.9442261457443237 -0.4500422477722168
v 1.0910391807556152 0.9427767992019653 -0.458980917930603
v 1.0724372863769531 0.9488164186477661 -0.4725097417831421
v 1.0601162910461426 0.9608956575393677 -0.48869597911834717
v 1.0557677745819092 0.9775649309158325 -0.5048822164535522
v 1.0601162910461426 0.9964088201522827 -0.518652617931366
v 1.072678804397583 1.0142861604690552 -0.5280744433403015
v 1.0912809371948242 1.0285395383834839 -0.5314566493034363
v 1.1130235195159912 1.0369950532913208 -0.5285575985908508
v 1.1350078582763672 1.0384446382522583 -0.5196189284324646
v 1.1536099910736084 1.0324050188064575 -0.5060901641845703
v 1.1659307479858398 1.020325779914856 -0.4901455044746399
v 1.2533848285675049 1.0012403726577759 -0.5524746179580688
v 1.2625651359558105 0.9657274484634399 -0.5181694626808167
v 1.253143310546875 0.9263488054275513 -0.4889375567436218
v 1.2268104553222656 0.8886615037918091 -0.4691275358200073
v 1.187432050704956 0.8584631681442261 -0.4616383910179138
v 1.141047477722168 0.8405858278274536 -0.46791964769363403
v 1.0949046611785889 0.8374453783035278 -0.4867632985115051
v 1.0557677745819092 0.8497661352157593 -0.5152704119682312
v 1.0294349193572998 0.8756159543991089 -0.5493339896202087
v 1.0204963684082031 0.9111288785934448 -0.5836391448974609
v 1.0296764373779297 0.9505075216293335 -0.6128710508346558
v 1.056009292602539 0.9881948232650757 -0.6326810717582703
v 1.0953879356384277 1.0183929204940796 -0.6401702165603638
v 1.1417722702026367 1.036270260810852 -0.6338890194892883
v 1.1881568431854248 1.039410948753357 -0.6150453090667725
v 1.2272937297821045 1.0270901918411255 -0.5862966179847717
v 1.233816385269165 1.014769196510315 -0.6007917523384094
v 1.2601492404937744 0.9889196157455444 -0.5667281746864319
v 1.2690880298614502 0.9534064531326294 -0.5326645970344543
v 1.2599077224731445 0.9140280485153198 -0.5034326910972595
v 1.2335748672485352 0.8763407468795776 -0.483622670173645
v 1.1941964626312256 0.8461424112319946 -0.4761335253715515
v 1.1478118896484375 0.8282650709152222 -0.48241478204727173
v 1.1016690731048584 0.8251243829727173 -0.5012584328651428
v 1.0622906684875488 0.8374453783035278 -0.5297655463218689
v 1.0361993312835693 0.8632949590682983 -0.5638291239738464
v 1.0270190238952637 0.8988081216812134 -0.5981342792510986
v 1.0364408493041992 0.938186526298523 -0.6273661851882935
v 1.0627737045288086 0.9758738279342651 -0.647176206111908
v 1.1021523475646973 1.0060721635818481 -0.6544237732887268
v 1.1485366821289062 1.0239495038986206 -0.648384153842926
v 1.1946794986724854 1.0270901918411255 -0.6295404434204102
v 1.2734365463256836 1.397441029548645 -0.04152083396911621
v 1.2797176837921143 1.4039636850357056 -0.04828524589538574
v 1.1243782043457031 1.6395097970962524 0.11720097064971924
v 1.1306593418121338 1.646032691001892 0.11043655872344971
v 0.971454381942749 1.6196998357772827 0.00824582576751709
v 1.0924887657165527 1.3776310682296753 -0.172701895236969
v 1.0871739387512207 1.3711081743240356 -0.16497111320495605
v 0.966139554977417 1.613176941871643 0.016218125820159912
v 0.952369213104248 1.529105305671692 -0.08935481309890747
v 0.9871573448181152 1.4515560865402222 -0.148060142993927
v 0.9820840358734131 1.4479323625564575 -0.14081257581710815
v 0.9472959041595459 1.5254813432693481 -0.08210724592208862
v 0.9690384864807129 1.4269143342971802 -0.25580736994743347
v 0.968796968460083 1.4919010400772095 -0.18405640125274658
v 0.9340085983276367 1.440926432609558 -0.25870639085769653
v 0.9042935371398926 1.462910771369934 -0.250250905752182
v 0.8844835758209229 1.4890018701553345 -0.23164880275726318
v 0.8774776458740234 1.5158179998397827 -0.2057991325855255
v 0.8842418193817139 1.5387686491012573 -0.17656725645065308
v 0.9040520191192627 1.5547133684158325 -0.14854329824447632
v 0.9337670803070068 1.561236023902893 -0.1260758638381958
v 0.9685554504394531 1.5571290254592896 -0.11206388473510742
v 1.0035853385925293 1.5431171655654907 -0.10940641164779663
v 1.0333003997802734 1.5211328268051147 -0.11786192655563354
v 1.0531103610992432 1.4950417280197144 -0.13646399974822998
v 1.0603578090667725 1.4682255983352661 -0.16231369972229004
v 1.053351879119873 1.4452749490737915 -0.19130396842956543
v 1.0335419178009033 1.4293302297592163 -0.21956950426101685
v 1.004068374633789 1.4228075742721558 -0.24203696846961975
v 1.0598747730255127 1.5402182340621948 -0.34809309244155884
v 1.0248448848724365 1.5443249940872192 -0.36186349391937256
v 0.9898149967193604 1.5583370923995972 -0.3647625148296356
v 0.9600999355316162 1.5803214311599731 -0.3563070297241211
v 0.9402897357940674 1.6064125299453735 -0.33770492672920227
v 0.933283805847168 1.6332286596298218 -0.3118552565574646
v 0.9400482177734375 1.6561793088912964 -0.28262338042259216
v 0.9598581790924072 1.6721240282058716 -0.2545994222164154
v 0.9893317222595215 1.6786466836929321 -0.2321319580078125
v 1.0243616104125977 1.6745396852493286 -0.2181200087070465
v 1.0593914985656738 1.6602863073349 -0.2154625654220581
v 1.089106559753418 1.6385434865951538 -0.22391805052757263
v 1.1089165210723877 1.6122106313705444 -0.24252015352249146
v 1.116164207458496 1.5856362581253052 -0.2683698236942291
v 1.1091582775115967 1.5624440908432007 -0.2973600924015045
v 1.0893480777740479 1.5464993715286255 -0.32562562823295593
v 1.042722225189209 1.5737985372543335 -0.3198275864124298
v 1.0248448848724365 1.5759729146957397 -0.326833575963974
v 1.006725788116455 1.583220362663269 -0.328524649143219
v 0.9915060997009277 1.594333291053772 -0.3241761326789856
v 0.9813594818115234 1.607862114906311 -0.314512699842453
v 0.9777355194091797 1.62163245677948 -0.301225483417511
v 0.9813594818115234 1.6334701776504517 -0.2862471640110016
v 0.9915060997009277 1.6416841745376587 -0.27199360728263855
v 1.0064842700958252 1.6448248624801636 -0.2603974938392639
v 1.0246031284332275 1.6426504850387573 -0.25314992666244507
v 1.04248046875 1.635644555091858 -0.25170040130615234
v 1.0577003955841064 1.624289870262146 -0.25604894757270813
v 1.0678470134735107 1.611002802848816 -0.2657123804092407
v 1.0714707374572754 1.597232460975647 -0.27899959683418274
v 1.0680887699127197 1.5853947401046753 -0.29397791624069214
v 1.0579421520233154 1.5771807432174683 -0.3082314729690552
v 1.0770273208618164 1.5938502550125122 -0.3819150924682617
v 1.0463459491729736 1.5974739789962769 -0.39399439096450806
v 1.0156645774841309 1.6097947359085083 -0.3964102864265442
v 0.9895732402801514 1.6291216611862183 -0.38916265964508057
v 0.9721791744232178 1.6520723104476929 -0.37273484468460083
v 0.965897798538208 1.6755062341690063 -0.35002580285072327
v 0.9719376564025879 1.6957992315292358 -0.32441771030426025
v 0.9893317222595215 1.7098113298416138 -0.3000175356864929
v 1.015181303024292 1.7153676748275757 -0.27996593713760376
v 1.0458626747131348 1.711743950843811 -0.2678866386413574
v 1.0765440464019775 1.6994231939315796 -0.26547080278396606
v 1.102635383605957 1.6803377866744995 -0.27295994758605957
v 1.1200296878814697 1.657145619392395 -0.28914618492126465
v 1.1263108253479004 1.6337116956710815 -0.3118552565574646
v 1.1202712059020996 1.613660216331482 -0.3374633193016052
v 1.102876901626587 1.599648118019104 -0.3621050715446472
v 1.143946647644043 1.7344530820846558 -0.508989155292511
v 1.1132652759552002 1.7380768060684204 -0.5210684537887573
v 1.0825839042663574 1.750397801399231 -0.5234842896461487
v 1.056492567062378 1.7697244882583618 -0.5159951448440552
v 1.0390982627868652 1.7926751375198364 -0.4998089075088501
v 1.0328171253204346 1.81610906124115 -0.47709983587265015
v 1.0388567447662354 1.8364022970199585 -0.4514917731285095
v 1.056251049041748 1.8504141569137573 -0.42685002088546753
v 1.0821006298065186 1.8559707403182983 -0.407039999961853
v 1.1127820014953613 1.8523467779159546 -0.3949607014656067
v 1.143463373184204 1.8400260210037231 -0.39254486560821533
v 1.1695547103881836 1.8206990957260132 -0.3997924327850342
v 1.1869487762451172 1.7977484464645386 -0.4162202477455139
v 1.193230152130127 1.7743147611618042 -0.43892931938171387
v 1.187190294265747 1.7540215253829956 -0.46453744173049927
v 1.1697962284088135 1.7402511835098267 -0.4889375567436218
v 1.1350078582763672 1.7518471479415894 -0.49425244331359863
v 1.1130235195159912 1.7545045614242554 -0.5029495358467102
v 1.0912809371948242 1.7632018327713013 -0.5048822164535522
v 1.072678804397583 1.7769721746444702 -0.49956732988357544
v 1.0601162910461426 1.7933999300003052 -0.48772960901260376
v 1.0557677745819092 1.8100694417953491 -0.4715433716773987
v 1.0601162910461426 1.8245645761489868 -0.45342445373535156
v 1.0724372863769531 1.8344694375991821 -0.43578869104385376
v 1.0910391807556152 1.8385764360427856 -0.4215351939201355
v 1.1127820014953613 1.8359190225601196 -0.4130796790122986
v 1.1347663402557373 1.8272219896316528 -0.41114693880081177
v 1.1533684730529785 1.8134516477584839 -0.41646188497543335
v 1.16568922996521 1.7970236539840698 -0.4280579686164856
v 1.1702795028686523 1.780354380607605 -0.4442442059516907
v 1.1659307479858398 1.7658592462539673 -0.46260470151901245
v 1.1536099910736084 1.7559541463851929 -0.48024046421051025
v 1.1881568431854248 1.7634433507919312 -0.5889540314674377
v 1.1417722702026367 1.768999695777893 -0.6073145866394043
v 1.0953879356384277 1.7876018285751343 -0.6109383702278137
v 1.056009292602539 1.8163505792617798 -0.599825382232666
v 1.0296764373779297 1.851138949394226 -0.5751836895942688
v 1.0204963684082031 1.8866521120071411 -0.5408784747123718
v 1.0294349193572998 1.917091727256775 -0.5022248029708862
v 1.0557677745819092 1.9381097555160522 -0.46526217460632324
v 1.0949046611785889 1.9465652704238892 -0.43530553579330444
v 1.141047477722168 1.9412504434585571 -0.41694504022598267
v 1.187432050704956 1.922648310661316 -0.4130796790122986
v 1.2268104553222656 1.8936580419540405 -0.42443418502807617
v 1.253143310546875 1.8588696718215942 -0.44907593727111816
v 1.2625651359558105 1.8235982656478882 -0.4831395149230957
v 1.2533848285675049 1.7931584119796753 -0.5217931866645813
v 1.2272937297821045 1.771898865699768 -0.5589974522590637
v 1.1946794986724854 1.777696967124939 -0.6017580628395081
v 1.1485366821289062 1.783011794090271 -0.6198770403862
v 1.1021523475646973 1.8016139268875122 -0.623742401599884
v 1.0627737045288086 1.8306041955947876 -0.6123878359794617
v 1.0364408493041992 1.8653925657272339 -0.5877461433410645
v 1.0270190238952637 1.90066397190094 -0.5536825060844421
v 1.0361993312835693 1.9311038255691528 -0.5150288343429565
v 1.0622906684875488 1.95236337184906 -0.4778246283531189
v 1.1016690731048584 1.960818886756897 -0.4478679895401001
v 1.1478118896484375 1.955262303352356 -0.429749071598053
v 1.1941964626312256 1.9366601705551147 -0.4258837103843689
v 1.2335748672485352 1.9079116582870483 -0.4369966387748718
v 1.2599077224731445 1.873123288154602 -0.4616383910179138
v 1.2690880298614502 1.837610125541687 -0.495943546295166
v 1.2601492404937744 1.8071702718734741 -0.5345972776412964
v 1.233816385269165 1.7861524820327759 -0.5715598464012146
v -1.0508595705032349 -1.175205111503601 0.4131433963775635
v -0.9235438704490662 -0.7000060677528381 0.4131433963775635
v -1.0508595705032349 -1.175205111503601 0.1645517349243164
v -0.9235438704490662 -0.7000060677528381 0.1645517349243164
v -0.9556747674942017 0.7891281843185425 0.4046880006790161
v -0.9525341987609863 0.8007243871688843 0.37569761276245117
v -0.13549131155014038 0.5692852735519409 0.4046880006790161
v -0.13235068321228027 0.5808812379837036 0.37569761276245117
v -0.9462529420852661 0.8246413469314575 0.3568539619445801
v -0.12582790851593018 0.6047981977462769 0.3568539619445801
v -0.9380390644073486 0.8545979261398315 0.35274696350097656
v -0.11785554885864258 0.6349965333938599 0.35274696350097656
v -0.9305498600006104 0.8826218843460083 0.36458468437194824
v -0.1103663444519043 0.6627789735794067 0.36458468437194824
v -0.9257181286811829 0.9009822607040405 0.38946807384490967
v -0.10553467273712158 0.681139349937439 0.38946807384490967
v -0.9247518181800842 0.9048477411270142 0.4203909635543823
v -0.10432672500610352 0.6852463483810425 0.4203909635543823
v -0.9276508092880249 0.8932515382766724 0.44938135147094727
v -0.1074674129486084 0.6736501455307007 0.44938135147094727
v -0.934173583984375 0.8693345785140991 0.46846652030944824
v -0.1139901876449585 0.6494916677474976 0.46846652030944824
v -0.9421459436416626 0.8393779993057251 0.47257351875305176
v -0.1219625473022461 0.6195350885391235 0.47257351875305176
v -0.9496351480484009 0.8115955591201782 0.4604942798614502
v -0.12945163249969482 0.5917526483535767 0.4604942798614502
v -0.954708456993103 0.7929936647415161 0.4358525276184082
v -0.13428336381912231 0.5733922719955444 0.4358525276184082
v 0.03168594837188721 1.1930595636367798 0.7317949533462524
v 0.03265237808227539 1.1966832876205444 0.7600605487823486
v -1.032499074935913 1.4781306982040405 0.7317949533462524
v -1.031532645225525 1.4817544221878052 0.7600605487823486
v 0.03724241256713867 1.2133527994155884 0.7825279235839844
v -1.026942491531372 1.49842369556427 0.7825279235839844
v 0.0440068244934082 1.23871910572052 0.7933993339538574
v -1.020178198814392 1.5240319967269897 0.7933993339538574
v 0.05125439167022705 1.266018271446228 0.7897756099700928
v -1.0129306316375732 1.5513311624526978 0.7897756099700928
v 0.05705249309539795 1.288002610206604 0.7723814249038696
v -1.0071325302124023 1.5730737447738647 0.7723814249038696
v 0.0599515438079834 1.2983907461166382 0.7460485696792603
v -1.004233479499817 1.583703637123108 0.7460485696792603
v 0.058985233306884766 1.2947670221328735 0.7177829742431641
v -1.0051997900009155 1.5800796747207642 0.7177829742431641
v 0.054395079612731934 1.2780977487564087 0.6953155994415283
v -1.0097899436950684 1.5631688833236694 0.6953155994415283
v 0.0476306676864624 1.252731204032898 0.6844441890716553
v -1.016554355621338 1.5378023386001587 0.6844441890716553
v 0.040383100509643555 1.22543203830719 0.6880679130554199
v -1.0238019227981567 1.5105031728744507 0.6880679130554199
v 0.034584999084472656 1.2036892175674438 0.7054620981216431
v -1.0296000242233276 1.4887603521347046 0.7054620981216431
v -1.0158295631408691 1.607862114906311 0.6122100353240967
v -1.054724931716919 1.462910771369934 0.6122100353240967
v -1.054724931716919 1.462910771369934 0.6868600845336914
v -1.0619724988937378 1.435369849205017 0.6180081367492676
v -1.068253755569458 1.4119361639022827 0.6341943740844727
v -1.072360634803772 1.3964747190475464 0.6583529710769653
v -1.0738102197647095 1.3909181356430054 0.6868600845336914
v -1.072360634803772 1.3964747190475464 0.7153671979904175
v -1.0590734481811523 1.44648277759552 0.8545205593109131
v -1.0556912422180176 1.391884446144104 0.7153671979904175
v -1.0571407079696655 1.386328101158142 0.6868600845336914
v -1.0556912422180176 1.391884446144104 0.6583529710769653
v -1.0513427257537842 1.4075876474380493 0.6341943740844727
v -1.045061469078064 1.4307798147201538 0.6180081367492676
v -1.0378139019012451 1.4583204984664917 0.6122100353240967
v -0.9989186525344849 1.6032720804214478 0.6122100353240967
v -0.991671085357666 1.6308127641677856 0.6180081367492676
v -1.0083404779434204 1.635402798652649 0.6180081367492676
v -0.9853898286819458 1.6542466878890991 0.6341943740844727
v -1.0020592212677002 1.6588367223739624 0.6341943740844727
v -0.9810413122177124 1.6699496507644653 0.6583529710769653
v -0.9979522228240967 1.6742981672286987 0.6583529710769653
v -0.9795917272567749 1.6752644777297974 0.6868600845336914
v -0.9965027570724487 1.6798547506332397 0.6868600845336914
v -1.0158295631408691 1.607862114906311 0.6868600845336914
v -1.035156488418579 1.5353864431381226 0.816349983215332
v -1.0535169839859009 1.4672592878341675 0.8868930339813232
v -1.045061469078064 1.498665452003479 0.9083940982818604
v -1.035156488418579 1.5353864431381226 0.9161248207092285
v -1.0252513885498047 1.5721074342727661 0.9083940982818604
v -1.0170375108718872 1.6035135984420776 0.8868930339813232
v -1.0085819959640503 1.5677589178085327 0.9083940982818604
v -1.0182454586029053 1.5307964086532593 0.9161248207092285
v -1.0281504392623901 1.4940751791000366 0.9083940982818604
v -1.036605954170227 1.462910771369934 0.8868930339813232
v -1.0421624183654785 1.4418927431106567 0.8545205593109131
v -1.0378139019012451 1.4583204984664917 0.6868600845336914
v -0.9989186525344849 1.6032720804214478 0.6868600845336914
v -0.9810413122177124 1.6699496507644653 0.7153671979904175
v -0.9979522228240967 1.6742981672286987 0.7153671979904175
v -1.0114810466766357 1.624289870262146 0.8545205593109131
v -1.000126600265503 1.5989235639572144 0.8868930339813232
v -1.0182454586029053 1.5307964086532593 0.816349983215332
v -0.9945700168609619 1.6196998357772827 0.8545205593109131
v 0.06599116325378418 1.320858359336853 0.6747807264328003
v 0.06599116325378418 1.320858359336853 0.802821159362793
v 0.36048412322998047 1.241859793663025 0.6747807264328003
v 0.21674060821533203 0.7050563097000122 0.6747807264328003
v 0.45421934127807617 0.7108544111251831 0.6747807264328003
v 0.45421934127807617 0.7108544111251831 0.802821159362793
v 0.5404654741287231 1.0326465368270874 0.802821159362793
v 0.5404654741287231 1.0326465368270874 0.6747807264328003
v 0.5808103084564209 1.1829129457473755 0.802821159362793
v 0.5808103084564209 1.1829129457473755 0.6747807264328003
v 0.36048412322998047 1.241859793663025 0.802821159362793
v 0.025646328926086426 1.170591950416565 0.802821159362793
v 0.025646328926086426 1.170591950416565 0.6747807264328003
v 0.21674060821533203 0.7050563097000122 0.802821159362793
v 0.3201392889022827 1.0918351411819458 0.802821159362793
v 0.34937119483947754 -0.5277554988861084 0.802821159362793
v -0.3874651789665222 -0.5277554988861084 0.802821159362793
v 0.38198530673980713 -0.6801960468292236 0.802821159362793
v -0.4200792908668518 -0.6801960468292236 0.802821159362793
v 0.08894181251525879 -1.2455066442489624 0.802821159362793
v -0.12703585624694824 -1.2455066442489624 0.802821159362793
v -0.10408520698547363 -1.2761880159378052 0.802821159362793
v 0.06599116325378418 -1.2761880159378052 0.802821159362793
v -0.07775235176086426 -1.2950316667556763 0.802821159362793
v 0.039658308029174805 -1.2950316667556763 0.802821159362793
v -0.0002033710479736328 -1.308318853378296 0.802821159362793
v -0.03789067268371582 -1.308318853378296 0.802821159362793
v -0.03789067268371582 -1.308318853378296 0.6747807264328003
v -0.07775235176086426 -1.2950316667556763 0.6747807264328003
v -0.10408520698547363 -1.2761880159378052 0.6747807264328003
v -0.12703585624694824 -1.2455066442489624 0.6747807264328003
v -0.4200792908668518 -0.6801960468292236 0.6747807264328003
v -0.3874651789665222 -0.5277554988861084 0.6747807264328003
v 0.34937119483947754 -0.5277554988861084 0.6747807264328003
v 0.38198530673980713 -0.6801960468292236 0.6747807264328003
v 0.08894181251525879 -1.2455066442489624 0.6747807264328003
v 0.06599116325378418 -1.2761880159378052 0.6747807264328003
v 0.039658308029174805 -1.2950316667556763 0.6747807264328003
v -0.0002033710479736328 -1.308318853378296 0.6747807264328003
v -1.054724931716919 -1.276429533958435 -0.3964102864265442
v -0.9863561391830444 -1.0210734605789185 -0.3964102864265442
v -1.054724931716919 -1.276429533958435 -0.5966848134994507
v -0.9863561391830444 -1.0210734605789185 -0.5966848134994507
v -1.0728437900543213 -1.3440735340118408 -0.5966848134994507
v -0.6766432523727417 -1.4501296281814575 -0.5966848134994507
v -0.6585243940353394 -1.3824857473373413 -0.5966848134994507
v -0.5899140238761902 -1.1271296739578247 -0.5966848134994507
v -0.5899140238761902 -1.1271296739578247 -0.3964102864265442
v -0.6585243940353394 -1.3824857473373413 -0.3964102864265442
v -0.6766432523727417 -1.4501296281814575 -0.3964102864265442
v -1.0728437900543213 -1.3440735340118408 -0.3964102864265442
v -0.9319993257522583 -0.8311871290206909 -0.4838642477989197
v -0.9829739332199097 -1.0217982530593872 -0.4838642477989197
v -0.9319993257522583 -0.8311871290206909 -0.3964102864265442
v -0.9829739332199097 -1.0217982530593872 -0.1528918743133545
v -0.9319993257522583 -0.8311871290206909 -0.1528918743133545
v -0.9829739332199097 -1.0217982530593872 -0.3964102864265442
v -0.5899140238761902 -1.1271296739578247 -0.4838642477989197
v -0.5389394164085388 -0.9365185499191284 -0.4838642477989197
v -0.5389394164085388 -0.9365185499191284 -0.3964102864265442
v -0.5389394164085388 -0.9365185499191284 -0.1528918743133545
v -0.5899140238761902 -1.1271296739578247 -0.1528918743133545
v -0.6585243940353394 -1.3824857473373413 -0.1528918743133545
v -1.051584243774414 -1.2771543264389038 -0.1528918743133545
v -1.051584243774414 -1.2771543264389038 -0.3964102864265442
v -0.6585243940353394 -1.3824857473373413 -0.3964102864265442
v -0.5899140238761902 -1.1271296739578247 -0.3964102864265442
v -0.9621975421905518 -0.04265141487121582 -0.535563588142395
v -1.133965015411377 -0.6835782527923584 -0.535563588142395
v -0.9621975421905518 -0.04265141487121582 -0.31378793716430664
v -1.133965015411377 -0.6835782527923584 -0.31378793716430664
v -0.9390053749084473 -0.7357608079910278 -0.24300330877304077
v -0.9390053749084473 -0.7357608079910278 -0.535563588142395
v -0.7672379016876221 -0.0948338508605957 -0.535563588142395
v -0.7672379016876221 -0.0948338508605957 -0.24300330877304077
v -0.3437381982803345 -0.20837914943695068 -0.24300330877304077
v -0.5155056118965149 -0.8493059873580933 -0.24300330877304077
v -0.5155056118965149 -0.8493059873580933 -0.535563588142395
v -0.3437381982803345 -0.20837914943695068 -0.535563588142395
v -0.73607337474823 0.8280235528945923 -0.6749585866928101
v -0.7162632942199707 0.9021903276443481 -0.6749585866928101
v -0.5551256537437439 0.8589464426040649 -0.6749585866928101
v -0.7162632942199707 0.9021903276443481 -0.0330653190612793
v -0.5551256537437439 0.8589464426040649 -0.0330653190612793
v -0.09103953838348389 0.7347713708877563 -0.6749585866928101
v -0.09103953838348389 0.7347713708877563 -0.0330653190612793
v -0.11109113693237305 0.6606045961380005 -0.0330653190612793
v -0.11109113693237305 0.6606045961380005 -0.6749585866928101
v -0.1545765995979309 0.4977759122848511 -0.6749585866928101
v -0.6186627149581909 0.6219509840011597 -0.6749585866928101
v -0.1545765995979309 0.4977759122848511 -0.0330653190612793
v -0.6186627149581909 0.6219509840011597 -0.0330653190612793
v -0.5749356746673584 0.785021185874939 -0.0330653190612793
v -0.73607337474823 0.8280235528945923 -0.0330653190612793
v -0.5749356746673584 0.785021185874939 -0.6749585866928101
v -0.8472027778625488 0.6833137273788452 0.2164926528930664
v -0.968478798866272 0.23058199882507324 0.2164926528930664
v -0.1545765995979309 0.4977759122848511 0.2164926528930664
v -0.27585262060165405 0.0450441837310791 0.2164926528930664
v -0.968478798866272 0.23058199882507324 -0.6749585866928101
v -0.27585262060165405 0.0450441837310791 -0.6749585866928101
v -0.8472027778625488 0.6833137273788452 -0.6749585866928101
v -0.1545765995979309 0.4977759122848511 -0.6749585866928101
v -0.8723276853561401 1.006555438041687 0.6153507232666016
v -0.8723276853561401 1.006555438041687 0.5324867963790894
v -0.8631474375724792 1.0041395425796509 0.6153507232666016
v -0.00962519645690918 1.0384446382522583 -0.6749585866928101
v -0.07557809352874756 0.7929936647415161 -0.6749585866928101
v -0.5780763030052185 1.1906436681747437 -0.6749585866928101
v -0.6437876224517822 0.9454342126846313 -0.6749585866928101
v -0.07557809352874756 0.7929936647415161 0.24548298120498657
v -0.6437876224517822 0.9454342126846313 0.24548298120498657
v -0.00962519645690918 1.0384446382522583 0.24548298120498657
v -0.5780763030052185 1.1906436681747437 0.24548298120498657
v -0.7974361181259155 1.249590516090393 0.5324867963790894
v -0.7974361181259155 1.249590516090393 -0.6749585866928101
v -0.8631474375724792 1.0041395425796509 -0.6749585866928101
v -0.8631474375724792 1.0041395425796509 0.5324867963790894
v -0.7974361181259155 1.249590516090393 0.6153507232666016
v -0.7882558703422546 1.3066047430038452 -0.6749585866928101
v 0.005111575126647949 1.094009280204773 -0.6749585866928101
v -0.7882558703422546 1.3066047430038452 -0.3826398253440857
v 0.005111575126647949 1.094009280204773 -0.3826398253440857
v -0.7882558703422546 1.3066047430038452 0.6254972219467163
v 0.005111575126647949 1.094009280204773 0.6254972219467163
v -0.5655138492584229 2.138384222984314 0.6254972219467163
v 0.26433300971984863 2.061318516731262 -0.6749585866928101
v -0.5292760133743286 2.2739139795303345 -0.6749585866928101
v 0.26433300971984863 2.061318516731262 -0.3826398253440857
v -0.5292760133743286 2.2739139795303345 -0.3826398253440857
v 0.2280951738357544 1.9257889986038208 0.6254972219467163
v 0.25394487380981445 2.062043309211731 -0.36838629841804504
v -0.5198541879653931 2.269323706626892 -0.36838629841804504
v -0.5551256537437439 2.137901186943054 0.6110020875930786
v 0.21867334842681885 1.930379033088684 0.6110020875930786
v 0.21819019317626953 1.9284464120864868 -0.36838629841804504
v -0.555608868598938 2.135968565940857 -0.36838629841804504
v 0.9743533134460449 -1.3964976072311401 0.6747807264328003
v 0.9743533134460449 -1.3964976072311401 -0.6749585866928101
v 0.9743533134460449 1.9668585062026978 0.6747807264328003
v 0.9743533134460449 1.9668585062026978 -0.6749585866928101
v 0.266024112701416 2.067841410636902 0.6747807264328003
v 0.266024112701416 2.067841410636902 -0.6749585866928101
v -0.662148118019104 -1.3964976072311401 0.6747807264328003
v -0.662148118019104 -1.3964976072311401 -0.6749585866928101
v 0.6622246503829956 -1.3964976072311401 -0.6749585866928101
v 0.6622246503829956 1.9668585062026978 -0.6749585866928101
v 0.6622246503829956 1.9668585062026978 0.6747807264328003
v 0.6622246503829956 -1.3964976072311401 0.6747807264328003
v 0.00003826618194580078 -1.6441229581832886 0.6747807264328003
v -0.662148118019104 -1.6441229581832886 0.6747807264328003
v -0.662148118019104 -1.6441229581832886 0.000031888484954833984
v -0.662148118019104 -1.6441229581832886 -0.6749585866928101
v 0.00003826618194580078 -1.6441229581832886 -0.6749585866928101
v 0.6622246503829956 -1.6441229581832886 -0.6749585866928101
v 0.6622246503829956 -1.6441229581832886 0.000031888484954833984
v 0.6622246503829956 -1.6441229581832886 0.6747807264328003
vt -4.5004835413919864e-8 -1.1920928955078125e-7
vt 1.0000001192092896 -1.1920928955078125e-7
vt -4.5004835413919864e-8 0.5001220107078552
vt 1.0000001192092896 1
vt -4.5004835413919864e-8 1
vt 1.0000001192092896 0.5001220107078552
vt 1.0000001192092896 1
vt -4.5004835413919864e-8 1
vt 1.0000001192092896 0.5001220107078552
vt -4.5004835413919864e-8 0.5001220107078552
vt 1.0000001192092896 -1.1920928955078125e-7
vt -4.5004835413919864e-8 -1.1920928955078125e-7
vt 0.5155067443847656 0.49670320749282837
vt 0.4581196904182434 0.5137972235679626
vt 0.5159951448440552 0.4945054054260254
vt 0.4581196904182434 0.5115994215011597
vt 0.5155067443847656 0.4923076033592224
vt 0.45787549018859863 0.5089132189750671
vt 0.3860805928707123 0.5326006412506104
vt 0.3858363926410675 0.529670238494873
vt 0.3350427448749542 0.5130646228790283
vt 0.335286945104599 0.5103784203529358
vt 0.2937728762626648 0.49694740772247314
vt 0.29401707649230957 0.49474960565567017
vt 0.3621489703655243 0.48278379440307617
vt 0.3621489703655243 0.48083019256591797
vt 0.41904762387275696 0.46910858154296875
vt 0.41904762387275696 0.4708179831504822
vt 0.41904762387275696 0.4727715849876404
vt 0.36263737082481384 0.4847373962402344
vt 0.2945054769515991 0.4991452097892761
vt 0.33577534556388855 0.5152624249458313
vt 0.38632479310035706 0.5350426435470581
vt 0.3687423765659332 0.5887667238712311
vt 0.3829059898853302 0.5836385190486908
vt 0.3621489703655243 0.5946275293827057
vt 0.3975580036640167 0.5819291174411774
vt 0.36141636967658997 0.5999999344348907
vt 0.41001221537590027 0.5824175179004669
vt 0.3638583719730377 0.6041513383388519
vt 0.4188034236431122 0.5846153199672699
vt 0.36849817633628845 0.607325941324234
vt 0.4253968298435211 0.5873015224933624
vt 0.4529914855957031 0.6046397387981415
vt 0.39926740527153015 0.6227105557918549
vt 0.42319902777671814 0.6715506017208099
vt 0.5289377570152283 0.6400487720966339
vt 0.5262515544891357 0.6229547560214996
vt 0.5211233496665955 0.5904761254787445
vt 0.5235653519630432 0.6063491404056549
vt 0.45079368352890015 0.5750915110111237
vt 0.45177048444747925 0.5894993245601654
vt 0.424420028924942 0.5716727077960968
vt 0.41807082295417786 0.5684981048107147
vt 0.4095238149166107 0.5665445029735565
vt 0.39731380343437195 0.5655677020549774
vt 0.3829059898853302 0.5672771036624908
vt 0.368986576795578 0.5726495087146759
vt 0.36263737082481384 0.5785103142261505
vt 0.3619047701358795 0.5841269195079803
vt 0.36434677243232727 0.5885225236415863
vt 0.368986576795578 0.5919413268566132
vt 0.3990232050418854 0.6078143417835236
vt 0.4224664270877838 0.6549449861049652
vt 0.3987790048122406 0.5936507284641266
vt 0.4217338263988495 0.6390719711780548
vt 0.44078147411346436 0.6339437663555145
vt 0.42124542593955994 0.6234431564807892
vt 0.44175827503204346 0.648595780134201
vt 0.4424908757209778 0.6639803946018219
vt 0.4434676766395569 0.6798534095287323
vt 0.5450549721717834 0.650793582201004
vt 0.5421245694160461 0.6341879665851593
vt 0.5394383668899536 0.6185591518878937
vt 0.5367521643638611 0.6031745374202728
vt 0.5343101620674133 0.5882783234119415
vt 0.5186813473701477 0.5750915110111237
vt 0.5318681597709656 0.5741147100925446
vt 0.44468867778778076 0.4971916079521179
vt 0.41831502318382263 0.5533576607704163
vt 0.5098901391029358 0.5186812281608582
vt 0.5247863531112671 0.5338216423988342
vt 0.4366300404071808 0.566056102514267
vt 0.4373626410961151 0.5787545144557953
vt 0.4380952715873718 0.5919413268566132
vt 0.4188034236431122 0.5665445029735565
vt 0.39731380343437195 0.5164834260940552
vt 0.42002442479133606 0.47496938705444336
vt 0.37045177817344666 0.4964590072631836
vt 0.36654457449913025 0.49206340312957764
vt 0.36434677243232727 0.48717939853668213
vt 0.41416361927986145 0.47130638360977173
vt 0.414652019739151 0.48400479555130005
vt 0.4205128252506256 0.4874235987663269
vt 0.44566547870635986 0.5091574192047119
vt 0.5120879411697388 0.5321122407913208
vt 0.5269841551780701 0.5467642545700073
vt 0.514041543006897 0.546031653881073
vt 0.5294261574745178 0.56019526720047
vt 0.5164835453033447 0.5604394674301147
vt 0.44859588146209717 0.5474968552589417
vt 0.44957268238067627 0.5609278678894043
vt 0.42393162846565247 0.5562880635261536
vt 0.42319902777671814 0.541636049747467
vt 0.4175824224948883 0.5531134605407715
vt 0.416849821805954 0.538461446762085
vt 0.40927961468696594 0.5509156584739685
vt 0.4087912142276764 0.5360194444656372
vt 0.3970696032047272 0.5499388575553894
vt 0.3968254029750824 0.5350426435470581
vt 0.3829059898853302 0.5516482591629028
vt 0.3829059898853302 0.5365078449249268
vt 0.3692307770252228 0.5570206642150879
vt 0.36947497725486755 0.5418802499771118
vt 0.3631257712841034 0.5631256997585297
vt 0.36336997151374817 0.548229455947876
vt 0.3621489703655243 0.5689865052700043
vt 0.36263737082481384 0.5540902614593506
vt 0.36459097266197205 0.5731379091739655
vt 0.3650793731212616 0.5584858655929565
vt 0.3692307770252228 0.5768009126186371
vt 0.36947497725486755 0.562393069267273
vt 0.3985348045825958 0.5797313153743744
vt 0.39829060435295105 0.5663003027439117
vt 0.4205128252506256 0.6085469424724579
vt 0.43980467319488525 0.6195359528064728
vt 0.42002442479133606 0.5941391289234161
vt 0.4390720725059509 0.6053723394870758
vt 0.41929182410240173 0.5802197158336639
vt 0.3975580036640167 0.5284492373466492
vt 0.3702075779438019 0.5086690187454224
vt 0.3663003742694855 0.5045176148414612
vt 0.3638583719730377 0.4996336102485657
vt 0.37069597840309143 0.47399258613586426
vt 0.3648351728916168 0.4932844042778015
vt 0.3650793731212616 0.48083019256591797
vt 0.4065934121608734 0.4686201810836792
vt 0.40708181262016296 0.48107439279556274
vt 0.39609280228614807 0.49279600381851196
vt 0.4075702130794525 0.4942612051963806
vt 0.4153846204280853 0.49670320749282837
vt 0.42124542593955994 0.5003662109375
vt 0.44664227962493896 0.5216116309165955
vt 0.44761908054351807 0.5343100428581238
vt 0.4224664270877838 0.5274724364280701
vt 0.4217338263988495 0.5135530233383179
vt 0.41636142134666443 0.5240536332130432
vt 0.4158730208873749 0.510134220123291
vt 0.40830281376838684 0.5216116309165955
vt 0.4078144133090973 0.5076922178268433
vt 0.3965812027454376 0.5203906297683716
vt 0.39633700251579285 0.5064712166786194
vt 0.3829059898853302 0.5218558311462402
vt 0.3829059898853302 0.507936418056488
vt 0.36971917748451233 0.5272282361984253
vt 0.3699633777141571 0.5133088231086731
vt 0.3638583719730377 0.5338216423988342
vt 0.3641025722026825 0.519902229309082
vt 0.3628815710544586 0.5399266481399536
vt 0.36336997151374817 0.5260072350502014
vt 0.36532357335090637 0.5443222522735596
vt 0.36556777358055115 0.5306470394134521
vt 0.36971917748451233 0.548229455947876
vt 0.3699633777141571 0.5345542430877686
vt 0.3980464041233063 0.5533576607704163
vt 0.3978022038936615 0.5406592488288879
vt 0.3702075779438019 0.5213674306869507
vt 0.3658119738101959 0.5174602270126343
vt 0.36361417174339294 0.5125762224197388
vt 0.36434677243232727 0.5064712166786194
vt 0.3702075779438019 0.49987781047821045
vt 0.37045177817344666 0.4866909980773926
vt 0.383150190114975 0.4686201810836792
vt 0.3958486020565033 0.46715497970581055
vt 0.3958486020565033 0.47985339164733887
vt 0.3829059898853302 0.4942612051963806
vt 0.383150190114975 0.4813185930252075
vt 0.487912118434906 0.4903540015220642
vt 0.49938952922821045 0.48717939853668213
vt 0.48766791820526123 0.4505493640899658
vt 0.5091575384140015 0.478632390499115
vt 0.5159951448440552 0.4654455780982971
vt 0.5181929469108582 0.4498167634010315
vt 0.5179487466812134 0.3675212264060974
vt 0.43687424063682556 0.41269832849502563
vt 0.4871795177459717 0.36996322870254517
vt 0.5155067443847656 0.35213661193847656
vt 0.5086691379547119 0.33919399976730347
vt 0.4986569285392761 0.33137959241867065
vt 0.4869353175163269 0.32942599058151245
vt 0.47545790672302246 0.33357739448547363
vt 0.4808303117752075 0.32844918966293335
vt 0.49255192279815674 0.33040279150009155
vt 0.5025641322135925 0.33846139907836914
vt 0.5094017386436462 0.35140401124954224
vt 0.511843740940094 0.36703282594680786
vt 0.5120879411697388 0.4495725631713867
vt 0.5098901391029358 0.46520137786865234
vt 0.5032967329025269 0.4783881902694702
vt 0.49328452348709106 0.48717939853668213
vt 0.4818071126937866 0.4903540015220642
vt 0.4703297019004822 0.48717939853668213
vt 0.47643470764160156 0.48717939853668213
vt 0.42295482754707336 0.4608057737350464
vt 0.41098901629447937 0.45006096363067627
vt 0.4029304087162018 0.4336995482444763
vt 0.4000000059604645 0.41440773010253906
vt 0.40244200825691223 0.39487171173095703
vt 0.41001221537590027 0.37777769565582275
vt 0.42197802662849426 0.3655676245689392
vt 0.4693529009819031 0.33260059356689453
vt 0.4810745120048523 0.36923062801361084
vt 0.48156291246414185 0.45030516386032104
vt 0.416849821805954 0.4605615735054016
vt 0.4046398103237152 0.4498167634010315
vt 0.3965812027454376 0.43345534801483154
vt 0.3936507999897003 0.4141635298728943
vt 0.39609280228614807 0.3943833112716675
vt 0.4039072096347809 0.3770450949668884
vt 0.4156288206577301 0.36507922410964966
vt 0.4305250346660614 0.4122099280357361
vt 0.34847375750541687 0.43028074502944946
vt 0.412454217672348 0.5555554628372192
vt 0.34554335474967957 0.432966947555542
vt 0.40927961468696594 0.5577532649040222
vt 0.3970696032047272 0.4456653594970703
vt 0.4652014970779419 0.5526250600814819
vt 0.4688645005226135 0.5506714582443237
vt 0.40024420619010925 0.44346755743026733
vt 0.4373626410961151 0.4805859923362732
vt 0.4346764385700226 0.4815627932548523
vt 0.45592188835144043 0.5140414237976074
vt 0.45885229110717773 0.5130646228790283
vt 0.30109888315200806 0.3589742183685303
vt 0.3008546829223633 0.3655676245689392
vt 0.47838830947875977 0.33333319425582886
vt 0.47667890787124634 0.339682400226593
vt 0.30207568407058716 0.3755798935890198
vt 0.4771673083305359 0.34920620918273926
vt 0.3045176863670349 0.3860805034637451
vt 0.4791209101676941 0.35921841859817505
vt 0.3074480891227722 0.3943833112716675
vt 0.48229551315307617 0.36703282594680786
vt 0.3103784918785095 0.39853471517562866
vt 0.4859585165977478 0.37094002962112427
vt 0.31208789348602295 0.3973137140274048
vt 0.4891331195831299 0.3694748282432556
vt 0.3125762939453125 0.3909645080566406
vt 0.49059832096099854 0.36312562227249146
vt 0.3113552927970886 0.38095229864120483
vt 0.49035412073135376 0.3536018133163452
vt 0.30891329050064087 0.36996322870254517
vt 0.48840051889419556 0.34334540367126465
vt 0.3057386875152588 0.361416220664978
vt 0.4849817156791687 0.33528679609298706
vt 0.30305248498916626 0.35726481676101685
vt 0.48131871223449707 0.33162379264831543
vt 0.368986576795578 0.4876677989959717
vt 0.37240538001060486 0.4683759808540344
vt 0.36068376898765564 0.4864467978477478
vt 0.3641025722026825 0.4673991799354553
vt 0.3721611797809601 0.44932836294174194
vt 0.36361417174339294 0.44835156202316284
vt 0.3680097758769989 0.43247854709625244
vt 0.359218567609787 0.43150174617767334
vt 0.36043956875801086 0.42051273584365845
vt 0.3514041602611542 0.41953593492507935
vt 0.3499389588832855 0.4151403307914734
vt 0.34065935015678406 0.4141635298728943
vt 0.3382173478603363 0.41855913400650024
vt 0.32869353890419006 0.41733813285827637
vt 0.32673993706703186 0.43052494525909424
vt 0.31697192788124084 0.42930394411087036
vt 0.3181929290294647 0.4498167634010315
vt 0.30818068981170654 0.4485957622528076
vt 0.31404152512550354 0.47325998544692993
vt 0.30402928590774536 0.4717947840690613
vt 0.3152625262737274 0.49572640657424927
vt 0.305494487285614 0.4942612051963806
vt 0.3213675320148468 0.5133088231086731
vt 0.3118436932563782 0.5118436217308044
vt 0.33089134097099304 0.5233210325241089
vt 0.3460317552089691 0.4705737829208374
vt 0.36239317059516907 0.5050060153007507
vt 0.35384616255760193 0.5035408139228821
vt 0.3369963467121124 0.4693527817726135
vt 0.3216117322444916 0.5218558311462402
vt 0.3421245515346527 0.5245420336723328
vt 0.3531135618686676 0.5179486274719238
vt 0.34456655383110046 0.5164834260940552
vt 0.3333333432674408 0.5230768322944641
vt 0.38656899333000183 0.6786324083805084
vt 0.390720397233963 0.6764346063137054
vt 0.3978022038936615 0.6744810044765472
vt 0.4007326066493988 0.6666665971279144
vt 0.40805861353874207 0.6647129952907562
vt 0.4087912142276764 0.6512819826602936
vt 0.41611722111701965 0.6498167812824249
vt 0.41416361927986145 0.6319901645183563
vt 0.4214896261692047 0.6305249631404877
vt 0.4158730208873749 0.6097679436206818
vt 0.42319902777671814 0.6085469424724579
vt 0.41416361927986145 0.5870573222637177
vt 0.4214896261692047 0.5860805213451385
vt 0.40903541445732117 0.5655677020549774
vt 0.41636142134666443 0.5648351013660431
vt 0.40122100710868835 0.5472526550292969
vt 0.40830281376838684 0.5467642545700073
vt 0.39120879769325256 0.5333332419395447
vt 0.39829060435295105 0.5330890417098999
vt 0.3799755871295929 0.5250304341316223
vt 0.3870573937892914 0.5247862339019775
vt 0.3687423765659332 0.522100031375885
vt 0.37557998299598694 0.5218558311462402
vt 0.35775336623191833 0.524297833442688
vt 0.3648351728916168 0.524297833442688
vt 0.3482295572757721 0.5316238403320312
vt 0.3550671637058258 0.5313796401023865
vt 0.3401709496974945 0.5428570508956909
vt 0.3470085561275482 0.5423686504364014
vt 0.3343101441860199 0.5572648644447327
vt 0.3411477506160736 0.5567764639854431
vt 0.33064714074134827 0.5741147100925446
vt 0.337484747171402 0.5733821094036102
vt 0.3291819393634796 0.5921855270862579
vt 0.3360195457935333 0.5914529263973236
vt 0.3304029405117035 0.6109889447689056
vt 0.3372405469417572 0.6100121438503265
vt 0.33382174372673035 0.6293039619922638
vt 0.34065935015678406 0.6283271610736847
vt 0.33968254923820496 0.6463979780673981
vt 0.34652015566825867 0.6449327766895294
vt 0.34749695658683777 0.6608057916164398
vt 0.35457876324653625 0.6593405902385712
vt 0.3641025722026825 0.6703296005725861
vt 0.3572649657726288 0.6720390021800995
vt 0.3682539761066437 0.6002441346645355
vt 0.37948718667030334 0.6805860102176666
vt 0.3750915825366974 0.6771672070026398
vt 0.3680097758769989 0.6788766086101532
vt 0.4910867214202881 0.47423678636550903
vt 0.49841272830963135 0.46520137786865234
vt 0.5040293335914612 0.4656897783279419
vt 0.5101343393325806 0.4517703652381897
vt 0.5157509446144104 0.452502965927124
vt 0.519413948059082 0.43418794870376587
vt 0.5250305533409119 0.4349205493927002
vt 0.5252747535705566 0.4139193296432495
vt 0.5308913588523865 0.4148961305618286
vt 0.5274725556373596 0.3924297094345093
vt 0.5330891609191895 0.39389491081237793
vt 0.5252747535705566 0.37216103076934814
vt 0.5308913588523865 0.3736262321472168
vt 0.5191697478294373 0.35433441400527954
vt 0.5247863531112671 0.35604381561279297
vt 0.5098901391029358 0.3406592011451721
vt 0.5155067443847656 0.34236860275268555
vt 0.4981685280799866 0.3318679928779602
vt 0.5037851333618164 0.3338215947151184
vt 0.4852259159088135 0.3286933898925781
vt 0.4908425211906433 0.33064699172973633
vt 0.4720391035079956 0.33064699172973633
vt 0.47765570878982544 0.33260059356689453
vt 0.4593406915664673 0.33748459815979004
vt 0.4649572968482971 0.33919399976730347
vt 0.4481074810028076 0.34822940826416016
vt 0.45372408628463745 0.3496946096420288
vt 0.43882787227630615 0.36214882135391235
vt 0.444444477558136 0.36336982250213623
vt 0.4317460358142853 0.3782660961151123
vt 0.4373626410961151 0.3794870972633362
vt 0.4275946319103241 0.39560431241989136
vt 0.43321123719215393 0.39658111333847046
vt 0.42612943053245544 0.4131867289543152
vt 0.4317460358142853 0.4141635298728943
vt 0.4275946319103241 0.43028074502944946
vt 0.43321123719215393 0.4310133457183838
vt 0.4317460358142853 0.44615375995635986
vt 0.4373626410961151 0.4466421604156494
vt 0.4385836720466614 0.45934057235717773
vt 0.4442002773284912 0.4598289728164673
vt 0.4481074810028076 0.4695969820022583
vt 0.45372408628463745 0.47008538246154785
vt 0.4649572968482971 0.47619038820266724
vt 0.4593406915664673 0.47594618797302246
vt 0.4720391035079956 0.4039071202278137
vt 0.48547011613845825 0.47399258613586426
vt 0.47765570878982544 0.4776555895805359
vt 0.4720391035079956 0.4774113893508911
vt 0.5137973427772522 0.43052494525909424
vt 0.44590967893600464 0.442734956741333
vt 0.5279609560966492 0.43736255168914795
vt 0.4583638906478882 0.4505493640899658
vt 0.45592188835144043 0.37191683053970337
vt 0.44273507595062256 0.36703282594680786
vt 0.5145299434661865 0.3589742183685303
vt 0.5294261574745178 0.36336982250213623
vt 0.44761908054351807 0.3506714105606079
vt 0.44200247526168823 0.3487178087234497
vt 0.5147741436958313 0.34212440252304077
vt 0.5213675498962402 0.3435896039009094
vt 0.3887667953968048 0.5308912396430969
vt 0.4234432280063629 0.5724053084850311
vt 0.3956044018268585 0.5369962453842163
vt 0.4058608114719391 0.5479852557182312
vt 0.4185592234134674 0.5621488690376282
vt 0.4317460358142853 0.5777777135372162
vt 0.44395607709884644 0.5926739275455475
vt 0.4532356858253479 0.6048839390277863
vt 0.45860809087753296 0.6126983463764191
vt 0.45860809087753296 0.6146519482135773
vt 0.4532356858253479 0.6102563440799713
vt 0.44273507595062256 0.5992673337459564
vt 0.428815633058548 0.5838827192783356
vt 0.4136752188205719 0.5663003027439117
vt 0.40048840641975403 0.5499388575553894
vt 0.39120879769325256 0.5374846458435059
vt 0.38730159401893616 0.5308912396430969
vt 0.4610500931739807 0.4695969820022583
vt 0.466178297996521 0.47692298889160156
vt 0.47545790672302246 0.48888880014419556
vt 0.48742371797561646 0.5035408139228821
vt 0.5006105303764343 0.5191696286201477
vt 0.5133089423179626 0.5333332419395447
vt 0.523809552192688 0.5448106527328491
vt 0.5306471586227417 0.5511598587036133
vt 0.5326007604598999 0.5516482591629028
vt 0.5286935567855835 0.5455432534217834
vt 0.5196581482887268 0.5335774421691895
vt 0.5064713358879089 0.5174602270126343
vt 0.49157512187957764 0.49987781047821045
vt 0.47765570878982544 0.4842489957809448
vt 0.4669108986854553 0.47301578521728516
vt 0.4612942934036255 0.46813178062438965
vt 0.47838830947875977 0.4886445999145508
vt 0.478144109249115 0.48913300037384033
vt 0.48058611154556274 0.49279600381851196
vt 0.4852259159088135 0.49890100955963135
vt 0.49157512187957764 0.5067154169082642
vt 0.4986569285392761 0.5147740244865417
vt 0.5052503347396851 0.5223442316055298
vt 0.5106227397918701 0.5282050371170044
vt 0.514041543006897 0.5313796401023865
vt 0.5147741436958313 0.5313796401023865
vt 0.5125763416290283 0.5279608368873596
vt 0.5079365372657776 0.5218558311462402
vt 0.5013431310653687 0.5137972235679626
vt 0.4940171241760254 0.5050060153007507
vt 0.4869353175163269 0.4971916079521179
vt 0.48156291246414185 0.4913308024406433
vt 0.4996337294578552 0.45323556661605835
vt 0.4940171241760254 0.44908416271209717
vt 0.4930403232574463 0.4507935643196106
vt 0.4969475269317627 0.4578753709793091
vt 0.5047619342803955 0.4686201810836792
vt 0.5150183439254761 0.48180699348449707
vt 0.5267399549484253 0.4954822063446045
vt 0.537973165512085 0.507936418056488
vt 0.547741174697876 0.5174602270126343
vt 0.5540903806686401 0.5225884318351746
vt 0.5562881827354431 0.5223442316055298
vt 0.5536019802093506 0.5164834260940552
vt 0.5460317730903625 0.5054944157600403
vt 0.5347985625267029 0.4913308024406433
vt 0.5218559503555298 0.47594618797302246
vt 0.5094017386436462 0.4625151753425598
vt 0.6004884243011475 0.385103702545166
vt 0.5892552137374878 0.37680089473724365
vt 0.5819292068481445 0.3743588328361511
vt 0.579243004322052 0.37777769565582275
vt 0.581440806388855 0.3860805034637451
vt 0.5877900123596191 0.39780211448669434
vt 0.5975580215454102 0.41147732734680176
vt 0.6090354323387146 0.4251525402069092
vt 0.6210012435913086 0.4371183514595032
vt 0.6319903135299683 0.44542115926742554
vt 0.6400489211082458 0.44932836294174194
vt 0.6439561247825623 0.44737476110458374
vt 0.6429793238639832 0.4400487542152405
vt 0.6368743181228638 0.4280829429626465
vt 0.6266179084777832 0.4129425287246704
vt 0.6136752367019653 0.39780211448669434
vt 0.612942636013031 0.4021977186203003
vt 0.6036630272865295 0.3931623101234436
vt 0.595604419708252 0.387301504611969
vt 0.5902320146560669 0.3853479027748108
vt 0.5882784128189087 0.38754570484161377
vt 0.5897436141967773 0.3934065103530884
vt 0.5943834185600281 0.4019535183906555
vt 0.6012210249900818 0.41172152757644653
vt 0.6097680330276489 0.42148953676223755
vt 0.6183150410652161 0.4300365447998047
vt 0.6261295080184937 0.4361415505409241
vt 0.6317461133003235 0.4388277530670166
vt 0.634432315826416 0.43736255168914795
vt 0.6336997151374817 0.4319901466369629
vt 0.6293041110038757 0.423198938369751
vt 0.6219780445098877 0.41269832849502563
vt 0.6752137541770935 0.3792428970336914
vt 0.6549451351165771 0.3557996153831482
vt 0.6341881155967712 0.33650779724121094
vt 0.6161172389984131 0.32527458667755127
vt 0.6041514277458191 0.3230767846107483
vt 0.5992674231529236 0.3296701908111572
vt 0.6019536256790161 0.34334540367126465
vt 0.6109890341758728 0.3616604208946228
vt 0.6251526474952698 0.3821732997894287
vt 0.642002522945404 0.4021977186203003
vt 0.6600733399391174 0.41929173469543457
vt 0.6771673560142517 0.43150174617767334
vt 0.6905983686447144 0.4368741512298584
vt 0.6984127759933472 0.4336995482444763
vt 0.6984127759933472 0.4219779372215271
vt 0.6903541684150696 0.4029303193092346
vt 0.699633777141571 0.39487171173095703
vt 0.684493362903595 0.3714284300804138
vt 0.6644689440727234 0.3477410078048706
vt 0.6434677243232727 0.3286933898925781
vt 0.6251526474952698 0.31746017932891846
vt 0.612942636013031 0.31550657749176025
vt 0.6078144311904907 0.32234418392181396
vt 0.6102564334869385 0.33626359701156616
vt 0.6192918419837952 0.3548228144645691
vt 0.6329671144485474 0.375335693359375
vt 0.6500611305236816 0.3953601121902466
vt 0.6683761477470398 0.41245412826538086
vt 0.6854701638221741 0.42466413974761963
vt 0.6991453766822815 0.42954814434051514
vt 0.7069597840309143 0.4261293411254883
vt 0.7074481844902039 0.4141635298728943
vt 0.42100122570991516 0.5472526550292969
vt 0.42417582869529724 0.5494504570960999
vt 0.34163615107536316 0.6681317985057831
vt 0.3443223536014557 0.6710622012615204
vt 0.3938950002193451 0.6654455959796906
vt 0.47252750396728516 0.562393069267273
vt 0.4691087007522583 0.5604394674301147
vt 0.3909645974636078 0.6630035936832428
vt 0.43418803811073303 0.6307691633701324
vt 0.4583638906478882 0.5995115339756012
vt 0.45567768812179565 0.5985347330570221
vt 0.4315018355846405 0.6295481622219086
vt 0.47277170419692993 0.54383385181427
vt 0.4344322383403778 0.5772893130779266
vt 0.47155070304870605 0.5548228621482849
vt 0.4652014970779419 0.5687423050403595
vt 0.454212486743927 0.5838827192783356
vt 0.4405372738838196 0.5978021323680878
vt 0.42588523030281067 0.6090353429317474
vt 0.4117216169834137 0.6161171495914459
vt 0.4007326066493988 0.6173381507396698
vt 0.39438340067863464 0.6124541461467743
vt 0.39413920044898987 0.601953536272049
vt 0.40048840641975403 0.5870573222637177
vt 0.412454217672348 0.5702075064182281
vt 0.42783883213996887 0.5545786619186401
vt 0.44395607709884644 0.5431012511253357
vt 0.4583638906478882 0.5369962453842163
vt 0.468376100063324 0.5374846458435059
vt 0.5323565602302551 0.5987789332866669
vt 0.5355311632156372 0.6039071381092072
vt 0.5330891609191895 0.6144077479839325
vt 0.5255189538002014 0.6283271610736847
vt 0.5137973427772522 0.6439559757709503
vt 0.4996337294578552 0.6590963900089264
vt 0.4847375154495239 0.6717948019504547
vt 0.4713065028190613 0.6803418099880219
vt 0.46080589294433594 0.6832722127437592
vt 0.45567768812179565 0.6798534095287323
vt 0.45665448904037476 0.6698412001132965
vt 0.4642246961593628 0.6549449861049652
vt 0.4771673083305359 0.6376067698001862
vt 0.49328452348709106 0.6207569539546967
vt 0.5094017386436462 0.607325941324234
vt 0.5233211517333984 0.599755734205246
vt 0.5150183439254761 0.619291752576828
vt 0.5167277455329895 0.6217337548732758
vt 0.5157509446144104 0.6271061599254608
vt 0.511843740940094 0.6344321668148041
vt 0.5057387351989746 0.6424907743930817
vt 0.4981685280799866 0.6505493819713593
vt 0.49035412073135376 0.6571427881717682
vt 0.48351651430130005 0.6612941920757294
vt 0.47838830947875977 0.6625151932239532
vt 0.475946307182312 0.660561591386795
vt 0.47667890787124634 0.6554333865642548
vt 0.48058611154556274 0.6478631794452667
vt 0.4869353175163269 0.6393161714076996
vt 0.4949939250946045 0.6307691633701324
vt 0.5030525326728821 0.6241757571697235
vt 0.5101343393325806 0.6200243532657623
vt 0.5543345808982849 0.6295481622219086
vt 0.5570207834243774 0.6336995661258698
vt 0.5543345808982849 0.6424907743930817
vt 0.5472527742385864 0.6549449861049652
vt 0.5365079641342163 0.6688643991947174
vt 0.5240537524223328 0.6825396120548248
vt 0.5108669400215149 0.6942612528800964
vt 0.4991453289985657 0.702319860458374
vt 0.49059832096099854 0.7054944634437561
vt 0.48644691705703735 0.7028082609176636
vt 0.487912118434906 0.6942612528800964
vt 0.4949939250946045 0.681318610906601
vt 0.5067155361175537 0.6659339964389801
vt 0.5208791494369507 0.650793582201004
vt 0.5350427627563477 0.6385835707187653
vt 0.5467643737792969 0.6310133635997772
vt 0.6454213261604309 0.7172160744667053
vt 0.6461539268493652 0.7196580767631531
vt 0.6415141224861145 0.7277166843414307
vt 0.6329671144485474 0.7399266958236694
vt 0.6212454438209534 0.7543345093727112
vt 0.6080586314201355 0.7694749236106873
vt 0.5951160192489624 0.7831501513719559
vt 0.5841270089149475 0.7936507612466812
vt 0.5768010020256042 0.7990231662988663
vt 0.5743589997291565 0.798290565609932
vt 0.5777778029441833 0.7912087589502335
vt 0.5865690112113953 0.778510332107544
vt 0.5997558236122131 0.7623931169509888
vt 0.6144078373908997 0.7452991008758545
vt 0.6285715103149414 0.7308912873268127
vt 0.6393163204193115 0.720879077911377
vt 0.6356533169746399 0.7289376854896545
vt 0.6361417174339294 0.7304028868675232
vt 0.6332113146781921 0.736019492149353
vt 0.626862108707428 0.7448107004165649
vt 0.6183150410652161 0.7553113102912903
vt 0.6087912321090698 0.7663003206253052
vt 0.5995116233825684 0.776312530040741
vt 0.5916972160339355 0.7836385518312454
vt 0.5865690112113953 0.787301555275917
vt 0.5851038098335266 0.7865689545869827
vt 0.5875458121299744 0.7814407497644424
vt 0.5938950181007385 0.7724053263664246
vt 0.60317462682724 0.7609279155731201
vt 0.6134310364723206 0.7492063045501709
vt 0.6234432458877563 0.7389498949050903
vt 0.6310135126113892 0.7318680882453918
vt 0.7064713835716248 0.7372404932975769
vt 0.7054945826530457 0.740415096282959
vt 0.6969475746154785 0.7518925070762634
vt 0.6827839612960815 0.7699633240699768
vt 0.6647131443023682 0.791697159409523
vt 0.6451771259307861 0.8148961812257767
vt 0.6261295080184937 0.8368742018938065
vt 0.6100122332572937 0.8544566333293915
vt 0.5995116233825684 0.8652014434337616
vt 0.596581220626831 0.8664224445819855
vt 0.6026862263679504 0.857142835855484
vt 0.6175824403762817 0.8380952030420303
vt 0.638827919960022 0.8122099786996841
vt 0.6625153422355652 0.7846153527498245
vt 0.6837607622146606 0.7604395151138306
vt 0.6991453766822815 0.7438338994979858
vt 0.7172161936759949 0.7472527027130127
vt 0.7157509922981262 0.7499389052391052
vt 0.7069597840309143 0.7614163160324097
vt 0.6925519704818726 0.7792429327964783
vt 0.6742369532585144 0.8012209683656693
vt 0.6544567346572876 0.8246641904115677
vt 0.6354091167449951 0.8468864262104034
vt 0.6195360422134399 0.8649572432041168
vt 0.6092796325683594 0.8761904537677765
vt 0.6068376302719116 0.8778998553752899
vt 0.6134310364723206 0.869108647108078
vt 0.6285715103149414 0.8500610291957855
vt 0.6500611305236816 0.8239315897226334
vt 0.6737485527992249 0.7958485633134842
vt 0.6949939727783203 0.7711843252182007
vt 0.7101343870162964 0.7543345093727112
vt 0.5677655935287476 0.37680089473724365
vt 0.5511599779129028 0.4744809865951538
vt 0.5267399549484253 0.36996322870254517
vt 0.5111111402511597 0.47399258613586426
vt 0.2539682388305664 0.6495725810527802
vt 0.25347983837127686 0.6525029838085175
vt 0.6087912321090698 0.5304028391838074
vt 0.6051282286643982 0.534065842628479
vt 0.2549450397491455 0.6620267927646637
vt 0.6043956279754639 0.5433454513549805
vt 0.25836384296417236 0.6754578053951263
vt 0.6068376302719116 0.5555554628372192
vt 0.26251524686813354 0.6893772482872009
vt 0.6117216348648071 0.5677655041217804
vt 0.2666666507720947 0.700122058391571
vt 0.6178266406059265 0.5765567123889923
vt 0.26935285329818726 0.7052502632141113
vt 0.6234432458877563 0.5799755156040192
vt 0.27032965421676636 0.7025640606880188
vt 0.6273505091667175 0.5765567123889923
vt 0.26862025260925293 0.6932844519615173
vt 0.6283273100852966 0.5672771036624908
vt 0.2652014493942261 0.6793650090694427
vt 0.6256411075592041 0.5548228621482849
vt 0.2608058452606201 0.664957195520401
vt 0.6207570433616638 0.5421244502067566
vt 0.25665444135665894 0.6539681851863861
vt 0.6144078373908997 0.5333332419395447
vt 0.6849817633628845 0.5052502155303955
vt 0.6901099681854248 0.5042734146118164
vt 0.15824174880981445 0.5863247215747833
vt 0.1616605520248413 0.585592120885849
vt 0.6957265734672546 0.5098900198936462
vt 0.16532355546951294 0.5924297273159027
vt 0.6998779773712158 0.5208790302276611
vt 0.16849815845489502 0.6048839390277863
vt 0.701831579208374 0.5343100428581238
vt 0.17045176029205322 0.6197801530361176
vt 0.7008547782897949 0.5462758541107178
vt 0.17045176029205322 0.6329669654369354
vt 0.6974359750747681 0.553601861000061
vt 0.16849815845489502 0.6407813727855682
vt 0.692063570022583 0.5543344616889954
vt 0.16532355546951294 0.6412697732448578
vt 0.686691164970398 0.5484736561775208
vt 0.16141635179519653 0.6344321668148041
vt 0.6825397610664368 0.5374846458435059
vt 0.15824174880981445 0.6219779551029205
vt 0.6805861592292786 0.5245420336723328
vt 0.15653234720230103 0.607325941324234
vt 0.6815629601478577 0.5125762224197388
vt 0.15653234720230103 0.5943833291530609
vt 0.305494487285614 0.5003662109375
vt 0.305494487285614 0.4385835528373718
vt 0.33162394165992737 0.42832714319229126
vt 0.3074480891227722 0.42661774158477783
vt 0.31306472420692444 0.41465193033218384
vt 0.3213675320148468 0.4051281213760376
vt 0.3311355412006378 0.39877891540527344
vt 0.3413919508457184 0.39682531356811523
vt 0.39340659976005554 0.39682531356811523
vt 0.34676435589790344 0.3999999165534973
vt 0.3365079462528229 0.4019535183906555
vt 0.32673993706703186 0.4080585241317749
vt 0.3184371292591095 0.4178265333175659
vt 0.31306472420692444 0.42954814434051514
vt 0.31111109256744385 0.44151395559310913
vt 0.3113552927970886 0.5028082132339478
vt 0.3133089244365692 0.5140414237976074
vt 0.307692289352417 0.5118436217308044
vt 0.3191697299480438 0.5225884318351746
vt 0.313553124666214 0.5201464295387268
vt 0.3282051384449005 0.526495635509491
vt 0.3223443329334259 0.524297833442688
vt 0.33870574831962585 0.5255188345909119
vt 0.333089143037796 0.5230768322944641
vt 0.33260074257850647 0.490598201751709
vt 0.38046398758888245 0.4407813549041748
vt 0.40634921193122864 0.40073251724243164
vt 0.4153846204280853 0.4109889268875122
vt 0.4195360243320465 0.4261293411254883
vt 0.41733822226524353 0.4437117576599121
vt 0.4095238149166107 0.46104997396469116
vt 0.4224664270877838 0.4466421604156494
vt 0.424420028924942 0.42930394411087036
vt 0.4205128252506256 0.4141635298728943
vt 0.41123321652412415 0.4041513204574585
vt 0.3985348045825958 0.4002441167831421
vt 0.3372405469417572 0.43125754594802856
vt 0.3382173478603363 0.4932844042778015
vt 0.34945055842399597 0.5194138288497925
vt 0.34383395314216614 0.5169718265533447
vt 0.3970696032047272 0.47521358728408813
vt 0.414652019739151 0.46398037672042847
vt 0.38559219241142273 0.4437117576599121
vt 0.40219780802726746 0.47789978981018066
vt 0.4046398103237152 0.5418802499771118
vt 0.3841269910335541 0.531868040561676
vt 0.45763128995895386 0.5091574192047119
vt 0.4380952715873718 0.41831493377685547
vt 0.47765570878982544 0.4019535183906555
vt 0.46080589294433594 0.3870573043823242
vt 0.47472530603408813 0.4407813549041748
vt 0.49255192279815674 0.4549449682235718
vt 0.48229551315307617 0.4693527817726135
vt 0.5003663301467896 0.48278379440307617
vt 0.4383394718170166 0.4971916079521179
vt 0.380952388048172 0.5032966136932373
vt 0.4009768068790436 0.5137972235679626
vt 0.4205128252506256 0.40463972091674805
vt 0.4327228367328644 0.468864381313324
vt 0.567277193069458 0.581196516752243
vt 0.3621489703655243 0.581196516752243
vt 0.5721611976623535 0.5487178564071655
vt 0.3609279692173004 0.5487178564071655
vt 0.4957265257835388 0.45323556661605835
vt 0.4481074810028076 0.45323556661605835
vt 0.4534798860549927 0.4488399624824524
vt 0.4908425211906433 0.4488399624824524
vt 0.45958489179611206 0.44615375995635986
vt 0.4852259159088135 0.44615375995635986
vt 0.47667890787124634 0.44444435834884644
vt 0.468376100063324 0.44444435834884644
vt 0.46959710121154785 0.4654455780982971
vt 0.4610500931739807 0.46715497970581055
vt 0.4551892876625061 0.4698411822319031
vt 0.4500610828399658 0.47423678636550903
vt 0.36654457449913025 0.5697191059589386
vt 0.3682539761066437 0.601953536272049
vt 0.5643467903137207 0.601953536272049
vt 0.5692307949066162 0.5697191059589386
vt 0.4959707260131836 0.47423678636550903
vt 0.4910867214202881 0.4698411822319031
vt 0.485714316368103 0.46715497970581055
vt 0.47741150856018066 0.4654455780982971
vt 0.4087912142276764 0.30573856830596924
vt 0.39731380343437195 0.41050052642822266
vt 0.3350427448749542 0.2949937582015991
vt 0.3264957368373871 0.40879112482070923
vt 0.33772894740104675 0.26275932788848877
vt 0.26056164503097534 0.24517691135406494
vt 0.25958484411239624 0.2732599377632141
vt 0.25543344020843506 0.37313783168792725
vt 0.32210013270378113 0.3770450949668884
vt 0.32893773913383484 0.28400474786758423
vt 0.33089134097099304 0.25787532329559326
vt 0.41196581721305847 0.2761903405189514
vt 0.3509157598018646 0.45811957120895386
vt 0.357020765542984 0.3931623101234436
vt 0.3760683834552765 0.4566543698310852
vt 0.44688647985458374 0.3953601121902466
vt 0.4383394718170166 0.4529913663864136
vt 0.3829059898853302 0.39389491081237793
vt 0.29328447580337524 0.36336982250213623
vt 0.2898656725883484 0.4212453365325928
vt 0.31379732489585876 0.421001136302948
vt 0.3738705813884735 0.42051273584365845
vt 0.37948718667030334 0.36825382709503174
vt 0.38730159401893616 0.2932843565940857
vt 0.4590964913368225 0.3118435740470886
vt 0.392918199300766 0.3023197650909424
vt 0.32380953431129456 0.2835163474082947
vt 0.31794872879981995 0.3648350238800049
vt 0.4144078195095062 0.585592120885849
vt 0.44371187686920166 0.4300365447998047
vt 0.45054948329925537 0.578021913766861
vt 0.47960931062698364 0.430769145488739
vt 0.45592188835144043 0.41953593492507935
vt 0.40830281376838684 0.4178265333175659
vt 0.38144078850746155 0.5687423050403595
vt 0.428815633058548 0.5606836676597595
vt 0.3648351728916168 0.5301586389541626
vt 0.3877899944782257 0.39682531356811523
vt 0.33870574831962585 0.39365071058273315
vt 0.3164835274219513 0.5357752442359924
vt 0.36947497725486755 0.5389498472213745
vt 0.36752137541770935 0.5548228621482849
vt 0.35262516140937805 0.5428570508956909
vt 0.48253971338272095 0.5462758541107178
vt 0.4652014970779419 0.5357752442359924
vt 0.31501832604408264 0.5130646228790283
vt 0.4214896261692047 0.5094016194343567
vt 0.42319902777671814 0.49694740772247314
vt 0.3162393271923065 0.4991452097892761
vt 0.3191697299480438 0.46813178062438965
vt 0.3579975664615631 0.4935286045074463
vt 0.42686203122138977 0.468864381313324
vt 0.47179490327835083 0.49181920289993286
vt 0.4671550989151001 0.5223442316055298
vt 0.4847375154495239 0.5321122407913208
vt 0.3543345630168915 0.5277166366577148
vt 0.5775336027145386 0.5494504570960999
vt 0.6026862263679504 0.42539674043655396
vt 0.4600732922554016 0.4705737829208374
vt 0.4761905074119568 0.3577532172203064
vt 0.36947497725486755 0.45543336868286133
vt 0.2539682388305664 0.37118422985076904
vt 0.35482296347618103 0.601953536272049
vt 0.24761904776096344 0.502564013004303
vt 0.5995116233825684 0.5443222522735596
vt 0.5873016119003296 0.5455432534217834
vt 0.5982906222343445 0.5435896515846252
vt 0.281562864780426 0.5538460612297058
vt 0.28644686937332153 0.5040292143821716
vt 0.3323565423488617 0.6031745374202728
vt 0.33870574831962585 0.5472526550292969
vt 0.44957268238067627 0.49694740772247314
vt 0.5128205418586731 0.5330890417098999
vt 0.4432234764099121 0.5404150485992432
vt 0.5047619342803955 0.5809523165225983
vt 0.577045202255249 0.5924297273159027
vt 0.35579976439476013 0.6258851587772369
vt 0.3628815710544586 0.5672771036624908
vt 0.5860806107521057 0.5448106527328491
vt 0.589011013507843 0.5904761254787445
vt 0.35848596692085266 0.6109889447689056
vt 0.2808302640914917 0.5267398357391357
vt 0.4217338263988495 0.597557932138443
vt 0.3382173478603363 0.5191696286201477
vt 0.595604419708252 0.5604394674301147
vt 0.5006105303764343 0.49768000841140747
vt 0.5655677914619446 0.7057386636734009
vt 0.26642245054244995 0.7057386636734009
vt 0.3350427448749542 0.8141635805368423
vt 0.3203907310962677 0.6908424496650696
vt 0.3946276009082794 0.7914529591798782
vt 0.4791209101676941 0.6283271610736847
vt 0.32380953431129456 0.6908424496650696
vt 0.39633700251579285 0.7885225564241409
vt 0.5621489882469177 0.7057386636734009
vt 0.478144109249115 0.6297923624515533
vt 0.3262515366077423 0.6686201989650726
vt 0.4000000059604645 0.7636141180992126
vt 0.35555556416511536 0.2952379584312439
vt 0.48937731981277466 0.1504272222518921
vt 0.2439560443162918 0.8056165724992752
vt 0.4620268940925598 0.6884004473686218
vt 0.38754579424858093 0.8693528473377228
vt 0.620512843132019 0.7816849499940872
vt 0.5343101620674133 0.41636133193969727
vt 0.6720391511917114 0.31037837266921997
vt 0.529181957244873 0.18534785509109497
vt 0.5362637639045715 0.7191696763038635
vt 0.31208789348602295 0.8241757899522781
vt 0.3936507999897003 0.3211231827735901
vt 0.46959710121154785 0.3460316061973572
vt 0.5338217616081238 0.3909645080566406
vt 0.5963370203971863 0.34139180183410645
vt 0.6671551465988159 0.2852257490158081
vt 0.6024420261383057 0.22710609436035156
vt 0.5289377570152283 0.1611720323562622
vt 0.45885229110717773 0.23321110010147095
vt 0.3978022038936615 0.29572635889053345
vn 0.705014741823042 0.10029496021960943 0.7020649078017905
vn 0 0.06887370928268421 0.9976253866906376
vn 0.7057216456911114 0 0.7084892086708376
vn 0 -0.13678672172886253 0.9906005212792242
vn 0.6955418534807911 -0.19166044900126938 0.692450577546974
vn 0 0 1
vn -0.6955418534807911 -0.19166044900126938 0.692450577546974
vn 0 -0.13678672172886253 0.9906005212792242
vn -0.7057216456911114 0 0.7084892086708376
vn 0 0 1
vn -0.705014741823042 0.10029496021960943 0.7020649078017905
vn 0 0.06887370928268421 0.9976253866906376
vn -0.705014741823042 0.10029496021960943 0.7020649078017905
vn -0.9977759312839842 0.06665726479820543 0
vn -0.7057216456911114 0 0.7084892086708376
vn -1 0 0
vn -0.6955418534807911 -0.19166044900126938 0.692450577546974
vn -0.9909370537054107 -0.13432704714107338 0
vn -0.7057216456911114 0 -0.7084892086708376
vn -0.6955418534807911 -0.19166044900126938 -0.692450577546974
vn 0 0 -1
vn 0 -0.13678672172886253 -0.9906005212792242
vn 0.7057216456911114 0 -0.7084892086708376
vn 0.6955418534807911 -0.19166044900126938 -0.692450577546974
vn 1 0 0
vn 0.9909370537054107 -0.13432704714107338 0
vn 0.6955418534807911 -0.19166044900126938 0.692450577546974
vn 0.7057216456911114 0 0.7084892086708376
vn 0.705014741823042 0.10029496021960943 0.7020649078017905
vn 0.9977759312839842 0.06665726479820543 0
vn 0.705014741823042 0.10029496021960943 -0.7020649078017905
vn 0 0.06887370928268421 -0.9976253866906376
vn -0.705014741823042 0.10029496021960943 -0.7020649078017905
vn -0.5364163952176245 0.8271001923910241 -0.1678175279536086
vn -0.5364163952176245 0.8271001923910241 0.1678175279536086
vn -0.4030726835614529 0.7996963233952118 -0.44499236186113317
vn -0.4030725645070985 0.7996963833072469 0.4449923620321811
vn -0.21804306231395743 0.7538062444803911 -0.6198656054009775
vn -0.21804306231395743 0.7538062444803911 0.6198656054009775
vn -0.02248664397170052 0.7083320055018196 -0.7055211696502522
vn -0.02248664397170052 0.7083320055018196 0.7055211696502522
vn 0.12559499546690855 0.6818009782157819 -0.7206756019303485
vn 0.12559499546690855 0.6818009782157819 0.7206756019303485
vn -0.011140981523700542 0.743663359569128 0.6684614320699784
vn -0.01114106675737069 0.743663332225777 -0.6684614610688949
vn 0.005556713631162153 0.7057053240769668 -0.7084836755374428
vn 0.005556713631162153 0.7057053240769668 0.7084836755374428
vn -0.17146789990928074 0.0446285865245971 0.9841783621709622
vn -0.17146789990928074 0.0446285865245971 0.9841783621709622
vn -0.17146789990928074 0.0446285865245971 0.9841783621709622
vn -0.2269529173697293 0.061672085597169954 0.9719510929853745
vn -0.2269529173697293 0.061672085597169954 0.9719510929853745
vn -0.07244526779143656 0.019176749890745137 0.9971880140867392
vn -0.2699823366355283 0.07131615246339262 0.9602205706516802
vn -0.5278398812605057 0.14154365181371803 0.8374666885208821
vn -0.7755673695771111 0.20702390720418312 0.5963525443000595
vn -0.9410750392226143 0.2526190153753152 0.22485863030571326
vn -0.9410750392226143 0.2526190153753152 -0.22485863030571326
vn -0.7755673695771111 0.20702390720418312 -0.5963525443000595
vn -0.5278398812605057 0.14154365181371803 -0.8374666885208821
vn -0.2699823366355283 0.07131615246339262 -0.9602205706516802
vn -0.0724453345852989 0.01917668462898708 -0.9971880104892279
vn -0.22695300134743637 0.061672010263901476 -0.971951078156406
vn -0.17146789990928074 0.0446285865245971 -0.9841783621709622
vn -0.22695300134743637 0.061672010263901476 -0.971951078156406
vn -0.17146789990928074 0.0446285865245971 -0.9841783621709622
vn 0 0 -1
vn -0.17146789990928074 0.0446285865245971 -0.9841783621709622
vn 0 0 -1
vn 0 0 -1
vn 0.1815040566592014 0.682947638666611 -0.7075583369984088
vn 0.1815041501425669 0.6829476575408002 0.707558294800194
vn 0 0 1
vn 0 0 1
vn 0 0 1
vn 0 0 1
vn -0.17146789990928074 0.0446285865245971 0.9841783621709622
vn 0 0 1
vn -0.3362191275771487 -0.6724382551542974 0.6593811426301975
vn -0.31723182459751553 -0.6150413570573481 -0.7218643214424626
vn -0.31723182459751553 -0.6150413570573481 0.7218643214424626
vn -0.1815040566592014 -0.682947638666611 0.7075583369984088
vn -0.1815040566592014 -0.682947638666611 -0.7075583369984088
vn 0 0 -1
vn 0 0 -1
vn -0.17146789990928074 0.0446285865245971 -0.9841783621709622
vn -0.3362191275771487 -0.6724382551542974 -0.6593811426301975
vn -0.2326389293645019 -0.653903811473352 0.7199228666216688
vn -0.2326389293645019 -0.653903811473352 -0.7199228666216688
vn -0.3752741514977161 -0.6024138447995633 -0.7044621145324117
vn -0.5652125998416744 -0.5449055339147633 -0.6193647359103374
vn -0.37527404773231693 -0.602413940959757 0.7044620875788398
vn -0.2699823366355283 0.07131615246339262 0.9602205706516802
vn -0.07244526779143656 0.019176749890745137 0.9971880140867392
vn -0.17146789990928074 0.0446285865245971 0.9841783621709622
vn -0.17146789990928074 0.0446285865245971 0.9841783621709622
vn 0 0 1
vn -0.17146789990928074 0.0446285865245971 0.9841783621709622
vn 0 0 1
vn -0.17146789990928074 0.0446285865245971 0.9841783621709622
vn -0.2269529173697293 0.061672085597169954 0.9719510929853745
vn -0.2269529173697293 0.061672085597169954 0.9719510929853745
vn -0.07244526779143656 0.019176749890745137 0.9971880140867392
vn -0.07244526779143656 0.019176749890745137 0.9971880140867392
vn -0.2699823366355283 0.07131615246339262 0.9602205706516802
vn -0.2699823366355283 0.07131615246339262 0.9602205706516802
vn -0.5278398812605057 0.14154365181371803 0.8374666885208821
vn -0.5278398812605057 0.14154365181371803 0.8374666885208821
vn -0.7755673695771111 0.20702390720418312 0.5963525443000595
vn -0.7755673695771111 0.20702390720418312 0.5963525443000595
vn -0.9410750392226143 0.2526190153753152 0.22485863030571326
vn -0.9410750392226143 0.2526190153753152 0.22485863030571326
vn -0.9410750392226143 0.2526190153753152 -0.22485863030571326
vn -0.9410750392226143 0.2526190153753152 -0.22485863030571326
vn -0.7755673695771111 0.20702390720418312 -0.5963525443000595
vn -0.7755673695771111 0.20702390720418312 -0.5963525443000595
vn -0.5278398812605057 0.14154365181371803 -0.8374666885208821
vn -0.5278398812605057 0.14154365181371803 -0.8374666885208821
vn -0.2699823366355283 0.07131615246339262 -0.9602205706516802
vn -0.2699823366355283 0.07131615246339262 -0.9602205706516802
vn -0.0724453345852989 0.01917668462898708 -0.9971880104892279
vn -0.0724453345852989 0.01917668462898708 -0.9971880104892279
vn -0.22695300134743637 0.061672010263901476 -0.971951078156406
vn -0.22695300134743637 0.061672010263901476 -0.971951078156406
vn -0.17146789990928074 0.0446285865245971 -0.9841783621709622
vn 0 0 -1
vn -0.17146789990928074 0.0446285865245971 -0.9841783621709622
vn 0 0 -1
vn -0.17146789990928074 0.0446285865245971 -0.9841783621709622
vn -0.17146789990928074 0.0446285865245971 -0.9841783621709622
vn -0.0724453345852989 0.01917668462898708 -0.9971880104892279
vn -0.2699823366355283 0.07131615246339262 -0.9602205706516802
vn -0.5278398812605057 0.14154365181371803 -0.8374666885208821
vn -0.8779101057836 -0.44773410149755044 -0.16972925652111276
vn -0.7755673695771111 0.20702390720418312 -0.5963525443000595
vn -0.7485799709744397 -0.4913585729747295 -0.445190722971789
vn -0.5652125998416744 -0.5449055339147633 0.6193647359103374
vn -0.5278398812605057 0.14154365181371803 0.8374666885208821
vn -0.7755673695771111 0.20702390720418312 0.5963525443000595
vn -0.5278398812605057 0.14154365181371803 0.8374666885208821
vn -0.2699823366355283 0.07131615246339262 0.9602205706516802
vn -0.07244526779143656 0.019176749890745137 0.9971880140867392
vn -0.2269529173697293 0.061672085597169954 0.9719510929853745
vn -0.2269529173697293 0.061672085597169954 0.9719510929853745
vn -0.07244526779143656 0.019176749890745137 0.9971880140867392
vn -0.07244526779143656 0.019176749890745137 0.9971880140867392
vn -0.2699823366355283 0.07131615246339262 0.9602205706516802
vn -0.2699823366355283 0.07131615246339262 0.9602205706516802
vn -0.5278398812605057 0.14154365181371803 0.8374666885208821
vn -0.5278398812605057 0.14154365181371803 0.8374666885208821
vn -0.7755673695771111 0.20702390720418312 0.5963525443000595
vn -0.7755673695771111 0.20702390720418312 0.5963525443000595
vn -0.9410750392226143 0.2526190153753152 0.22485863030571326
vn -0.9410750392226143 0.2526190153753152 0.22485863030571326
vn -0.9410750392226143 0.2526190153753152 -0.22485863030571326
vn -0.9410750392226143 0.2526190153753152 -0.22485863030571326
vn -0.7755673695771111 0.20702390720418312 -0.5963525443000595
vn -0.7755673695771111 0.20702390720418312 -0.5963525443000595
vn -0.5278398812605057 0.14154365181371803 -0.8374666885208821
vn -0.5278398812605057 0.14154365181371803 -0.8374666885208821
vn -0.2699823366355283 0.07131615246339262 -0.9602205706516802
vn -0.2699823366355283 0.07131615246339262 -0.9602205706516802
vn -0.0724453345852989 0.01917668462898708 -0.9971880104892279
vn -0.0724453345852989 0.01917668462898708 -0.9971880104892279
vn -0.22695300134743637 0.061672010263901476 -0.971951078156406
vn -0.22695300134743637 0.061672010263901476 -0.971951078156406
vn -0.0724453345852989 0.01917668462898708 -0.9971880104892279
vn -0.2699823366355283 0.07131615246339262 -0.9602205706516802
vn -0.5278398812605057 0.14154365181371803 -0.8374666885208821
vn -0.7755673695771111 0.20702390720418312 -0.5963525443000595
vn -0.9410750392226143 0.2526190153753152 -0.22485863030571326
vn -0.9410750392226143 0.2526190153753152 -0.22485863030571326
vn -0.8779100433087952 -0.44773421983910583 0.1697292674897785
vn -0.7485799709744397 -0.4913585729747295 0.445190722971789
vn -0.7755673695771111 0.20702390720418312 0.5963525443000595
vn -0.9410750392226143 0.2526190153753152 0.22485863030571326
vn -0.9410750392226143 0.2526190153753152 0.22485863030571326
vn -0.6659059538384754 0.746035696627494 0
vn -0.6646540062689843 0.6903412235861863 -0.2857692197702828
vn -1 0 0
vn -0.6667421720502726 0.5286795107334186 -0.5253121461953433
vn -0.6646539626284473 0.2857691372271128 -0.6903412997719128
vn -0.6876211507844665 0.07253387301833057 -0.7224375338109217
vn -0.6876212414254722 -0.07253387629220809 -0.7224374472094583
vn -1 0 0
vn -1 0 0
vn -0.6646540838730118 -0.28576913810218224 -0.690341182676554
vn -0.6667421720502726 -0.5286795107334186 -0.5253121461953433
vn -0.6646540838730118 -0.690341182676554 -0.28576913810218224
vn -0.6659059538384754 -0.746035696627494 0
vn -0.6883762317793329 -0.6976786100679915 0.19845080139642007
vn 0.6659059538384754 -0.746035696627494 0
vn 0.6646540838730118 -0.690341182676554 -0.28576913810218224
vn 0.6667421720502726 -0.5286795107334186 -0.5253121461953433
vn 0.6646540838730118 -0.28576913810218224 -0.690341182676554
vn 0.6876212414254722 -0.07253387629220809 -0.7224374472094583
vn 0.6876212073568213 0.0725339621054325 -0.7224374710204579
vn 0.6646540003444613 0.28576924285015215 -0.690341219736266
vn 0.6667421720502726 0.5286795107334186 -0.5253121461953433
vn 0.6646541718441694 0.6903410929300571 -0.2857691502984106
vn 0.6659059538384754 0.746035696627494 0
vn 0.6883762317793329 0.6976786100679915 0.19845080139642007
vn -0.6883762317793329 0.6976786100679915 0.19845080139642007
vn -0.681374808843493 0.6520334108552232 0.3325369167506026
vn -0.6667421720502726 0.5286795107334186 0.5253121461953433
vn -0.6646539123732931 0.28576923065391246 0.690341309482741
vn -0.6659059538384754 0 0.746035696627494
vn -0.6646540003444613 -0.28576924285015215 0.690341219736266
vn -0.6667421720502726 -0.5286795107334186 0.5253121461953433
vn -0.6813747247216541 -0.6520334444317355 0.33253702328158424
vn 0.6883762317793329 -0.6976786100679915 0.19845080139642007
vn 1 0 0
vn 1 0 0
vn 0.6813750105635573 0.6520331943563987 0.3325369279296705
vn 0.6667421720502726 0.5286795107334186 0.5253121461953433
vn 0.6646541275135364 0.2857692206453483 0.69034110649082
vn 0.6659059538384754 0 0.746035696627494
vn 0.6646541718441694 -0.2857691502984106 0.6903410929300571
vn 0.6667421720502726 -0.5286795107334186 0.5253121461953433
vn 0.6813748937375856 -0.6520333158463695 0.3325369290928191
vn 1 0 0
vn 0.48243610059601605 -0.8540018444404338 0.1947723248668755
vn 0.957822665840786 0.06368509233991664 -0.28021411423286013
vn -0.06889584548734871 -0.21406967590581888 0.9743857225617384
vn 0.44289103472920244 0.7403553084303455 0.5056891818454342
vn -0.8297871857842326 -0.17738210963730244 0.5291396918479121
vn -0.27766715195819924 0.9592137326505263 -0.05300912957280987
vn 0.1894139980813428 0.2690227081853041 -0.9443246898241547
vn -0.32375958804393873 -0.8735400503737045 -0.3634659675165265
vn -0.4279165346025061 -0.503624721922612 -0.7504995528860453
vn -0.9590115052851154 0.2204929029535813 0.1779882369087345
vn -0.8125951592009509 0.5824060825273113 -0.02218698443619559
vn -0.3162057589337212 -0.12432025691711275 -0.9405096446805916
vn -0.2578045671844661 -0.9575599231502631 -0.12890228359223305
vn -0.20400230465212696 -0.766553814620993 -0.6089156829862613
vn -0.2578045671844661 -0.9575599231502631 -0.12890228359223305
vn -0.20400230465212696 -0.766553814620993 -0.6089156829862613
vn -0.0980839487455635 -0.37053921126039063 -0.9236234253834218
vn -0.0980839487455635 -0.37053921126039063 -0.9236234253834218
vn 0.033798865321791174 0.12618207588701838 -0.9914311475981588
vn 0.033798865321791174 0.12618207588701838 -0.9914311475981588
vn 0.15648394348750252 0.5868145645607233 -0.7944566962711113
vn 0.15648394348750252 0.5868145645607233 -0.7944566962711113
vn 0.24010883754328258 0.892256337457779 -0.382395573196191
vn 0.24010883754328258 0.892256337457779 -0.382395573196191
vn 0.2578045671844661 0.9575599231502631 0.12890228359223305
vn 0.2578045671844661 0.9575599231502631 0.12890228359223305
vn 0.2040023996591502 0.7665537760589665 0.6089156997015666
vn 0.2040023996591502 0.7665537760589665 0.6089156997015666
vn 0.09808403316289394 0.3705391311503162 0.9236234485572944
vn 0.09808403316289394 0.3705391311503162 0.9236234485572944
vn -0.03379873079257639 -0.12618220843413763 0.9914311353147504
vn -0.03379873079257639 -0.12618220843413763 0.9914311353147504
vn -0.15648394348750252 -0.5868145645607233 0.7944566962711113
vn -0.15648394348750252 -0.5868145645607233 0.7944566962711113
vn -0.24010883754328258 -0.892256337457779 0.382395573196191
vn -0.24010883754328258 -0.892256337457779 0.382395573196191
vn 0.528925458023265 0.528925458023265 0.6636834484223322
vn 0.6903411026408907 0.28576924372521795 0.6646541215890235
vn 0.5289253459098076 0.5289254651191075 -0.6636835321165697
vn 0.6903411026408907 0.28576924372521795 -0.6646541215890235
vn 0.746035696627494 0 0.6659059538384754
vn 0.746035696627494 0 -0.6659059538384754
vn 0.690341182676554 -0.28576913810218224 0.6646540838730118
vn 0.690341182676554 -0.28576913810218224 -0.6646540838730118
vn 0.528925458023265 -0.528925458023265 0.6636834484223322
vn 0.5289253459098076 -0.5289254651191075 -0.6636835321165697
vn 0.28576913810218224 -0.690341182676554 0.6646540838730118
vn 0.28576913810218224 -0.690341182676554 -0.6646540838730118
vn 0 -0.746035696627494 0.6659059538384754
vn 0 -0.746035696627494 -0.6659059538384754
vn -0.2857690051106066 -0.6903412685915419 0.6646540518175713
vn -0.28576913810218224 -0.690341182676554 -0.6646540838730118
vn -0.528925458023265 -0.528925458023265 0.6636834484223322
vn -0.528925458023265 -0.528925458023265 -0.6636834484223322
vn -0.6903411026408907 -0.28576924372521795 0.6646541215890235
vn -0.690341182676554 -0.28576913810218224 -0.6646540838730118
vn -0.746035696627494 0 0.6659059538384754
vn -0.746035696627494 0 -0.6659059538384754
vn -0.6903411026408907 0.28576924372521795 0.6646541215890235
vn -0.690341182676554 0.28576913810218224 -0.6646540838730118
vn -0.528925458023265 0.528925458023265 0.6636834484223322
vn 0 0 1
vn 0.28576924372521795 0.6903411026408907 0.6646541215890235
vn 0.28576924372521795 0.6903411026408907 -0.6646541215890235
vn 0 0 -1
vn -0.528925458023265 0.528925458023265 -0.6636834484223322
vn -0.2857690051106066 0.6903412685915419 0.6646540518175713
vn 0 0.746035696627494 0.6659059538384754
vn 0 0.746035696627494 -0.6659059538384754
vn -0.28576913810218224 0.690341182676554 -0.6646540838730118
vn -0.2588559442914909 -0.9659159384257828 0
vn 0.47089549770439726 -0.861321506531064 0.19074247725345944
vn -0.25096513137608656 -0.9333650952068869 0.2566049529584776
vn 0.4902588087057486 -0.7902198250521035 0.3676940692764065
vn -0.222854362363014 -0.8364667313150895 0.5006589064211523
vn 0.5211710436659496 -0.6758412256080666 0.5211711628752415
vn -0.1815040566592014 -0.682947638666611 0.7075583369984088
vn 0.561025299185999 -0.5306083316787139 0.6353781645810567
vn -0.13027611336305378 -0.48346945500362803 0.8656127427236221
vn 0.6067009877296041 -0.360741091593158 0.7083641551660413
vn -0.06788618902975965 -0.25143009573642894 0.9654917774362379
vn 0.6553051042112805 -0.17454386200791833 0.7349215336551266
vn 0 0 1
vn 0.7042928973574952 0.00835126643093603 0.7098603884432375
vn 0.06788618902975965 0.25143009573642894 0.9654917774362379
vn 0.7502042586079306 0.17759945755480755 0.6369081590329673
vn 0.13027619907204954 0.48346926246611777 0.8656128373619512
vn 0.7903970248736907 0.32639866112467447 0.5183979717233068
vn 0.1815041501425669 0.6829476575408002 0.707558294800194
vn 0.8206702847720874 0.43896325250734197 0.3658026061146594
vn 0.222854362363014 0.8364667313150895 0.5006589064211523
vn 0.8398017003120065 0.5086969326127767 0.18963263143091896
vn 0.25096513137608656 0.9333650952068869 0.2566049529584776
vn 0.845103768136386 0.5346023017923525 0
vn 0.2588559442914909 0.9659159384257828 0
vn 0.8398017003120065 0.5086969326127767 -0.18963263143091896
vn 0.25096513137608656 0.9333650952068869 -0.2566049529584776
vn 0.8206702847720874 0.43896325250734197 -0.3658026061146594
vn 0.22285427074602346 0.8364667230199577 -0.5006589610608316
vn 0.7903970248736907 0.32639866112467447 -0.5183979717233068
vn 0.1815040566592014 0.682947638666611 -0.7075583369984088
vn 0.7502042586079306 0.17759945755480755 -0.6369081590329673
vn 0.13027619907204954 0.48346926246611777 -0.8656128373619512
vn 0.7042928973574952 0.00835126643093603 -0.7098603884432375
vn 0.06788618902975965 0.25143009573642894 -0.9654917774362379
vn 0.6553051042112805 -0.17454386200791833 -0.7349215336551266
vn 0 0 -1
vn 0.6067008556411694 -0.3607410895735646 -0.7083642693258535
vn -0.06788618902975965 -0.25143009573642894 -0.9654917774362379
vn 0.561025299185999 -0.5306083316787139 -0.6353781645810567
vn -0.13027620688387465 -0.4834693808636273 -0.8656127700578885
vn 0.5211710436659496 -0.6758412256080666 -0.5211711628752415
vn -0.1815040566592014 -0.682947638666611 -0.7075583369984088
vn -0.222854362363014 -0.8364667313150895 -0.5006589064211523
vn 0.4902588087057486 -0.7902198250521035 -0.3676940692764065
vn 0.9659159384257828 -0.2588559442914909 0
vn 0.46509282083595 -0.8852619205675001 0
vn -0.2509652411579213 -0.9333650601452083 -0.25660497312148506
vn 0.47089549770439726 -0.861321506531064 -0.19074247725345944
vn -0.2588559442914909 -0.9659159384257828 0
vn 0.47089549770439726 -0.861321506531064 0.19074247725345944
vn -0.25096513137608656 -0.9333650952068869 0.2566049529584776
vn 0.4902588087057486 -0.7902198250521035 0.3676940692764065
vn -0.222854362363014 -0.8364667313150895 0.5006589064211523
vn 0.5211710436659496 -0.6758412256080666 0.5211711628752415
vn -0.1815040566592014 -0.682947638666611 0.7075583369984088
vn 0.561025299185999 -0.5306083316787139 0.6353781645810567
vn -0.13027611336305378 -0.48346945500362803 0.8656127427236221
vn 0.6067009877296041 -0.360741091593158 0.7083641551660413
vn -0.06788618902975965 -0.25143009573642894 0.9654917774362379
vn 0.6553051042112805 -0.17454386200791833 0.7349215336551266
vn 0 0 1
vn 0.7042928973574952 0.00835126643093603 0.7098603884432375
vn 0.06788618902975965 0.25143009573642894 0.9654917774362379
vn 0.7502042586079306 0.17759945755480755 0.6369081590329673
vn 0.13027619907204954 0.48346926246611777 0.8656128373619512
vn 0.7903970248736907 0.32639866112467447 0.5183979717233068
vn 0.1815041501425669 0.6829476575408002 0.707558294800194
vn 0.8206702847720874 0.43896325250734197 0.3658026061146594
vn 0.222854362363014 0.8364667313150895 0.5006589064211523
vn 0.8398017003120065 0.5086969326127767 0.18963263143091896
vn 0.25096513137608656 0.9333650952068869 0.2566049529584776
vn 0.845103768136386 0.5346023017923525 0
vn 0.2588559442914909 0.9659159384257828 0
vn 0.8398017003120065 0.5086969326127767 -0.18963263143091896
vn 0.25096513137608656 0.9333650952068869 -0.2566049529584776
vn 0.8206702847720874 0.43896325250734197 -0.3658026061146594
vn 0.22285427074602346 0.8364667230199577 -0.5006589610608316
vn 0.7903970248736907 0.32639866112467447 -0.5183979717233068
vn 0.1815040566592014 0.682947638666611 -0.7075583369984088
vn 0.7502042586079306 0.17759945755480755 -0.6369081590329673
vn 0.13027619907204954 0.48346926246611777 -0.8656128373619512
vn 0.7042928973574952 0.00835126643093603 -0.7098603884432375
vn 0.06788618902975965 0.25143009573642894 -0.9654917774362379
vn 0.6553051042112805 -0.17454386200791833 -0.7349215336551266
vn 0 0 -1
vn 0.6067008556411694 -0.3607410895735646 -0.7083642693258535
vn -0.06788618902975965 -0.25143009573642894 -0.9654917774362379
vn 0.561025299185999 -0.5306083316787139 -0.6353781645810567
vn -0.13027620688387465 -0.4834693808636273 -0.8656127700578885
vn 0.5211710436659496 -0.6758412256080666 -0.5211711628752415
vn -0.1815040566592014 -0.682947638666611 -0.7075583369984088
vn -0.222854362363014 -0.8364667313150895 -0.5006589064211523
vn 0.4902588087057486 -0.7902198250521035 -0.3676940692764065
vn 0.9659159384257828 -0.2588559442914909 0
vn 0.46509282083595 -0.8852619205675001 0
vn -0.2509652411579213 -0.9333650601452083 -0.25660497312148506
vn 0.47089549770439726 -0.861321506531064 -0.19074247725345944
vn -0.5762181924002026 0.5762181924002026 -0.5796077893662973
vn -0.5762181130051797 0.5762182918191093 0.5796077694595009
vn 0.5762181130051797 0.5762182918191093 -0.5796077694595009
vn 0.5762181130051797 0.5762182918191093 0.5796077694595009
vn 0.7194891442315711 -0.27820243930055233 0.6363479976397696
vn -0.7057216456911114 0 0.7084892086708376
vn -0.7057216456911114 0 -0.7084892086708376
vn 0.7194890321532709 -0.27820244205786754 -0.6363481231560194
vn 0.3139750302870711 -0.7121084199622724 0.6279500605741422
vn -0.5762181130051797 -0.5762182918191093 0.5796077694595009
vn -0.5762181924002026 -0.5762181924002026 -0.5796077893662973
vn 0.3139750302870711 -0.7121084199622724 -0.6279500605741422
vn -0.22433369979942472 -0.16363168981641416 0.9606763561273517
vn -0.33164978975428294 0.6112762864335506 0.7185747828861989
vn -0.49265577598076715 -0.18213340347603993 0.8509510618895909
vn -0.7204025239355646 -0.10969085927913068 0.6848270722582995
vn -0.8718613679529849 0.04112554571314406 0.48802299593456283
vn -0.9254385624248747 0.24564122702268673 0.28848544983026525
vn -0.8715898893450057 0.4759338770522261 0.11755002962822785
vn -0.7181075136082469 0.6959266567377912 0.002772605478992332
vn -0.4880229959345627 0.8718613679529846 -0.04112554571314405
vn -0.22040420784989834 0.9754058065574014 -0.0023447166489683484
vn 0.0494341543350115 0.9931781861448757 0.10560944536904365
vn 0.2763909168978227 0.9213030563260756 0.2735118634732556
vn 0.42820285059856467 0.7714190178466389 0.4706963114830947
vn 0.483884179995927 0.5645312353712347 0.6687006689393222
vn 0.42631544271569705 0.3354100709994648 0.8400923922844755
vn 0.27356951099403093 0.11574102375730166 0.9548632038538811
vn 0.045233058466608245 -0.058156883653691344 0.9972821803809828
vn 0.22040420784989834 -0.9754058065574014 0.0023447166489683484
vn -0.04943422565454494 -0.993178181734349 -0.10560945346316165
vn -0.2763909168978227 -0.9213030563260756 -0.2735118634732556
vn -0.42820285059856467 -0.7714190178466389 -0.4706963114830947
vn -0.4838839653708175 -0.5645312879655665 -0.6687007798447313
vn -0.42631544271569705 -0.3354100709994648 -0.8400923922844755
vn -0.2735696208098346 -0.11574103468429606 -0.9548631710670235
vn -0.04523312556103111 0.058156816648866794 -0.9972821812452333
vn 0.22433369979942472 0.16363168981641416 -0.9606763561273517
vn 0.49265577598076715 0.18213340347603993 -0.8509510618895909
vn 0.7204025239355646 0.10969085927913068 -0.6848270722582995
vn 0.8718613679529849 -0.04112554571314406 -0.48802299593456283
vn 0.925438558879908 -0.24564113667476772 -0.28848553813216926
vn 0.8715898614175039 -0.47593395120931214 -0.1175499364547179
vn 0.7181075136082469 -0.6959266567377912 -0.002772605478992332
vn 0.4880229959345627 -0.8718613679529846 0.04112554571314405
vn 0.485204957967344 -0.85798440451514 0.1686384012397789
vn 0.18671580734603851 -0.9739497087751967 0.1286824466033598
vn -0.11329831949895497 -0.9935395140762137 0.006536418584691675
vn -0.36457175794668356 -0.9142776326804257 -0.17658947785171564
vn -0.534633224271399 -0.7478303979650279 -0.39359498394242226
vn -0.5917263407566514 -0.5207191512556247 -0.6153954039236602
vn -0.5331774516411473 -0.26658863641360375 -0.8029024249537345
vn -0.3637175078795176 -0.023216000520205917 -0.9312199481227618
vn -0.10828740929063828 0.16981424123279903 -0.9795085300617093
vn 0.1879968515460506 0.2847596664883622 -0.9399835722767759
vn 0.48889580852762926 0.3059541017289233 -0.8169289908182736
vn 0.7386224890767709 0.22534234897623112 -0.6353405735413962
vn 0.9084765024104293 0.05948351133100811 -0.4136812256410086
vn 0.966625116745257 -0.16630109503356763 -0.19488414370557283
vn 0.9061040829643288 -0.4230225957567934 -0.005222481647404292
vn 0.736677030059083 -0.6650969796782492 0.12228230046167618
vn 0.5653782714291186 -0.22987906069185587 0.7921508869219626
vn 0.26798425681405685 -0.45896154327924676 0.8470765844305637
vn -0.08084617543964513 -0.5947971931817552 0.7998000968366333
vn -0.43077848303454913 -0.6177832023276163 0.6578554654909299
vn -0.729080645728034 -0.5236124599571105 0.44076229852660526
vn -0.9262829601840956 -0.3294075493057023 0.18300421889399265
vn -0.995377926394025 -0.05972264503626019 -0.0752063116859481
vn -0.9251819610873825 0.2398619590054323 -0.2941166086785668
vn -0.7264531315899104 0.5241076990361992 -0.44449630753718633
vn -0.4279164115312031 0.7504995461126862 -0.5036248365866303
vn -0.07782557470552318 0.8866551959378989 -0.45583521522374876
vn 0.27209859970089745 0.9099208673668957 -0.31305968627577546
vn 0.5681063290638386 0.8173776182031387 -0.09565055221049933
vn 0.7668673885431783 0.6213747772524217 0.16064804568829733
vn 0.8349822811758182 0.35289815288567455 0.4222173419132685
vn 0.7635587078169385 0.05433560267979186 0.6434483211559037
vn 0.8715898614175039 -0.47593395120931214 -0.1175499364547179
vn 0.7181075136082469 -0.6959266567377912 -0.002772605478992332
vn 0.4880229959345627 -0.8718613679529846 0.04112554571314405
vn 0.22040420784989834 -0.9754058065574014 0.0023447166489683484
vn -0.04943422565454494 -0.993178181734349 -0.10560945346316165
vn -0.2763909168978227 -0.9213030563260756 -0.2735118634732556
vn -0.42820285059856467 -0.7714190178466389 -0.4706963114830947
vn -0.4838839653708175 -0.5645312879655665 -0.6687007798447313
vn -0.42631544271569705 -0.3354100709994648 -0.8400923922844755
vn -0.2735696208098346 -0.11574103468429606 -0.9548631710670235
vn -0.04523312556103111 0.058156816648866794 -0.9972821812452333
vn 0.22433369979942472 0.16363168981641416 -0.9606763561273517
vn 0.49265577598076715 0.18213340347603993 -0.8509510618895909
vn 0.7204025239355646 0.10969085927913068 -0.6848270722582995
vn 0.8718613679529849 -0.04112554571314406 -0.48802299593456283
vn 0.925438558879908 -0.24564113667476772 -0.28848553813216926
vn 0.985801095066515 -0.11006519055605377 -0.12681425311659267
vn 0.9224597017492848 -0.379203609426863 0.07261350594937323
vn 0.7424114777382681 -0.6367964602896592 0.20812367929921224
vn 0.47457464476714584 -0.8412912829677717 0.25885881044804726
vn 0.15971598528577174 -0.9635323880496005 0.21470011929113866
vn -0.15599554290599046 -0.9839719823068246 0.08639750360191736
vn -0.4221749616510107 -0.9002670633454455 -0.10624272403480371
vn -0.599615788575212 -0.7234495119005263 -0.3421720471082008
vn -0.6624141494460585 -0.48420117467388923 -0.5716263789032839
vn -0.59843601506708 -0.21394853264563995 -0.7720753598253288
vn -0.4208813151965986 0.04289236062714948 -0.9061010782016609
vn -0.15114568553861485 0.24660628712876217 -0.9572566640622717
vn 0.16431657269516334 0.36829559784843136 -0.9150729023106199
vn 0.47928592127773506 0.3886099720501707 -0.7869353819012831
vn 0.7460424165866303 0.30549153119901307 -0.5916888008229184
vn 0.9239890725887334 0.13002242359673571 -0.35963643182892796
vn 0.7220125908795322 0.6563749417340485 0.2187915777059295
vn 0.7897928900308532 0.39489653442239314 0.46934413595771723
vn 0.7208186529264821 0.10339606010869319 0.685368312914488
vn 0.5246180639710034 -0.1738733465164391 0.8333930323241793
vn 0.235009691319977 -0.39862419672508903 0.8864926366140705
vn -0.10701550015781802 -0.5292932498756717 0.8416628412624748
vn -0.45029791613783965 -0.5536994267231803 0.7004632264211593
vn -0.738293234840194 -0.4635025289869558 0.4899882702799101
vn -0.9331054534449104 -0.2706287458853113 0.236800115396745
vn -0.999851438988734 -0.010018574408261769 -0.014025980143443249
vn -0.9306828517284931 0.282882265695769 -0.23196347396378597
vn -0.7374433422965837 0.5604570021342354 -0.37691546222084
vn -0.44556917985523925 0.7838113246969981 -0.43255972216546756
vn -0.10178551379028306 0.9160701307520431 -0.38788558200374346
vn 0.23971434435988995 0.9393456773573382 -0.24528907749468082
vn 0.5279164748410271 0.8485358693239302 -0.0359315190620326
vn 0.668537431094905 0.6909284521181344 -0.2750919433183458
vn 0.8724557428814141 0.48857514568010896 -0.010737957762077154
vn 0.9426545554496895 0.21285751727539265 0.25708766292707297
vn 0.869793062443812 -0.09349566647486147 0.48447764538215415
vn 0.6650708668393402 -0.38713084712185586 0.6386003830943753
vn 0.3575693291429516 -0.6232859357241188 0.6954558341007494
vn -0.002763675427168476 -0.7627540601173523 0.6466827706631961
vn -0.36128092943468343 -0.7870762594644346 0.4999870516466251
vn -0.668537249604244 -0.6909286281656863 0.2750919422169166
vn -0.8724556531930947 -0.4885753076471871 0.010737875435428876
vn -0.9426545554496895 -0.21285751727539265 -0.25708766292707297
vn -0.869793062443812 0.09349566647486147 -0.48447764538215415
vn -0.6650709307724507 0.3871307304321121 -0.6386003872505603
vn -0.3575693291429516 0.6232859357241188 -0.6954558341007494
vn 0.002763675427168476 0.7627540601173523 -0.6466827706631961
vn 0.36128092943468343 0.7870762594644346 -0.4999870516466251
vn 0.44144753778887064 -0.7717158996705191 0.4577975989188509
vn 0.9575312836427667 -0.04535672399617584 -0.28473954490686754
vn -0.0685529699720963 0.15365312788634425 0.9857439863365882
vn 0.48281648549828515 0.839547042292176 0.24909637715057886
vn -0.32585833323012603 0.8938684474210771 -0.3079213298385118
vn 0.18867838213714674 -0.20993791332546322 -0.9593365106481976
vn -0.2760836765702792 -0.9544603774941655 -0.11306277603673381
vn -0.8285872606192344 0.14204355040200015 0.5415411169326921
vn -0.4279765152664272 0.5507296277412396 -0.7166121541729538
vn -0.31598901403205426 0.1817636022962206 -0.9311889904264072
vn -0.8126672310023276 -0.5796648123906569 -0.05967140798668814
vn -0.9591061177356914 -0.23050350730640495 0.16426681966062556
vn -0.21913989649719823 -0.9667935111288949 -0.1314838872343691
vn -0.33221925509910893 -0.7002663834210091 0.6318681498476192
vn -0.48817409655505134 -0.8587158002568321 -0.1558628430445428
vn -0.7174269328362759 -0.6910725611747888 -0.08784822839677249
vn -0.8705943791227998 -0.48919108332271655 0.0525120085059941
vn -0.9256349630070052 -0.2828328556927152 0.2514070225743982
vn -0.8716958435875906 -0.10540106499201876 0.4785780728059603
vn -0.7194928641133065 0.016797434805344322 0.6942966690644509
vn -0.4914110154214126 0.06701070273874657 0.8683460022600181
vn -0.22420318968440311 0.033751034065048834 0.9739578006437855
vn 0.04587688972658069 -0.07427670552313625 0.9961818518752712
vn 0.2744947969977735 -0.24053664506044756 0.9310181141117586
vn 0.42881337859116064 -0.44505627053929625 0.7861577465082226
vn 0.48117068370718336 -0.6494121158584173 0.5888452062444384
vn 0.42782615373283783 -0.8271305936858059 0.3644444582801782
vn 0.27702298329155256 -0.9494085164089333 0.1479247636416443
vn 0.050445824833475914 -0.9984082432809502 -0.025222975746668316
vn 0.49141117918748284 -0.0670106187303752 -0.8683459160651014
vn 0.22420318968440311 -0.033751034065048834 -0.9739578006437855
vn -0.045876749482292055 0.07427669417301393 -0.9961818591801738
vn -0.27449469464150295 0.2405365406192645 -0.9310181712730343
vn -0.42881337859116064 0.44505627053929625 -0.7861577465082226
vn -0.48117068370718336 0.6494121158584173 -0.5888452062444384
vn -0.42782615373283783 0.8271305936858059 -0.3644444582801782
vn -0.2770228114831904 0.9494085404183187 -0.1479249312952562
vn -0.050445824833475914 0.9984082432809502 0.025222975746668316
vn 0.2191399811812854 0.9667934902926577 0.13148389930180288
vn 0.48817417145790304 0.8587157747435709 0.15586274900674243
vn 0.7174269328362759 0.6910725611747888 0.08784822839677249
vn 0.8705943791227998 0.48919108332271655 -0.0525120085059941
vn 0.9256349630070052 0.2828328556927152 -0.2514070225743982
vn 0.8716958435875906 0.10540106499201876 -0.4785780728059603
vn 0.7194928918268944 -0.016797519742483332 -0.6942966382902007
vn 0.48596958181782185 -0.1949877922303781 -0.8519467861486033
vn 0.1881411969870091 -0.1597911864696098 -0.9690560699582507
vn -0.10960541155339994 -0.040263200167132425 -0.9931593671060609
vn -0.3635812100598895 0.1454324423007045 -0.9201402656214098
vn -0.5300623489306912 0.36746651937148633 -0.764200407868959
vn -0.5926214016010566 0.5960077799781813 -0.5418252491070152
vn -0.5329360147356761 0.7930595549621412 -0.29501821381214033
vn -0.3644359784240323 0.929575641571326 -0.05545758944793673
vn -0.11362225075116437 0.9839216693997531 0.13779743328466781
vn 0.18489387895153436 0.9489408270773346 0.25558865434920874
vn 0.4832412412808817 0.8293046033115458 0.28059183461318377
vn 0.7366539068825569 0.6434065474723437 0.20825233766847345
vn 0.9064217283141253 0.41958993791668103 0.04841419666905443
vn 0.9666903883831728 0.19229868893599106 -0.16891094470486318
vn 0.907565010703953 -0.005215870757040172 -0.41987920410301266
vn 0.7408798806982532 -0.1415502255914789 -0.6565520055650913
vn 0.2723827631957372 -0.8599949986345963 -0.4315277889514597
vn -0.07738673762464282 -0.8197265347328317 -0.5675030406039407
vn -0.42656952359257 -0.6798452173412067 -0.596530738520904
vn -0.7244123882131347 -0.46189606608265626 -0.5117408679602488
vn -0.9242844945530508 -0.19846602355405063 -0.32605123926072466
vn -0.9952620829734713 0.07093181861535307 -0.06649859625003948
vn -0.9267011864439761 0.3013201052567063 0.22456870933283357
vn -0.7299950356082647 0.461224264826153 0.5043604123272001
vn -0.43358702484527173 0.526262199892162 0.7314713862144492
vn -0.08152842659906685 0.483548768613153 0.8715123085929332
vn 0.26933810999573443 0.3433319741015229 0.8997667131337305
vn 0.5653003510271158 0.12365952256769795 0.8155635080157452
vn 0.7645532626157141 -0.13791942844175709 0.629632067069305
vn 0.835687821300907 -0.4068064424593499 0.36896393279412965
vn 0.7658610500210533 -0.6382176509593869 0.07832676467550378
vn 0.5677385473988561 -0.797902663888663 -0.20254451549427835
vn 0.49141117918748284 -0.0670106187303752 -0.8683459160651014
vn 0.22420318968440311 -0.033751034065048834 -0.9739578006437855
vn -0.045876749482292055 0.07427669417301393 -0.9961818591801738
vn -0.27449469464150295 0.2405365406192645 -0.9310181712730343
vn -0.42881337859116064 0.44505627053929625 -0.7861577465082226
vn -0.48117068370718336 0.6494121158584173 -0.5888452062444384
vn -0.42782615373283783 0.8271305936858059 -0.3644444582801782
vn -0.2770228114831904 0.9494085404183187 -0.1479249312952562
vn -0.050445824833475914 0.9984082432809502 0.025222975746668316
vn 0.2191399811812854 0.9667934902926577 0.13148389930180288
vn 0.48817417145790304 0.8587157747435709 0.15586274900674243
vn 0.7174269328362759 0.6910725611747888 0.08784822839677249
vn 0.8705943791227998 0.48919108332271655 -0.0525120085059941
vn 0.9256349630070052 0.2828328556927152 -0.2514070225743982
vn 0.8716958435875906 0.10540106499201876 -0.4785780728059603
vn 0.7194928918268944 -0.016797519742483332 -0.6942966382902007
vn 0.480422523143213 -0.2838861501934994 -0.8298209764672276
vn 0.16282648529850793 -0.24557448461642314 -0.9556048912551217
vn -0.1520608597733612 -0.12017711476799647 -0.9810376934710643
vn -0.4193858088285403 0.07675040297353475 -0.9045578582913484
vn -0.5968519032064202 0.31294391497090046 -0.7388057334114021
vn -0.6632020392360588 0.5554736285476476 -0.5016095126103999
vn -0.5996365577391038 0.7628883161833633 -0.2417383206148976
vn -0.4218578270491499 0.9066014143436587 0.010480900125808471
vn -0.1541300696811756 0.9639657628225435 0.21682695802419885
vn 0.15909802370712664 0.9266768377677363 0.3405258539336991
vn 0.4754419714121176 0.7998991758887397 0.36621884199515803
vn 0.7424426900272241 0.6048348950623469 0.2880166692052025
vn 0.9221700333727448 0.36721136176241276 0.1214835188077184
vn 0.9858011060613777 0.12681417235758444 -0.11006518512874698
vn 0.9233636676939869 -0.0809968396208482 -0.3752852903514112
vn 0.7472216807454908 -0.22510444287924827 -0.625290132354499
vn 0.23863713310366433 -0.898571959578539 -0.3682672292822817
vn -0.10320615530592085 -0.8571840327133785 -0.5045632007669603
vn -0.4450746814399249 -0.7207552372354162 -0.5314324189761745
vn -0.7351598123483062 -0.5066641555288652 -0.4503681647388334
vn -0.931219509637176 -0.24908000002163416 -0.2660627340690915
vn -0.9998554539990702 0.012022324780782048 -0.012022263313492414
vn -0.9331054534449104 0.236800115396745 0.2706287458853113
vn -0.739471746886978 0.39438504690870363 0.5455657341977597
vn -0.44848168154057017 0.45502904319052423 0.769293670307808
vn -0.10595662569409112 0.4154610209390458 0.9034186922749651
vn 0.23439123224781483 0.27675110678279286 0.931917150362547
vn 0.5266059924524731 0.06476963676941402 0.8476384977488363
vn 0.7197772840029719 -0.1915287211391276 0.6672611261059014
vn 0.7905386761986518 -0.453587834407912 0.41146892703000487
vn 0.7218708013746397 -0.6799363729957444 0.12879858229082922
vn 0.5289217856896203 -0.8362284345702069 -0.14478863850166107
vn 0.3640440265585935 -0.7149693086470287 -0.5969010256481353
vn 0.002769350160575374 -0.6701852324753022 -0.7421887124389008
vn -0.35973607609747976 -0.5250201692302693 -0.7713259865033767
vn -0.6647617775590675 -0.30011090449646716 -0.6841236906428698
vn -0.8693583246523674 -0.029977838387449104 -0.4932721688512791
vn -0.9430005448947576 0.24612036082641786 -0.22399718818517395
vn -0.8713877617271003 0.48472701838116716 0.07565108302950867
vn -0.6680415629790495 0.6482963926152654 0.3652838039860821
vn -0.36404378865803927 0.714969370342997 0.5969010968417122
vn -0.002769350160575374 0.6701852324753022 0.7421887124389008
vn 0.35973607609747976 0.5250201692302693 0.7713259865033767
vn 0.6647617775590675 0.30011090449646716 0.6841236906428698
vn 0.8693583096392343 0.029977923551433163 0.4932721901351802
vn 0.9430005448947576 -0.24612036082641786 0.22399718818517395
vn 0.8713877617271003 -0.48472701838116716 -0.07565108302950867
vn 0.6680414711563075 -0.648296478797 -0.3652838189609925
vn -0.9659159384257828 0.2588559442914909 0
vn -0.9659159384257828 0.2588559442914909 0
vn -0.9659159384257828 0.2588559442914909 0
vn -0.9659159384257828 0.2588559442914909 0
vn -0.2578045671844661 -0.9575599231502631 -0.12890228359223305
vn -0.20400230465212696 -0.766553814620993 -0.6089156829862613
vn -0.2578045671844661 -0.9575599231502631 -0.12890228359223305
vn -0.20400230465212696 -0.766553814620993 -0.6089156829862613
vn -0.0980839487455635 -0.37053921126039063 -0.9236234253834218
vn -0.0980839487455635 -0.37053921126039063 -0.9236234253834218
vn 0.033798865321791174 0.12618207588701838 -0.9914311475981588
vn 0.033798865321791174 0.12618207588701838 -0.9914311475981588
vn 0.15648394348750252 0.5868145645607233 -0.7944566962711113
vn 0.15648394348750252 0.5868145645607233 -0.7944566962711113
vn 0.24010883754328258 0.892256337457779 -0.382395573196191
vn 0.24010883754328258 0.892256337457779 -0.382395573196191
vn 0.2578045671844661 0.9575599231502631 0.12890228359223305
vn 0.2578045671844661 0.9575599231502631 0.12890228359223305
vn 0.2040023996591502 0.7665537760589665 0.6089156997015666
vn 0.2040023996591502 0.7665537760589665 0.6089156997015666
vn 0.09808403316289394 0.3705391311503162 0.9236234485572944
vn 0.09808403316289394 0.3705391311503162 0.9236234485572944
vn -0.03379873079257639 -0.12618220843413763 0.9914311353147504
vn -0.03379873079257639 -0.12618220843413763 0.9914311353147504
vn -0.15648394348750252 -0.5868145645607233 0.7944566962711113
vn -0.15648394348750252 -0.5868145645607233 0.7944566962711113
vn -0.24010883754328258 -0.892256337457779 0.382395573196191
vn -0.24010883754328258 -0.892256337457779 0.382395573196191
vn -0.2578045671844661 -0.9575599231502631 -0.12890228359223305
vn -0.24010883754328258 -0.892256337457779 0.382395573196191
vn -0.2578045671844661 -0.9575599231502631 -0.12890228359223305
vn -0.24010883754328258 -0.892256337457779 0.382395573196191
vn -0.15648394348750252 -0.5868145645607233 0.7944566962711113
vn -0.15648394348750252 -0.5868145645607233 0.7944566962711113
vn -0.03379873079257639 -0.12618220843413763 0.9914311353147504
vn -0.03379873079257639 -0.12618220843413763 0.9914311353147504
vn 0.09808403316289394 0.3705391311503162 0.9236234485572944
vn 0.09808403316289394 0.3705391311503162 0.9236234485572944
vn 0.2040023996591502 0.7665537760589665 0.6089156997015666
vn 0.2040023996591502 0.7665537760589665 0.6089156997015666
vn 0.2578045671844661 0.9575599231502631 0.12890228359223305
vn 0.2578045671844661 0.9575599231502631 0.12890228359223305
vn 0.24010883754328258 0.892256337457779 -0.382395573196191
vn 0.24010883754328258 0.892256337457779 -0.382395573196191
vn 0.15648394348750252 0.5868145645607233 -0.7944566962711113
vn 0.15648394348750252 0.5868145645607233 -0.7944566962711113
vn 0.033798865321791174 0.12618207588701838 -0.9914311475981588
vn 0.033798865321791174 0.12618207588701838 -0.9914311475981588
vn -0.0980839487455635 -0.37053921126039063 -0.9236234253834218
vn -0.0980839487455635 -0.37053921126039063 -0.9236234253834218
vn -0.20400230465212696 -0.766553814620993 -0.6089156829862613
vn -0.20400230465212696 -0.766553814620993 -0.6089156829862613
vn -0.6446503891724672 0.24648397057757132 -0.7236515238622119
vn -0.6817846019935616 0.10967842041809561 -0.7232844534338287
vn -0.9659159384257828 0.2588559442914909 0
vn -0.7179333167810178 -0.10340599253297834 -0.6883886644651236
vn -0.7790861783530815 -0.3380332057556468 -0.5279756419625352
vn -0.8208004911074094 -0.4949866519379154 -0.2850872992631005
vn -0.8370173640488845 -0.5471763264987414 0
vn -0.8464278277922986 -0.4940004819072149 0.198805070896721
vn -0.8271571976815882 -0.45146366860998377 0.33465135028676746
vn 0.4869257605096545 -0.850617313749195 0.19837713906143023
vn 0.44931447300549204 -0.8933736644583815 0
vn 0.4629986341242136 -0.8389909367232784 -0.2858784232769385
vn 0.5071254723072093 -0.6817649478012584 -0.5272763139822779
vn 0.5675976308704521 -0.4474005426599867 -0.6911336222886275
vn 0.6446502661853949 -0.2464839761454351 -0.7236516315262724
vn 0.6817845088038568 -0.10967842460385592 -0.7232845406418555
vn 0.7179333167810178 0.10340599253297834 -0.6883886644651236
vn -0.5675976308704521 0.4474005426599867 -0.6911336222886275
vn 0.7790861528636528 0.3380331052892277 -0.5279757438979887
vn -0.5071254723072093 0.6817649478012584 -0.5272763139822779
vn 0.8208004911074094 0.4949866519379154 -0.2850872992631005
vn -0.4629986341242136 0.8389909367232784 -0.2858784232769385
vn 0.8370172737599959 0.5471764646139159 0
vn -0.44931447300549204 0.8933736644583815 0
vn -0.9659159384257828 0.2588559442914909 0
vn -0.9659159384257828 0.2588559442914909 0
vn -0.7790861079549257 -0.33803331634099426 0.5279756750411472
vn -0.7179333167810178 -0.10340599253297834 0.6883886644651236
vn -0.6412071994660493 0.17098867493784187 0.7480749965049674
vn -0.567597741946848 0.4474004170400643 0.6911336123856341
vn -0.5071254723072093 0.6817649478012584 0.5272763139822779
vn 0.7179334040041031 0.103405987925914 0.6883885741905855
vn 0.6412072443669466 -0.17098858160986907 0.7480749793505943
vn 0.5675976308704521 -0.4474005426599867 0.6911336222886275
vn 0.5071254723072093 -0.6817649478012584 0.5272763139822779
vn 0.49058276702385656 -0.805957322075746 0.33130249575230875
vn 0.9659159384257828 -0.2588559442914909 0
vn 0.9659159384257828 -0.2588559442914909 0
vn 0.8464278277922986 0.4940004819072149 0.198805070896721
vn -0.4869257605096545 0.850617313749195 0.19837713906143023
vn -0.49058257377163894 0.805957357960348 0.33130269461803324
vn 0.7790862186879172 0.33803310010619203 0.5279756500854563
vn 0.9659159384257828 -0.2588559442914909 0
vn 0.8271571347304197 0.45146369658576796 0.3346514681421192
vn -0.4998767829486123 0.8660965314957368 0
vn -0.4074658127671353 0.7056113513389806 0.5797277225453303
vn 0.2588559442914909 0.9659159384257828 0
vn -0.5471763264987414 -0.8370173640488845 0
vn 0.6183069033184724 -0.7859367489236785 0
vn 0.49579892292606353 -0.6307102751598479 0.5969823923979203
vn 0.6829476575408002 -0.1815041501425669 0.707558294800194
vn 0.9659159384257828 -0.2588559442914909 0
vn 0.7056113513389806 0.4074658127671353 0.5797277225453303
vn 0.8660965314957368 0.4998767829486123 0
vn 0.1815041501425669 0.6829476575408002 0.707558294800194
vn -0.766151723297036 -0.04841849934300359 0.6408331965576952
vn -0.9979209974098675 -0.06444907236333998 0
vn -0.43763290737699917 -0.671482711106843 0.5979869622871042
vn 0 0 1
vn 0.5064533077510728 0.6280022661201602 0.5908622519809
vn -0.5064533077510728 0.6280022661201602 0.5908622519809
vn 0.7624409749484025 -0.10303253619219772 0.6388020477468218
vn -0.7624410875803064 -0.10303253590746002 0.6388019133611275
vn 0.6141156187904436 -0.38299690129578606 0.6900546212840374
vn -0.6141156839544569 -0.3829967855536229 0.6900546275308513
vn -0.5180605923314401 -0.528152732108054 0.6728060004488632
vn 0.5180607003219851 -0.5281527206707577 0.6728059262744128
vn -0.33620111976856604 -0.6560820100756753 0.6756664880852267
vn 0.3362012248576445 -0.6560819243627646 0.6756665190230098
vn 0.1191505633420442 -0.7297972395855686 0.6732006627659822
vn -0.11915066138829658 -0.7297972012316137 0.67320068699106
vn -0.16184680583804606 -0.9868158954131322 0
vn -0.4556214574501408 -0.8901736277328202 0
vn -0.7001544442171583 -0.7139914244883913 0
vn -0.8470877536638732 -0.531453043638564 0
vn -0.9909370537054107 -0.13432704714107338 0
vn -0.6303852760434555 0.7762824252471624 0
vn 0.6303852760434555 0.7762824252471624 0
vn 0.9909370537054107 -0.13432704714107338 0
vn 0.8470877099957387 -0.5314531132415872 0
vn 0.7001544442171583 -0.7139914244883913 0
vn 0.4556214574501408 -0.8901736277328202 0
vn 0.16184680583804606 -0.9868158954131322 0
vn -0.43175046492934505 0.11569793961095458 0.8945420743615554
vn -0.4074658127671353 0.7056113513389806 0.5797277225453303
vn -0.4317505421362033 0.11569784693468048 -0.8945420490842082
vn -0.4074658127671353 0.7056113513389806 -0.5797277225453303
vn 0 0 -1
vn 0 0 -1
vn 0 0 -1
vn 0.1815040566592014 0.682947638666611 -0.7075583369984088
vn -0.5550891290952896 -0.3144435062133458 -0.7700658024873525
vn 0 0 1
vn 0 0 1
vn 0 0 1
vn -0.4074658127671353 0.7056113513389806 -0.5797277225453303
vn -0.7056113513389806 -0.4074658127671353 -0.5797277225453303
vn -0.4998767829486123 0.8660965314957368 0
vn -0.6829476575408002 0.1815041501425669 0.707558294800194
vn -0.4074658127671353 0.7056113513389806 0.5797277225453303
vn -0.9514415686328247 -0.056419736606138984 -0.3026148621578327
vn -0.1815040566592014 -0.682947638666611 -0.7075583369984088
vn 0.1815040566592014 0.682947638666611 -0.7075583369984088
vn 0.2588559442914909 0.9659159384257828 0
vn 0.1815041501425669 0.6829476575408002 0.707558294800194
vn 0 0 1
vn 0 0 1
vn -0.6829476575408002 0.1815041501425669 0.707558294800194
vn -0.6829476992730777 0.18150405692545124 -0.7075582784316868
vn 0 0 1
vn -0.5550891290952896 -0.3144435062133458 -0.7700658024873525
vn -0.4074658127671353 0.7056113513389806 -0.5797277225453303
vn -0.7056113513389806 -0.4074658127671353 -0.5797277225453303
vn -0.4788295483633532 0.7463136688498865 0.4623182575909902
vn -0.7856107367317087 -0.40903705426987624 0.46422457772729386
vn -0.295612223558335 -0.6169297852986949 0.7293908782636392
vn -0.1815040566592014 -0.682947638666611 -0.7075583369984088
vn 0.1815040566592014 0.682947638666611 -0.7075583369984088
vn 0.054496286191717376 0.6797698937946169 0.7313980081199056
vn 0.1815041501425669 0.6829476575408002 0.707558294800194
vn -0.1815040566592014 -0.682947638666611 0.7075583369984088
vn -0.1815040566592014 -0.682947638666611 -0.7075583369984088
vn 0.1815040566592014 0.682947638666611 -0.7075583369984088
vn -0.1815040566592014 -0.682947638666611 -0.7075583369984088
vn 0.1815040566592014 0.682947638666611 -0.7075583369984088
vn 0.1815040566592014 0.682947638666611 -0.7075583369984088
vn 0.1815041501425669 0.6829476575408002 0.707558294800194
vn 0.1815041501425669 0.6829476575408002 0.707558294800194
vn 0.1815040566592014 0.682947638666611 -0.7075583369984088
vn 0.1815041501425669 0.6829476575408002 0.707558294800194
vn 0 0 1
vn 0 0 -1
vn 0 0 -1
vn -0.7056113513389806 -0.4074658127671353 -0.5797277225453303
vn -0.1815040566592014 -0.682947638666611 0.7075583369984088
vn -0.7056113513389806 -0.4074658127671353 0.5797277225453303
vn -0.3694311053140724 -0.21235029231423586 0.904670112129544
vn -0.1815040566592014 -0.682947638666611 0.7075583369984088
vn -0.36943120480809677 -0.2123502109346486 -0.9046700906021202
vn 0.1815041501425669 0.6829476575408002 0.707558294800194
vn -0.1815040566592014 -0.682947638666611 0.7075583369984088
vn 0.1815041501425669 0.6829476575408002 0.707558294800194
vn -0.1815040566592014 -0.682947638666611 0.7075583369984088
vn -0.1815040566592014 -0.682947638666611 -0.7075583369984088
vn -0.1815040566592014 -0.682947638666611 -0.7075583369984088
vn 0.1815040566592014 0.682947638666611 -0.7075583369984088
vn 0 0 -1
vn -0.2588559442914909 -0.9659159384257828 0
vn -0.2588559442914909 -0.9659159384257828 0
vn 0.4998767829486123 -0.8660965314957368 0
vn 0.1815040566592014 0.682947638666611 -0.7075583369984088
vn -0.1815040566592014 -0.682947638666611 -0.7075583369984088
vn 0.1815040566592014 0.682947638666611 -0.7075583369984088
vn -0.1815040566592014 -0.682947638666611 -0.7075583369984088
vn -0.1815040566592014 -0.682947638666611 0.7075583369984088
vn 0.030184117967935794 -0.8561322062030265 0.5158745627809499
vn 0.1815041501425669 0.6829476575408002 0.707558294800194
vn 0.45476305070892736 0.7269572429819037 0.5145131043871077
vn 0.9465927917288458 -0.025309947821749834 0.3214366083510875
vn 0.1815040566592014 0.682947638666611 -0.7075583369984088
vn -0.1815040566592014 -0.682947638666611 -0.7075583369984088
vn 0.5714216638913362 -0.776628289702635 0.26519008591803833
vn 0.9659159384257828 -0.2588559442914909 0
vn -0.2588559442914909 -0.9659159384257828 0
vn -0.2588559442914909 -0.9659159384257828 0
vn -0.2588559442914909 -0.9659159384257828 0
vn -0.2588559442914909 -0.9659159384257828 0
vn -0.1815040566592014 -0.682947638666611 0.7075583369984088
vn -0.1815040566592014 -0.682947638666611 0.7075583369984088
vn 0.1708708304557699 0.6346627694968986 0.7536619456453152
vn 0.2588559442914909 0.9659159384257828 0
vn 0.2588559442914909 0.9659159384257828 0
vn 0.2579600748718585 0.9635570412675536 0.07081262596333451
vn 0.2579600748718585 0.9635570412675536 0.07081262596333451
vn 0.1708708304557699 0.6346627694968986 0.7536619456453152
vn -0.03183011394607719 0.9098143270282212 0.41379310552541226
vn 0.48342005480272343 0.7708591512913108 0.4148267342939364
vn 0.2798450147739999 0.9546113717088723 0.10199949367641584
vn 0.2351803436513767 0.9662843161437175 0.10480852224265208
vn -0.40729129304547773 0.7086210249136431 0.5761684177909102
vn 0.7056113513389806 0.4074658127671353 0.5797277225453303
vn 1 0 0
vn 1 0 0
vn 1 0 0
vn 1 0 0
vn -0.4111803261531028 0.7029855996976256 0.5802947406296198
vn -0.4111803261531028 0.7029855996976256 -0.5802947406296198
vn -0.7297496345257923 0.09710376158450096 0.6767838136329893
vn -0.7297496345257923 0.09710376158450096 -0.6767838136329893
vn 0.4461634588820059 0 -0.8949514891648847
vn 0.16084777016462432 0.6312515217171665 -0.7587156985082292
vn 0.1608476673331187 0.631251467907576 0.7587157650780856
vn 0.44616355436127103 0 0.8949514415652489
vn 0 0.06887370928268421 0.9976253866906376
vn -0.705014741823042 0.10029496021960943 0.7020649078017905
vn -0.9977759312839842 0.06665726479820543 0
vn -0.705014741823042 0.10029496021960943 -0.7020649078017905
vn 0 0.06887370928268421 -0.9976253866906376
vn 0.705014741823042 0.10029496021960943 -0.7020649078017905
vn 0.9977759312839842 0.06665726479820543 0
vn 0.705014741823042 0.10029496021960943 0.7020649078017905
f 1/1/1 2/2/2 3/3/3
f 4/4/4 5/5/5 6/6/6
f 5/5/5 3/3/3 6/6/6
f 3/3/3 2/2/2 6/6/6
f 7/7/7 8/8/8 9/9/9
f 8/8/8 10/10/10 9/9/9
f 9/9/9 10/10/10 11/11/11
f 10/10/10 12/12/12 11/11/11
f 13/13/13 14/14/14 15/15/15
f 14/14/14 16/16/16 15/15/15
f 15/15/15 16/16/16 17/17/17
f 17/17/17 16/16/16 18/18/18
f 16/16/16 19/19/19 18/18/18
f 18/18/18 19/19/19 20/20/20
f 19/19/19 21/21/21 20/20/20
f 20/20/20 21/21/21 22/22/22
f 21/21/21 23/23/23 22/22/22
f 22/22/22 23/23/23 24/24/24
f 23/23/23 25/25/25 24/24/24
f 24/24/24 25/25/25 26/26/26
f 27/27/27 26/26/26 28/28/28
f 26/26/26 25/25/25 28/28/28
f 28/28/28 25/25/25 29/29/29
f 29/29/29 25/25/25 30/30/30
f 25/25/25 23/23/23 30/30/30
f 30/30/30 23/23/23 31/31/31
f 23/23/23 21/21/21 31/31/31
f 31/31/31 21/21/21 32/32/32
f 21/21/21 19/19/19 32/32/32
f 32/32/32 19/19/19 33/33/33
f 19/19/19 16/16/16 33/33/33
f 16/16/16 14/14/14 33/33/33
f 34/34/34 35/35/35 36/36/36
f 35/35/35 37/37/37 36/36/36
f 36/36/36 37/37/37 38/38/38
f 37/37/37 39/39/39 38/38/38
f 38/38/38 39/39/39 40/40/40
f 39/39/39 41/41/41 40/40/40
f 40/40/40 41/41/41 42/42/42
f 41/41/41 43/43/43 42/42/42
f 43/43/43 44/44/44 42/42/42
f 42/42/42 44/44/44 45/45/45
f 46/46/46 45/45/45 47/47/47
f 45/45/45 44/44/44 47/47/47
f 47/47/47 44/44/44 48/48/48
f 49/49/49 50/50/50 51/51/51
f 51/51/51 50/50/50 52/52/52
f 50/50/50 48/48/48 52/52/52
f 48/48/48 44/44/44 52/52/52
f 44/44/44 43/43/43 52/52/52
f 52/52/52 43/43/43 53/53/53
f 43/43/43 41/41/41 53/53/53
f 53/53/53 41/41/41 54/54/54
f 41/41/41 39/39/39 54/54/54
f 54/54/54 39/39/39 55/55/55
f 39/39/39 37/37/37 55/55/55
f 55/55/55 37/37/37 56/56/56
f 37/37/37 35/35/35 56/56/56
f 56/56/56 35/35/35 57/57/57
f 35/35/35 34/34/34 57/57/57
f 57/57/57 34/34/34 58/58/58
f 34/34/34 36/36/36 58/58/58
f 58/58/58 36/36/36 59/59/59
f 36/36/36 38/38/38 59/59/59
f 59/59/59 38/38/38 60/60/60
f 38/38/38 40/40/40 60/60/60
f 60/60/60 40/40/40 61/61/61
f 40/40/40 42/42/42 61/61/61
f 61/61/61 42/42/42 62/62/62
f 42/42/42 45/45/45 62/62/62
f 62/62/62 45/45/45 63/63/63
f 45/45/45 46/46/46 63/63/63
f 46/46/46 64/64/64 63/63/63
f 63/63/63 64/64/64 65/65/65
f 65/65/65 64/64/64 66/66/66
f 67/67/67 68/68/68 69/69/69
f 68/68/68 66/66/66 69/69/69
f 69/69/69 66/66/66 70/70/70
f 66/66/66 64/64/64 70/70/70
f 70/70/70 64/64/64 71/71/71
f 64/64/64 46/46/46 71/71/71
f 46/46/46 47/47/47 71/71/71
f 71/71/71 47/47/47 72/72/72
f 72/72/72 47/47/47 73/73/73
f 47/47/47 48/48/48 73/73/73
f 73/73/73 48/48/48 74/74/74
f 48/48/48 50/50/50 74/74/74
f 74/74/74 50/50/50 75/75/75
f 50/50/50 49/49/49 75/75/75
f 75/75/75 49/49/49 76/76/76
f 49/49/49 77/77/77 76/76/76
f 76/76/76 77/77/77 78/78/78
f 79/79/79 80/80/80 81/81/81
f 81/81/81 80/80/80 82/82/82
f 82/82/82 80/80/80 83/83/83
f 83/83/83 80/80/80 84/84/84
f 85/85/85 84/84/84 86/86/86
f 84/84/84 80/80/80 86/86/86
f 86/86/86 80/80/80 87/87/87
f 80/80/80 79/79/79 87/87/87
f 79/79/79 88/88/88 87/87/87
f 87/87/87 88/88/88 89/89/89
f 89/89/89 88/88/88 90/90/90
f 91/91/91 90/90/90 92/92/92
f 90/90/90 88/88/88 92/92/92
f 92/92/92 88/88/88 93/93/93
f 93/93/93 88/88/88 94/94/94
f 88/88/88 79/79/79 94/94/94
f 94/94/94 79/79/79 95/95/95
f 79/79/79 81/81/81 95/95/95
f 95/95/95 81/81/81 96/96/96
f 81/81/81 82/82/82 96/96/96
f 82/82/82 97/97/97 96/96/96
f 96/96/96 97/97/97 98/98/98
f 97/97/97 99/99/99 98/98/98
f 98/98/98 99/99/99 100/100/100
f 99/99/99 78/78/78 100/100/100
f 78/78/78 77/77/77 100/100/100
f 100/100/100 77/77/77 101/101/101
f 101/101/101 77/77/77 102/102/102
f 77/77/77 49/49/49 102/102/102
f 49/49/49 51/51/51 102/102/102
f 51/51/51 103/103/103 102/102/102
f 102/102/102 103/103/103 104/104/104
f 103/103/103 105/105/105 104/104/104
f 104/104/104 105/105/105 106/106/106
f 105/105/105 107/107/107 106/106/106
f 106/106/106 107/107/107 108/108/108
f 107/107/107 109/109/109 108/108/108
f 108/108/108 109/109/109 110/110/110
f 109/109/109 111/111/111 110/110/110
f 110/110/110 111/111/111 112/112/112
f 111/111/111 113/113/113 112/112/112
f 112/112/112 113/113/113 114/114/114
f 113/113/113 115/115/115 114/114/114
f 114/114/114 115/115/115 116/116/116
f 115/115/115 117/117/117 116/116/116
f 116/116/116 117/117/117 118/118/118
f 117/117/117 119/119/119 118/118/118
f 118/118/118 119/119/119 120/120/120
f 119/119/119 121/121/121 120/120/120
f 120/120/120 121/121/121 122/122/122
f 121/121/121 65/65/65 122/122/122
f 122/122/122 65/65/65 123/123/123
f 65/65/65 66/66/66 123/123/123
f 66/66/66 68/68/68 123/123/123
f 123/123/123 68/68/68 124/124/124
f 124/124/124 68/68/68 125/125/125
f 68/68/68 67/67/67 125/125/125
f 67/67/67 126/126/126 125/125/125
f 125/125/125 126/126/126 127/127/127
f 126/126/126 128/128/128 127/127/127
f 127/127/127 128/128/128 129/129/129
f 128/128/128 85/85/85 129/129/129
f 85/85/85 86/86/86 129/129/129
f 129/129/129 86/86/86 130/130/130
f 86/86/86 87/87/87 130/130/130
f 87/87/87 89/89/89 130/130/130
f 130/130/130 89/89/89 131/131/131
f 89/89/89 90/90/90 131/131/131
f 131/131/131 90/90/90 132/132/132
f 90/90/90 91/91/91 132/132/132
f 132/132/132 91/91/91 133/133/133
f 134/134/134 135/135/135 136/136/136
f 135/135/135 133/133/133 136/136/136
f 133/133/133 91/91/91 136/136/136
f 136/136/136 91/91/91 137/137/137
f 91/91/91 92/92/92 137/137/137
f 137/137/137 92/92/92 138/138/138
f 92/92/92 93/93/93 138/138/138
f 139/139/139 138/138/138 140/140/140
f 138/138/138 93/93/93 140/140/140
f 140/140/140 93/93/93 141/141/141
f 93/93/93 94/94/94 141/141/141
f 141/141/141 94/94/94 142/142/142
f 94/94/94 95/95/95 142/142/142
f 142/142/142 95/95/95 143/143/143
f 95/95/95 96/96/96 143/143/143
f 96/96/96 98/98/98 143/143/143
f 143/143/143 98/98/98 144/144/144
f 98/98/98 100/100/100 144/144/144
f 100/100/100 101/101/101 144/144/144
f 101/101/101 145/145/145 144/144/144
f 144/144/144 145/145/145 146/146/146
f 145/145/145 147/147/147 146/146/146
f 146/146/146 147/147/147 148/148/148
f 147/147/147 149/149/149 148/148/148
f 148/148/148 149/149/149 150/150/150
f 149/149/149 151/151/151 150/150/150
f 150/150/150 151/151/151 152/152/152
f 151/151/151 153/153/153 152/152/152
f 152/152/152 153/153/153 154/154/154
f 153/153/153 155/155/155 154/154/154
f 154/154/154 155/155/155 156/156/156
f 155/155/155 157/157/157 156/156/156
f 156/156/156 157/157/157 158/158/158
f 157/157/157 159/159/159 158/158/158
f 158/158/158 159/159/159 160/160/160
f 159/159/159 161/161/161 160/160/160
f 160/160/160 161/161/161 162/162/162
f 161/161/161 163/163/163 162/162/162
f 162/162/162 163/163/163 164/164/164
f 163/163/163 124/124/124 164/164/164
f 164/164/164 124/124/124 165/165/165
f 124/124/124 125/125/125 165/165/165
f 125/125/125 127/127/127 165/165/165
f 165/165/165 127/127/127 166/166/166
f 127/127/127 129/129/129 166/166/166
f 129/129/129 130/130/130 166/166/166
f 130/130/130 131/131/131 166/166/166
f 166/166/166 131/131/131 167/167/167
f 131/131/131 132/132/132 167/167/167
f 167/167/167 132/132/132 168/168/168
f 132/132/132 133/133/133 168/168/168
f 168/168/168 133/133/133 169/169/169
f 133/133/133 135/135/135 169/169/169
f 169/169/169 135/135/135 170/170/170
f 171/171/171 170/170/170 172/172/172
f 170/170/170 135/135/135 172/172/172
f 135/135/135 134/134/134 172/172/172
f 172/172/172 134/134/134 173/173/173
f 173/173/173 134/134/134 174/174/174
f 134/134/134 136/136/136 174/174/174
f 136/136/136 137/137/137 174/174/174
f 174/174/174 137/137/137 175/175/175
f 137/137/137 138/138/138 175/175/175
f 138/138/138 139/139/139 175/175/175
f 139/139/139 176/176/176 175/175/175
f 175/175/175 176/176/176 177/177/177
f 176/176/176 171/171/171 177/177/177
f 171/171/171 172/172/172 177/177/177
f 172/172/172 173/173/173 177/177/177
f 173/173/173 174/174/174 177/177/177
f 178/178/178 179/179/179 180/180/180
f 179/179/179 181/181/181 180/180/180
f 181/181/181 182/182/182 180/180/180
f 182/182/182 183/183/183 180/180/180
f 183/183/183 184/184/184 180/180/180
f 185/185/185 180/180/180 186/186/186
f 180/180/180 184/184/184 186/186/186
f 184/184/184 187/187/187 186/186/186
f 187/187/187 188/188/188 186/186/186
f 188/188/188 189/189/189 186/186/186
f 189/189/189 190/190/190 186/186/186
f 186/186/186 190/190/190 191/191/191
f 191/191/191 190/190/190 192/192/192
f 192/192/192 190/190/190 193/193/193
f 190/190/190 189/189/189 193/193/193
f 193/193/193 189/189/189 194/194/194
f 189/189/189 188/188/188 194/194/194
f 194/194/194 188/188/188 195/195/195
f 188/188/188 187/187/187 195/195/195
f 195/195/195 187/187/187 196/196/196
f 187/187/187 184/184/184 196/196/196
f 196/196/196 184/184/184 197/197/197
f 184/184/184 183/183/183 197/197/197
f 197/197/197 183/183/183 198/198/198
f 183/183/183 182/182/182 198/198/198
f 198/198/198 182/182/182 199/199/199
f 182/182/182 181/181/181 199/199/199
f 199/199/199 181/181/181 200/200/200
f 181/181/181 179/179/179 200/200/200
f 200/200/200 179/179/179 201/201/201
f 179/179/179 178/178/178 201/201/201
f 201/201/201 178/178/178 202/202/202
f 202/202/202 178/178/178 203/203/203
f 178/178/178 180/180/180 203/203/203
f 203/203/203 180/180/180 204/204/204
f 180/180/180 185/185/185 204/204/204
f 204/204/204 185/185/185 205/205/205
f 205/205/205 185/185/185 206/206/206
f 206/206/206 185/185/185 207/207/207
f 207/207/207 185/185/185 208/208/208
f 208/208/208 185/185/185 209/209/209
f 209/209/209 185/185/185 210/210/210
f 185/185/185 186/186/186 210/210/210
f 186/186/186 191/191/191 210/210/210
f 210/210/210 191/191/191 211/211/211
f 191/191/191 192/192/192 211/211/211
f 211/211/211 192/192/192 212/212/212
f 192/192/192 193/193/193 212/212/212
f 193/193/193 194/194/194 212/212/212
f 194/194/194 195/195/195 212/212/212
f 195/195/195 196/196/196 212/212/212
f 212/212/212 196/196/196 213/213/213
f 196/196/196 197/197/197 213/213/213
f 197/197/197 198/198/198 213/213/213
f 198/198/198 199/199/199 213/213/213
f 199/199/199 200/200/200 213/213/213
f 200/200/200 201/201/201 213/213/213
f 201/201/201 202/202/202 213/213/213
f 213/213/213 202/202/202 214/214/214
f 202/202/202 203/203/203 214/214/214
f 203/203/203 204/204/204 214/214/214
f 214/214/214 204/204/204 215/215/215
f 204/204/204 205/205/205 215/215/215
f 215/215/215 205/205/205 216/216/216
f 205/205/205 206/206/206 216/216/216
f 216/216/216 206/206/206 217/217/217
f 206/206/206 207/207/207 217/217/217
f 217/217/217 207/207/207 218/218/218
f 207/207/207 208/208/208 218/218/218
f 218/218/218 208/208/208 219/219/219
f 208/208/208 209/209/209 219/219/219
f 219/219/219 209/209/209 220/220/220
f 209/209/209 210/210/210 220/220/220
f 210/210/210 211/211/211 220/220/220
f 211/211/211 212/212/212 220/220/220
f 220/220/220 212/212/212 221/221/221
f 212/212/212 213/213/213 221/221/221
f 213/213/213 214/214/214 221/221/221
f 214/214/214 215/215/215 221/221/221
f 215/215/215 216/216/216 221/221/221
f 216/216/216 217/217/217 221/221/221
f 217/217/217 218/218/218 221/221/221
f 218/218/218 219/219/219 221/221/221
f 222/222/222 223/223/223 224/224/224
f 223/223/223 225/225/225 224/224/224
f 224/224/224 225/225/225 226/226/226
f 226/226/226 225/225/225 227/227/227
f 225/225/225 223/223/223 227/227/227
f 227/227/227 223/223/223 228/228/228
f 223/223/223 222/222/222 228/228/228
f 228/228/228 222/222/222 229/229/229
f 222/222/222 224/224/224 229/229/229
f 224/224/224 226/226/226 229/229/229
f 229/229/229 226/226/226 230/230/230
f 230/230/230 226/226/226 231/231/231
f 226/226/226 227/227/227 231/231/231
f 231/231/231 227/227/227 232/232/232
f 227/227/227 228/228/228 232/232/232
f 232/232/232 228/228/228 233/233/233
f 228/228/228 229/229/229 233/233/233
f 229/229/229 230/230/230 233/233/233
f 230/230/230 231/231/231 233/233/233
f 234/234/234 235/235/235 236/236/236
f 236/236/236 235/235/235 237/237/237
f 235/235/235 238/238/238 237/237/237
f 237/237/237 238/238/238 239/239/239
f 238/238/238 240/240/240 239/239/239
f 239/239/239 240/240/240 241/241/241
f 240/240/240 242/242/242 241/241/241
f 241/241/241 242/242/242 243/243/243
f 242/242/242 244/244/244 243/243/243
f 243/243/243 244/244/244 245/245/245
f 244/244/244 246/246/246 245/245/245
f 245/245/245 246/246/246 247/247/247
f 246/246/246 248/248/248 247/247/247
f 247/247/247 248/248/248 249/249/249
f 248/248/248 250/250/250 249/249/249
f 249/249/249 250/250/250 251/251/251
f 250/250/250 252/252/252 251/251/251
f 251/251/251 252/252/252 253/253/253
f 252/252/252 254/254/254 253/253/253
f 253/253/253 254/254/254 255/255/255
f 254/254/254 256/256/256 255/255/255
f 255/255/255 256/256/256 257/257/257
f 256/256/256 234/234/234 257/257/257
f 234/234/234 236/236/236 257/257/257
f 258/258/258 259/259/259 260/260/260
f 260/260/260 259/259/259 261/261/261
f 259/259/259 262/262/262 261/261/261
f 261/261/261 262/262/262 263/263/263
f 262/262/262 264/264/264 263/263/263
f 263/263/263 264/264/264 265/265/265
f 264/264/264 266/266/266 265/265/265
f 265/265/265 266/266/266 267/267/267
f 266/266/266 268/268/268 267/267/267
f 267/267/267 268/268/268 269/269/269
f 268/268/268 270/270/270 269/269/269
f 269/269/269 270/270/270 271/271/271
f 270/270/270 272/272/272 271/271/271
f 271/271/271 272/272/272 273/273/273
f 272/272/272 274/274/274 273/273/273
f 273/273/273 274/274/274 275/275/275
f 274/274/274 276/276/276 275/275/275
f 275/275/275 276/276/276 277/277/277
f 276/276/276 278/278/278 277/277/277
f 277/277/277 278/278/278 279/279/279
f 278/278/278 280/280/280 279/279/279
f 279/279/279 280/280/280 281/281/281
f 281/281/281 280/280/280 282/282/282
f 282/282/282 280/280/280 283/283/283
f 280/280/280 278/278/278 283/283/283
f 278/278/278 276/276/276 283/283/283
f 276/276/276 274/274/274 283/283/283
f 274/274/274 272/272/272 283/283/283
f 272/272/272 270/270/270 283/283/283
f 270/270/270 268/268/268 283/283/283
f 268/268/268 266/266/266 283/283/283
f 266/266/266 264/264/264 283/283/283
f 264/264/264 262/262/262 283/283/283
f 262/262/262 259/259/259 283/283/283
f 259/259/259 258/258/258 283/283/283
f 283/283/283 258/258/258 284/284/284
f 284/284/284 258/258/258 285/285/285
f 258/258/258 260/260/260 285/285/285
f 285/285/285 260/260/260 286/286/286
f 260/260/260 261/261/261 286/286/286
f 261/261/261 263/263/263 286/286/286
f 263/263/263 265/265/265 286/286/286
f 265/265/265 267/267/267 286/286/286
f 267/267/267 269/269/269 286/286/286
f 269/269/269 271/271/271 286/286/286
f 271/271/271 273/273/273 286/286/286
f 273/273/273 275/275/275 286/286/286
f 275/275/275 277/277/277 286/286/286
f 277/277/277 279/279/279 286/286/286
f 279/279/279 281/281/281 286/286/286
f 286/286/286 281/281/281 287/287/287
f 281/281/281 282/282/282 287/287/287
f 287/287/287 282/282/282 288/288/288
f 282/282/282 283/283/283 288/288/288
f 288/288/288 283/283/283 289/289/289
f 283/283/283 284/284/284 289/289/289
f 289/289/289 284/284/284 290/290/290
f 284/284/284 285/285/285 290/290/290
f 285/285/285 286/286/286 290/290/290
f 290/290/290 286/286/286 291/291/291
f 286/286/286 287/287/287 291/291/291
f 287/287/287 288/288/288 291/291/291
f 288/288/288 289/289/289 291/291/291
f 292/292/292 293/293/293 294/294/294
f 293/293/293 295/295/295 294/294/294
f 294/294/294 295/295/295 296/296/296
f 295/295/295 297/297/297 296/296/296
f 296/296/296 297/297/297 298/298/298
f 297/297/297 299/299/299 298/298/298
f 298/298/298 299/299/299 300/300/300
f 299/299/299 301/301/301 300/300/300
f 300/300/300 301/301/301 302/302/302
f 301/301/301 303/303/303 302/302/302
f 302/302/302 303/303/303 304/304/304
f 303/303/303 305/305/305 304/304/304
f 304/304/304 305/305/305 306/306/306
f 305/305/305 307/307/307 306/306/306
f 306/306/306 307/307/307 308/308/308
f 307/307/307 309/309/309 308/308/308
f 308/308/308 309/309/309 310/310/310
f 309/309/309 311/311/311 310/310/310
f 310/310/310 311/311/311 312/312/312
f 311/311/311 313/313/313 312/312/312
f 312/312/312 313/313/313 314/314/314
f 313/313/313 315/315/315 314/314/314
f 314/314/314 315/315/315 316/316/316
f 315/315/315 317/317/317 316/316/316
f 316/316/316 317/317/317 318/318/318
f 317/317/317 319/319/319 318/318/318
f 318/318/318 319/319/319 320/320/320
f 319/319/319 321/321/321 320/320/320
f 320/320/320 321/321/321 322/322/322
f 321/321/321 323/323/323 322/322/322
f 322/322/322 323/323/323 324/324/324
f 323/323/323 325/325/325 324/324/324
f 324/324/324 325/325/325 326/326/326
f 325/325/325 327/327/327 326/326/326
f 326/326/326 327/327/327 328/328/328
f 327/327/327 329/329/329 328/328/328
f 328/328/328 329/329/329 330/330/330
f 329/329/329 331/331/331 330/330/330
f 330/330/330 331/331/331 332/332/332
f 331/331/331 333/333/333 332/332/332
f 332/332/332 333/333/333 334/334/334
f 335/335/335 334/334/334 336/336/336
f 334/334/334 333/333/333 336/336/336
f 336/336/336 333/333/333 337/337/337
f 333/333/333 331/331/331 337/337/337
f 331/331/331 329/329/329 337/337/337
f 329/329/329 327/327/327 337/337/337
f 327/327/327 325/325/325 337/337/337
f 325/325/325 323/323/323 337/337/337
f 323/323/323 321/321/321 337/337/337
f 321/321/321 319/319/319 337/337/337
f 319/319/319 317/317/317 337/337/337
f 317/317/317 315/315/315 337/337/337
f 315/315/315 313/313/313 337/337/337
f 313/313/313 311/311/311 337/337/337
f 311/311/311 309/309/309 337/337/337
f 309/309/309 307/307/307 337/337/337
f 307/307/307 305/305/305 337/337/337
f 305/305/305 303/303/303 337/337/337
f 303/303/303 301/301/301 337/337/337
f 301/301/301 299/299/299 337/337/337
f 299/299/299 297/297/297 337/337/337
f 297/297/297 295/295/295 337/337/337
f 295/295/295 293/293/293 337/337/337
f 337/337/337 293/293/293 338/338/338
f 293/293/293 292/292/292 338/338/338
f 292/292/292 339/339/339 338/338/338
f 338/338/338 339/339/339 340/340/340
f 339/339/339 335/335/335 340/340/340
f 335/335/335 336/336/336 340/340/340
f 336/336/336 337/337/337 340/340/340
f 341/341/341 342/342/342 343/343/343
f 342/342/342 344/344/344 343/343/343
f 343/343/343 344/344/344 345/345/345
f 344/344/344 346/346/346 345/345/345
f 345/345/345 346/346/346 347/347/347
f 346/346/346 348/348/348 347/347/347
f 347/347/347 348/348/348 349/349/349
f 348/348/348 350/350/350 349/349/349
f 349/349/349 350/350/350 351/351/351
f 350/350/350 352/352/352 351/351/351
f 351/351/351 352/352/352 353/353/353
f 352/352/352 354/354/354 353/353/353
f 353/353/353 354/354/354 355/355/355
f 354/354/354 356/356/356 355/355/355
f 355/355/355 356/356/356 357/357/357
f 356/356/356 358/358/358 357/357/357
f 357/357/357 358/358/358 359/359/359
f 358/358/358 360/360/360 359/359/359
f 359/359/359 360/360/360 361/361/361
f 360/360/360 362/362/362 361/361/361
f 361/361/361 362/362/362 363/363/363
f 362/362/362 364/364/364 363/363/363
f 363/363/363 364/364/364 365/365/365
f 364/364/364 366/366/366 365/365/365
f 365/365/365 366/366/366 367/367/367
f 366/366/366 368/368/368 367/367/367
f 367/367/367 368/368/368 369/369/369
f 368/368/368 370/370/370 369/369/369
f 369/369/369 370/370/370 371/371/371
f 370/370/370 372/372/372 371/371/371
f 371/371/371 372/372/372 373/373/373
f 372/372/372 374/374/374 373/373/373
f 373/373/373 374/374/374 375/375/375
f 374/374/374 376/376/376 375/375/375
f 375/375/375 376/376/376 377/377/377
f 376/376/376 378/378/378 377/377/377
f 377/377/377 378/378/378 379/379/379
f 378/378/378 380/380/380 379/379/379
f 379/379/379 380/380/380 381/381/381
f 380/380/380 382/382/382 381/381/381
f 381/381/381 382/382/382 383/383/383
f 384/384/384 383/383/383 385/385/385
f 383/383/383 382/382/382 385/385/385
f 385/385/385 382/382/382 386/386/386
f 382/382/382 380/380/380 386/386/386
f 380/380/380 378/378/378 386/386/386
f 378/378/378 376/376/376 386/386/386
f 376/376/376 374/374/374 386/386/386
f 374/374/374 372/372/372 386/386/386
f 372/372/372 370/370/370 386/386/386
f 370/370/370 368/368/368 386/386/386
f 368/368/368 366/366/366 386/386/386
f 366/366/366 364/364/364 386/386/386
f 364/364/364 362/362/362 386/386/386
f 362/362/362 360/360/360 386/386/386
f 360/360/360 358/358/358 386/386/386
f 358/358/358 356/356/356 386/386/386
f 356/356/356 354/354/354 386/386/386
f 354/354/354 352/352/352 386/386/386
f 352/352/352 350/350/350 386/386/386
f 350/350/350 348/348/348 386/386/386
f 348/348/348 346/346/346 386/386/386
f 346/346/346 344/344/344 386/386/386
f 344/344/344 342/342/342 386/386/386
f 386/386/386 342/342/342 387/387/387
f 342/342/342 341/341/341 387/387/387
f 341/341/341 388/388/388 387/387/387
f 387/387/387 388/388/388 389/389/389
f 388/388/388 384/384/384 389/389/389
f 384/384/384 385/385/385 389/389/389
f 385/385/385 386/386/386 389/389/389
f 390/390/390 391/391/391 392/392/392
f 392/392/392 391/391/391 393/393/393
f 393/393/393 391/391/391 394/394/394
f 394/394/394 391/391/391 395/395/395
f 391/391/391 390/390/390 395/395/395
f 395/395/395 390/390/390 396/396/396
f 390/390/390 392/392/392 396/396/396
f 396/396/396 392/392/392 397/397/397
f 392/392/392 393/393/393 397/397/397
f 393/393/393 394/394/394 397/397/397
f 397/397/397 394/394/394 398/398/398
f 398/398/398 394/394/394 399/399/399
f 394/394/394 395/395/395 399/399/399
f 399/399/399 395/395/395 400/400/400
f 395/395/395 396/396/396 400/400/400
f 400/400/400 396/396/396 401/401/401
f 396/396/396 397/397/397 401/401/401
f 397/397/397 398/398/398 401/401/401
f 398/398/398 399/399/399 401/401/401
f 402/402/402 403/403/403 404/404/404
f 404/404/404 403/403/403 405/405/405
f 405/405/405 403/403/403 406/406/406
f 406/406/406 403/403/403 407/407/407
f 407/407/407 403/403/403 408/408/408
f 408/408/408 403/403/403 409/409/409
f 409/409/409 403/403/403 410/410/410
f 410/410/410 403/403/403 411/411/411
f 411/411/411 403/403/403 412/412/412
f 412/412/412 403/403/403 413/413/413
f 413/413/413 403/403/403 414/414/414
f 414/414/414 403/403/403 415/415/415
f 415/415/415 403/403/403 416/416/416
f 416/416/416 403/403/403 417/417/417
f 417/417/417 403/403/403 418/418/418
f 403/403/403 402/402/402 418/418/418
f 418/418/418 402/402/402 419/419/419
f 419/419/419 402/402/402 420/420/420
f 402/402/402 404/404/404 420/420/420
f 420/420/420 404/404/404 421/421/421
f 404/404/404 405/405/405 421/421/421
f 421/421/421 405/405/405 422/422/422
f 405/405/405 406/406/406 422/422/422
f 422/422/422 406/406/406 423/423/423
f 406/406/406 407/407/407 423/423/423
f 423/423/423 407/407/407 424/424/424
f 407/407/407 408/408/408 424/424/424
f 424/424/424 408/408/408 425/425/425
f 408/408/408 409/409/409 425/425/425
f 425/425/425 409/409/409 426/426/426
f 409/409/409 410/410/410 426/426/426
f 426/426/426 410/410/410 427/427/427
f 410/410/410 411/411/411 427/427/427
f 427/427/427 411/411/411 428/428/428
f 411/411/411 412/412/412 428/428/428
f 428/428/428 412/412/412 429/429/429
f 412/412/412 413/413/413 429/429/429
f 429/429/429 413/413/413 430/430/430
f 413/413/413 414/414/414 430/430/430
f 430/430/430 414/414/414 431/431/431
f 414/414/414 415/415/415 431/431/431
f 431/431/431 415/415/415 432/432/432
f 415/415/415 416/416/416 432/432/432
f 432/432/432 416/416/416 433/433/433
f 416/416/416 417/417/417 433/433/433
f 433/433/433 417/417/417 434/434/434
f 417/417/417 418/418/418 434/434/434
f 418/418/418 419/419/419 434/434/434
f 434/434/434 419/419/419 435/435/435
f 435/435/435 419/419/419 436/436/436
f 419/419/419 420/420/420 436/436/436
f 436/436/436 420/420/420 437/437/437
f 420/420/420 421/421/421 437/437/437
f 437/437/437 421/421/421 438/438/438
f 421/421/421 422/422/422 438/438/438
f 438/438/438 422/422/422 439/439/439
f 422/422/422 423/423/423 439/439/439
f 439/439/439 423/423/423 440/440/440
f 423/423/423 424/424/424 440/440/440
f 440/440/440 424/424/424 441/441/441
f 424/424/424 425/425/425 441/441/441
f 441/441/441 425/425/425 442/442/442
f 425/425/425 426/426/426 442/442/442
f 442/442/442 426/426/426 443/443/443
f 426/426/426 427/427/427 443/443/443
f 443/443/443 427/427/427 444/444/444
f 427/427/427 428/428/428 444/444/444
f 444/444/444 428/428/428 445/445/445
f 428/428/428 429/429/429 445/445/445
f 445/445/445 429/429/429 446/446/446
f 429/429/429 430/430/430 446/446/446
f 446/446/446 430/430/430 447/447/447
f 430/430/430 431/431/431 447/447/447
f 447/447/447 431/431/431 448/448/448
f 431/431/431 432/432/432 448/448/448
f 448/448/448 432/432/432 449/449/449
f 432/432/432 433/433/433 449/449/449
f 449/449/449 433/433/433 450/450/450
f 433/433/433 434/434/434 450/450/450
f 434/434/434 435/435/435 450/450/450
f 450/450/450 435/435/435 451/451/451
f 451/451/451 435/435/435 452/452/452
f 435/435/435 436/436/436 452/452/452
f 452/452/452 436/436/436 453/453/453
f 436/436/436 437/437/437 453/453/453
f 453/453/453 437/437/437 454/454/454
f 437/437/437 438/438/438 454/454/454
f 454/454/454 438/438/438 455/455/455
f 438/438/438 439/439/439 455/455/455
f 455/455/455 439/439/439 456/456/456
f 439/439/439 440/440/440 456/456/456
f 456/456/456 440/440/440 457/457/457
f 440/440/440 441/441/441 457/457/457
f 457/457/457 441/441/441 458/458/458
f 441/441/441 442/442/442 458/458/458
f 458/458/458 442/442/442 459/459/459
f 442/442/442 443/443/443 459/459/459
f 459/459/459 443/443/443 460/460/460
f 443/443/443 444/444/444 460/460/460
f 460/460/460 444/444/444 461/461/461
f 444/444/444 445/445/445 461/461/461
f 461/461/461 445/445/445 462/462/462
f 445/445/445 446/446/446 462/462/462
f 462/462/462 446/446/446 463/463/463
f 446/446/446 447/447/447 463/463/463
f 463/463/463 447/447/447 464/464/464
f 447/447/447 448/448/448 464/464/464
f 464/464/464 448/448/448 465/465/465
f 448/448/448 449/449/449 465/465/465
f 465/465/465 449/449/449 466/466/466
f 449/449/449 450/450/450 466/466/466
f 450/450/450 451/451/451 466/466/466
f 466/466/466 451/451/451 467/467/467
f 467/467/467 451/451/451 468/468/468
f 451/451/451 452/452/452 468/468/468
f 468/468/468 452/452/452 469/469/469
f 452/452/452 453/453/453 469/469/469
f 469/469/469 453/453/453 470/470/470
f 453/453/453 454/454/454 470/470/470
f 470/470/470 454/454/454 471/471/471
f 454/454/454 455/455/455 471/471/471
f 471/471/471 455/455/455 472/472/472
f 455/455/455 456/456/456 472/472/472
f 472/472/472 456/456/456 473/473/473
f 456/456/456 457/457/457 473/473/473
f 473/473/473 457/457/457 474/474/474
f 457/457/457 458/458/458 474/474/474
f 474/474/474 458/458/458 475/475/475
f 458/458/458 459/459/459 475/475/475
f 475/475/475 459/459/459 476/476/476
f 459/459/459 460/460/460 476/476/476
f 476/476/476 460/460/460 477/477/477
f 460/460/460 461/461/461 477/477/477
f 477/477/477 461/461/461 478/478/478
f 461/461/461 462/462/462 478/478/478
f 478/478/478 462/462/462 479/479/479
f 462/462/462 463/463/463 479/479/479
f 479/479/479 463/463/463 480/480/480
f 463/463/463 464/464/464 480/480/480
f 480/480/480 464/464/464 481/481/481
f 464/464/464 465/465/465 481/481/481
f 481/481/481 465/465/465 482/482/482
f 465/465/465 466/466/466 482/482/482
f 466/466/466 467/467/467 482/482/482
f 482/482/482 467/467/467 483/483/483
f 483/483/483 467/467/467 484/484/484
f 467/467/467 468/468/468 484/484/484
f 484/484/484 468/468/468 485/485/485
f 468/468/468 469/469/469 485/485/485
f 485/485/485 469/469/469 486/486/486
f 469/469/469 470/470/470 486/486/486
f 486/486/486 470/470/470 487/487/487
f 470/470/470 471/471/471 487/487/487
f 487/487/487 471/471/471 488/488/488
f 471/471/471 472/472/472 488/488/488
f 488/488/488 472/472/472 489/489/489
f 472/472/472 473/473/473 489/489/489
f 489/489/489 473/473/473 490/490/490
f 473/473/473 474/474/474 490/490/490
f 490/490/490 474/474/474 491/491/491
f 474/474/474 475/475/475 491/491/491
f 491/491/491 475/475/475 492/492/492
f 475/475/475 476/476/476 492/492/492
f 492/492/492 476/476/476 493/493/493
f 476/476/476 477/477/477 493/493/493
f 493/493/493 477/477/477 494/494/494
f 477/477/477 478/478/478 494/494/494
f 494/494/494 478/478/478 495/495/495
f 478/478/478 479/479/479 495/495/495
f 495/495/495 479/479/479 496/496/496
f 479/479/479 480/480/480 496/496/496
f 496/496/496 480/480/480 497/497/497
f 480/480/480 481/481/481 497/497/497
f 497/497/497 481/481/481 498/498/498
f 481/481/481 482/482/482 498/498/498
f 482/482/482 483/483/483 498/498/498
f 498/498/498 483/483/483 499/499/499
f 499/499/499 483/483/483 500/500/500
f 483/483/483 484/484/484 500/500/500
f 500/500/500 484/484/484 501/501/501
f 484/484/484 485/485/485 501/501/501
f 501/501/501 485/485/485 502/502/502
f 485/485/485 486/486/486 502/502/502
f 502/502/502 486/486/486 503/503/503
f 486/486/486 487/487/487 503/503/503
f 503/503/503 487/487/487 504/504/504
f 487/487/487 488/488/488 504/504/504
f 504/504/504 488/488/488 505/505/505
f 488/488/488 489/489/489 505/505/505
f 505/505/505 489/489/489 506/506/506
f 489/489/489 490/490/490 506/506/506
f 506/506/506 490/490/490 507/507/507
f 490/490/490 491/491/491 507/507/507
f 507/507/507 491/491/491 508/508/508
f 491/491/491 492/492/492 508/508/508
f 508/508/508 492/492/492 509/509/509
f 492/492/492 493/493/493 509/509/509
f 509/509/509 493/493/493 510/510/510
f 493/493/493 494/494/494 510/510/510
f 510/510/510 494/494/494 511/511/511
f 494/494/494 495/495/495 511/511/511
f 511/511/511 495/495/495 512/512/512
f 495/495/495 496/496/496 512/512/512
f 512/512/512 496/496/496 513/513/513
f 496/496/496 497/497/497 513/513/513
f 513/513/513 497/497/497 514/514/514
f 497/497/497 498/498/498 514/514/514
f 498/498/498 499/499/499 514/514/514
f 514/514/514 499/499/499 515/515/515
f 515/515/515 499/499/499 516/516/516
f 499/499/499 500/500/500 516/516/516
f 516/516/516 500/500/500 517/517/517
f 500/500/500 501/501/501 517/517/517
f 517/517/517 501/501/501 518/518/518
f 501/501/501 502/502/502 518/518/518
f 518/518/518 502/502/502 519/519/519
f 502/502/502 503/503/503 519/519/519
f 519/519/519 503/503/503 520/520/520
f 503/503/503 504/504/504 520/520/520
f 520/520/520 504/504/504 521/521/521
f 504/504/504 505/505/505 521/521/521
f 521/521/521 505/505/505 522/522/522
f 505/505/505 506/506/506 522/522/522
f 522/522/522 506/506/506 523/523/523
f 506/506/506 507/507/507 523/523/523
f 523/523/523 507/507/507 524/524/524
f 507/507/507 508/508/508 524/524/524
f 524/524/524 508/508/508 525/525/525
f 508/508/508 509/509/509 525/525/525
f 525/525/525 509/509/509 526/526/526
f 509/509/509 510/510/510 526/526/526
f 526/526/526 510/510/510 527/527/527
f 510/510/510 511/511/511 527/527/527
f 527/527/527 511/511/511 528/528/528
f 511/511/511 512/512/512 528/528/528
f 528/528/528 512/512/512 529/529/529
f 512/512/512 513/513/513 529/529/529
f 529/529/529 513/513/513 530/530/530
f 513/513/513 514/514/514 530/530/530
f 514/514/514 515/515/515 530/530/530
f 531/531/531 532/532/532 533/533/533
f 532/532/532 534/534/534 533/533/533
f 533/533/533 534/534/534 535/535/535
f 535/535/535 534/534/534 536/536/536
f 534/534/534 532/532/532 536/536/536
f 536/536/536 532/532/532 537/537/537
f 532/532/532 531/531/531 537/537/537
f 537/537/537 531/531/531 538/538/538
f 531/531/531 533/533/533 538/538/538
f 533/533/533 535/535/535 538/538/538
f 538/538/538 535/535/535 539/539/539
f 539/539/539 535/535/535 540/540/540
f 535/535/535 536/536/536 540/540/540
f 540/540/540 536/536/536 541/541/541
f 536/536/536 537/537/537 541/541/541
f 541/541/541 537/537/537 542/542/542
f 537/537/537 538/538/538 542/542/542
f 538/538/538 539/539/539 542/542/542
f 539/539/539 540/540/540 542/542/542
f 543/543/543 544/544/544 545/545/545
f 545/545/545 544/544/544 546/546/546
f 546/546/546 544/544/544 547/547/547
f 547/547/547 544/544/544 548/548/548
f 548/548/548 544/544/544 549/549/549
f 549/549/549 544/544/544 550/550/550
f 550/550/550 544/544/544 551/551/551
f 551/551/551 544/544/544 552/552/552
f 552/552/552 544/544/544 553/553/553
f 553/553/553 544/544/544 554/554/554
f 554/554/554 544/544/544 555/555/555
f 555/555/555 544/544/544 556/556/556
f 556/556/556 544/544/544 557/557/557
f 557/557/557 544/544/544 558/558/558
f 558/558/558 544/544/544 559/559/559
f 544/544/544 543/543/543 559/559/559
f 559/559/559 543/543/543 560/560/560
f 560/560/560 543/543/543 561/561/561
f 543/543/543 545/545/545 561/561/561
f 561/561/561 545/545/545 562/562/562
f 545/545/545 546/546/546 562/562/562
f 562/562/562 546/546/546 563/563/563
f 546/546/546 547/547/547 563/563/563
f 563/563/563 547/547/547 564/564/564
f 547/547/547 548/548/548 564/564/564
f 564/564/564 548/548/548 565/565/565
f 548/548/548 549/549/549 565/565/565
f 565/565/565 549/549/549 566/566/566
f 549/549/549 550/550/550 566/566/566
f 566/566/566 550/550/550 567/567/567
f 550/550/550 551/551/551 567/567/567
f 567/567/567 551/551/551 568/568/568
f 551/551/551 552/552/552 568/568/568
f 568/568/568 552/552/552 569/569/569
f 552/552/552 553/553/553 569/569/569
f 569/569/569 553/553/553 570/570/570
f 553/553/553 554/554/554 570/570/570
f 570/570/570 554/554/554 571/571/571
f 554/554/554 555/555/555 571/571/571
f 571/571/571 555/555/555 572/572/572
f 555/555/555 556/556/556 572/572/572
f 572/572/572 556/556/556 573/573/573
f 556/556/556 557/557/557 573/573/573
f 573/573/573 557/557/557 574/574/574
f 557/557/557 558/558/558 574/574/574
f 574/574/574 558/558/558 575/575/575
f 558/558/558 559/559/559 575/575/575
f 559/559/559 560/560/560 575/575/575
f 575/575/575 560/560/560 576/576/576
f 576/576/576 560/560/560 577/577/577
f 560/560/560 561/561/561 577/577/577
f 577/577/577 561/561/561 578/578/578
f 561/561/561 562/562/562 578/578/578
f 578/578/578 562/562/562 579/579/579
f 562/562/562 563/563/563 579/579/579
f 579/579/579 563/563/563 580/580/580
f 563/563/563 564/564/564 580/580/580
f 580/580/580 564/564/564 581/581/581
f 564/564/564 565/565/565 581/581/581
f 581/581/581 565/565/565 582/582/582
f 565/565/565 566/566/566 582/582/582
f 582/582/582 566/566/566 583/583/583
f 566/566/566 567/567/567 583/583/583
f 583/583/583 567/567/567 584/584/584
f 567/567/567 568/568/568 584/584/584
f 584/584/584 568/568/568 585/585/585
f 568/568/568 569/569/569 585/585/585
f 585/585/585 569/569/569 586/586/586
f 569/569/569 570/570/570 586/586/586
f 586/586/586 570/570/570 587/587/587
f 570/570/570 571/571/571 587/587/587
f 587/587/587 571/571/571 588/588/588
f 571/571/571 572/572/572 588/588/588
f 588/588/588 572/572/572 589/589/589
f 572/572/572 573/573/573 589/589/589
f 589/589/589 573/573/573 590/590/590
f 573/573/573 574/574/574 590/590/590
f 590/590/590 574/574/574 591/591/591
f 574/574/574 575/575/575 591/591/591
f 575/575/575 576/576/576 591/591/591
f 591/591/591 576/576/576 592/592/592
f 592/592/592 576/576/576 593/593/593
f 576/576/576 577/577/577 593/593/593
f 593/593/593 577/577/577 594/594/594
f 577/577/577 578/578/578 594/594/594
f 594/594/594 578/578/578 595/595/595
f 578/578/578 579/579/579 595/595/595
f 595/595/595 579/579/579 596/596/596
f 579/579/579 580/580/580 596/596/596
f 596/596/596 580/580/580 597/597/597
f 580/580/580 581/581/581 597/597/597
f 597/597/597 581/581/581 598/598/598
f 581/581/581 582/582/582 598/598/598
f 598/598/598 582/582/582 599/599/599
f 582/582/582 583/583/583 599/599/599
f 599/599/599 583/583/583 600/600/600
f 583/583/583 584/584/584 600/600/600
f 600/600/600 584/584/584 601/601/601
f 584/584/584 585/585/585 601/601/601
f 601/601/601 585/585/585 602/602/602
f 585/585/585 586/586/586 602/602/602
f 602/602/602 586/586/586 603/603/603
f 586/586/586 587/587/587 603/603/603
f 603/603/603 587/587/587 604/604/604
f 587/587/587 588/588/588 604/604/604
f 604/604/604 588/588/588 605/605/605
f 588/588/588 589/589/589 605/605/605
f 605/605/605 589/589/589 606/606/606
f 589/589/589 590/590/590 606/606/606
f 606/606/606 590/590/590 607/607/607
f 590/590/590 591/591/591 607/607/607
f 591/591/591 592/592/592 607/607/607
f 607/607/607 592/592/592 608/608/608
f 608/608/608 592/592/592 609/609/609
f 592/592/592 593/593/593 609/609/609
f 609/609/609 593/593/593 610/610/610
f 593/593/593 594/594/594 610/610/610
f 610/610/610 594/594/594 611/611/611
f 594/594/594 595/595/595 611/611/611
f 611/611/611 595/595/595 612/612/612
f 595/595/595 596/596/596 612/612/612
f 612/612/612 596/596/596 613/613/613
f 596/596/596 597/597/597 613/613/613
f 613/613/613 597/597/597 614/614/614
f 597/597/597 598/598/598 614/614/614
f 614/614/614 598/598/598 615/615/615
f 598/598/598 599/599/599 615/615/615
f 615/615/615 599/599/599 616/616/616
f 599/599/599 600/600/600 616/616/616
f 616/616/616 600/600/600 617/617/617
f 600/600/600 601/601/601 617/617/617
f 617/617/617 601/601/601 618/618/618
f 601/601/601 602/602/602 618/618/618
f 618/618/618 602/602/602 619/619/619
f 602/602/602 603/603/603 619/619/619
f 619/619/619 603/603/603 620/620/620
f 603/603/603 604/604/604 620/620/620
f 620/620/620 604/604/604 621/621/621
f 604/604/604 605/605/605 621/621/621
f 621/621/621 605/605/605 622/622/622
f 605/605/605 606/606/606 622/622/622
f 622/622/622 606/606/606 623/623/623
f 606/606/606 607/607/607 623/623/623
f 607/607/607 608/608/608 623/623/623
f 623/623/623 608/608/608 624/624/624
f 624/624/624 608/608/608 625/625/625
f 608/608/608 609/609/609 625/625/625
f 625/625/625 609/609/609 626/626/626
f 609/609/609 610/610/610 626/626/626
f 626/626/626 610/610/610 627/627/627
f 610/610/610 611/611/611 627/627/627
f 627/627/627 611/611/611 628/628/628
f 611/611/611 612/612/612 628/628/628
f 628/628/628 612/612/612 629/629/629
f 612/612/612 613/613/613 629/629/629
f 629/629/629 613/613/613 630/630/630
f 613/613/613 614/614/614 630/630/630
f 630/630/630 614/614/614 631/631/631
f 614/614/614 615/615/615 631/631/631
f 631/631/631 615/615/615 632/632/632
f 615/615/615 616/616/616 632/632/632
f 632/632/632 616/616/616 633/633/633
f 616/616/616 617/617/617 633/633/633
f 633/633/633 617/617/617 634/634/634
f 617/617/617 618/618/618 634/634/634
f 634/634/634 618/618/618 635/635/635
f 618/618/618 619/619/619 635/635/635
f 635/635/635 619/619/619 636/636/636
f 619/619/619 620/620/620 636/636/636
f 636/636/636 620/620/620 637/637/637
f 620/620/620 621/621/621 637/637/637
f 637/637/637 621/621/621 638/638/638
f 621/621/621 622/622/622 638/638/638
f 638/638/638 622/622/622 639/639/639
f 622/622/622 623/623/623 639/639/639
f 623/623/623 624/624/624 639/639/639
f 639/639/639 624/624/624 640/640/640
f 640/640/640 624/624/624 641/641/641
f 624/624/624 625/625/625 641/641/641
f 641/641/641 625/625/625 642/642/642
f 625/625/625 626/626/626 642/642/642
f 642/642/642 626/626/626 643/643/643
f 626/626/626 627/627/627 643/643/643
f 643/643/643 627/627/627 644/644/644
f 627/627/627 628/628/628 644/644/644
f 644/644/644 628/628/628 645/645/645
f 628/628/628 629/629/629 645/645/645
f 645/645/645 629/629/629 646/646/646
f 629/629/629 630/630/630 646/646/646
f 646/646/646 630/630/630 647/647/647
f 630/630/630 631/631/631 647/647/647
f 647/647/647 631/631/631 648/648/648
f 631/631/631 632/632/632 648/648/648
f 648/648/648 632/632/632 649/649/649
f 632/632/632 633/633/633 649/649/649
f 649/649/649 633/633/633 650/650/650
f 633/633/633 634/634/634 650/650/650
f 650/650/650 634/634/634 651/651/651
f 634/634/634 635/635/635 651/651/651
f 651/651/651 635/635/635 652/652/652
f 635/635/635 636/636/636 652/652/652
f 652/652/652 636/636/636 653/653/653
f 636/636/636 637/637/637 653/653/653
f 653/653/653 637/637/637 654/654/654
f 637/637/637 638/638/638 654/654/654
f 654/654/654 638/638/638 655/655/655
f 638/638/638 639/639/639 655/655/655
f 639/639/639 640/640/640 655/655/655
f 655/655/655 640/640/640 656/656/656
f 656/656/656 640/640/640 657/657/657
f 640/640/640 641/641/641 657/657/657
f 657/657/657 641/641/641 658/658/658
f 641/641/641 642/642/642 658/658/658
f 658/658/658 642/642/642 659/659/659
f 642/642/642 643/643/643 659/659/659
f 659/659/659 643/643/643 660/660/660
f 643/643/643 644/644/644 660/660/660
f 660/660/660 644/644/644 661/661/661
f 644/644/644 645/645/645 661/661/661
f 661/661/661 645/645/645 662/662/662
f 645/645/645 646/646/646 662/662/662
f 662/662/662 646/646/646 663/663/663
f 646/646/646 647/647/647 663/663/663
f 663/663/663 647/647/647 664/664/664
f 647/647/647 648/648/648 664/664/664
f 664/664/664 648/648/648 665/665/665
f 648/648/648 649/649/649 665/665/665
f 665/665/665 649/649/649 666/666/666
f 649/649/649 650/650/650 666/666/666
f 666/666/666 650/650/650 667/667/667
f 650/650/650 651/651/651 667/667/667
f 667/667/667 651/651/651 668/668/668
f 651/651/651 652/652/652 668/668/668
f 668/668/668 652/652/652 669/669/669
f 652/652/652 653/653/653 669/669/669
f 669/669/669 653/653/653 670/670/670
f 653/653/653 654/654/654 670/670/670
f 670/670/670 654/654/654 671/671/671
f 654/654/654 655/655/655 671/671/671
f 655/655/655 656/656/656 671/671/671
f 672/672/672 673/673/673 674/674/674
f 673/673/673 675/675/675 674/674/674
f 676/676/676 677/677/677 678/678/678
f 678/678/678 677/677/677 679/679/679
f 677/677/677 680/680/680 679/679/679
f 679/679/679 680/680/680 681/681/681
f 680/680/680 682/682/682 681/681/681
f 681/681/681 682/682/682 683/683/683
f 682/682/682 684/684/684 683/683/683
f 683/683/683 684/684/684 685/685/685
f 684/684/684 686/686/686 685/685/685
f 685/685/685 686/686/686 687/687/687
f 686/686/686 688/688/688 687/687/687
f 687/687/687 688/688/688 689/689/689
f 688/688/688 690/690/690 689/689/689
f 689/689/689 690/690/690 691/691/691
f 690/690/690 692/692/692 691/691/691
f 691/691/691 692/692/692 693/693/693
f 692/692/692 694/694/694 693/693/693
f 693/693/693 694/694/694 695/695/695
f 694/694/694 696/696/696 695/695/695
f 695/695/695 696/696/696 697/697/697
f 696/696/696 698/698/698 697/697/697
f 697/697/697 698/698/698 699/699/699
f 698/698/698 676/676/676 699/699/699
f 676/676/676 678/678/678 699/699/699
f 700/700/700 701/701/701 702/702/702
f 702/702/702 701/701/701 703/703/703
f 701/701/701 704/704/704 703/703/703
f 703/703/703 704/704/704 705/705/705
f 704/704/704 706/706/706 705/705/705
f 705/705/705 706/706/706 707/707/707
f 706/706/706 708/708/708 707/707/707
f 707/707/707 708/708/708 709/709/709
f 708/708/708 710/710/710 709/709/709
f 709/709/709 710/710/710 711/711/711
f 710/710/710 712/712/712 711/711/711
f 711/711/711 712/712/712 713/713/713
f 712/712/712 714/714/714 713/713/713
f 713/713/713 714/714/714 715/715/715
f 714/714/714 716/716/716 715/715/715
f 715/715/715 716/716/716 717/717/717
f 716/716/716 718/718/718 717/717/717
f 717/717/717 718/718/718 719/719/719
f 718/718/718 720/720/720 719/719/719
f 719/719/719 720/720/720 721/721/721
f 720/720/720 722/722/722 721/721/721
f 721/721/721 722/722/722 723/723/723
f 722/722/722 700/700/700 723/723/723
f 700/700/700 702/702/702 723/723/723
f 724/724/724 725/725/725 726/726/726
f 725/725/725 727/727/727 726/726/726
f 727/727/727 728/728/728 726/726/726
f 728/728/728 729/729/729 726/726/726
f 729/729/729 730/730/730 726/726/726
f 730/730/730 731/731/731 726/726/726
f 726/726/726 731/731/731 732/732/732
f 732/732/732 731/731/731 733/733/733
f 733/733/733 731/731/731 734/734/734
f 731/731/731 730/730/730 734/734/734
f 734/734/734 730/730/730 735/735/735
f 730/730/730 729/729/729 735/735/735
f 735/735/735 729/729/729 736/736/736
f 729/729/729 728/728/728 736/736/736
f 736/736/736 728/728/728 737/737/737
f 728/728/728 727/727/727 737/737/737
f 737/737/737 727/727/727 738/738/738
f 727/727/727 725/725/725 738/738/738
f 738/738/738 725/725/725 739/739/739
f 725/725/725 724/724/724 739/739/739
f 739/739/739 724/724/724 740/740/740
f 724/724/724 741/741/741 740/740/740
f 740/740/740 741/741/741 742/742/742
f 741/741/741 743/743/743 742/742/742
f 742/742/742 743/743/743 744/744/744
f 743/743/743 745/745/745 744/744/744
f 744/744/744 745/745/745 746/746/746
f 746/746/746 745/745/745 747/747/747
f 747/747/747 745/745/745 748/748/748
f 745/745/745 743/743/743 748/748/748
f 743/743/743 741/741/741 748/748/748
f 741/741/741 724/724/724 748/748/748
f 724/724/724 726/726/726 748/748/748
f 748/748/748 726/726/726 749/749/749
f 726/726/726 732/732/732 749/749/749
f 732/732/732 750/750/750 749/749/749
f 750/750/750 751/751/751 749/749/749
f 751/751/751 752/752/752 749/749/749
f 752/752/752 753/753/753 749/749/749
f 749/749/749 753/753/753 754/754/754
f 754/754/754 753/753/753 755/755/755
f 755/755/755 753/753/753 756/756/756
f 753/753/753 752/752/752 756/756/756
f 756/756/756 752/752/752 757/757/757
f 752/752/752 751/751/751 757/757/757
f 757/757/757 751/751/751 758/758/758
f 751/751/751 750/750/750 758/758/758
f 758/758/758 750/750/750 759/759/759
f 750/750/750 732/732/732 759/759/759
f 732/732/732 733/733/733 759/759/759
f 759/759/759 733/733/733 760/760/760
f 733/733/733 734/734/734 760/760/760
f 734/734/734 735/735/735 760/760/760
f 735/735/735 736/736/736 760/760/760
f 736/736/736 737/737/737 760/760/760
f 737/737/737 738/738/738 760/760/760
f 738/738/738 739/739/739 760/760/760
f 760/760/760 739/739/739 761/761/761
f 739/739/739 740/740/740 761/761/761
f 740/740/740 742/742/742 761/761/761
f 742/742/742 744/744/744 761/761/761
f 744/744/744 746/746/746 761/761/761
f 761/761/761 746/746/746 762/762/762
f 746/746/746 747/747/747 762/762/762
f 762/762/762 747/747/747 763/763/763
f 747/747/747 748/748/748 763/763/763
f 763/763/763 748/748/748 764/764/764
f 748/748/748 749/749/749 764/764/764
f 749/749/749 754/754/754 764/764/764
f 764/764/764 754/754/754 765/765/765
f 754/754/754 755/755/755 765/765/765
f 765/765/765 755/755/755 766/766/766
f 755/755/755 756/756/756 766/766/766
f 756/756/756 757/757/757 766/766/766
f 757/757/757 758/758/758 766/766/766
f 758/758/758 759/759/759 766/766/766
f 759/759/759 760/760/760 766/766/766
f 760/760/760 761/761/761 766/766/766
f 766/766/766 761/761/761 767/767/767
f 761/761/761 762/762/762 767/767/767
f 762/762/762 763/763/763 767/767/767
f 763/763/763 764/764/764 767/767/767
f 764/764/764 765/765/765 767/767/767
f 768/768/768 769/769/769 770/770/770
f 771/771/771 772/772/772 773/773/773
f 773/773/773 772/772/772 774/774/774
f 772/772/772 775/775/775 774/774/774
f 774/774/774 775/775/775 776/776/776
f 775/775/775 777/777/777 776/776/776
f 776/776/776 777/777/777 778/778/778
f 777/777/777 770/770/770 778/778/778
f 770/770/770 769/769/769 778/778/778
f 778/778/778 769/769/769 779/779/779
f 769/769/769 768/768/768 779/779/779
f 768/768/768 780/780/780 779/779/779
f 779/779/779 780/780/780 781/781/781
f 780/780/780 771/771/771 781/781/781
f 771/771/771 773/773/773 781/781/781
f 773/773/773 774/774/774 781/781/781
f 781/781/781 774/774/774 782/782/782
f 774/774/774 776/776/776 782/782/782
f 776/776/776 778/778/778 782/782/782
f 778/778/778 779/779/779 782/782/782
f 783/783/783 784/784/784 785/785/785
f 784/784/784 786/786/786 785/785/785
f 785/785/785 786/786/786 787/787/787
f 786/786/786 788/788/788 787/787/787
f 788/788/788 789/789/789 787/787/787
f 787/787/787 789/789/789 790/790/790
f 789/789/789 791/791/791 790/790/790
f 790/790/790 791/791/791 792/792/792
f 793/793/793 792/792/792 794/794/794
f 792/792/792 791/791/791 794/794/794
f 794/794/794 791/791/791 795/795/795
f 795/795/795 791/791/791 796/796/796
f 791/791/791 789/789/789 796/796/796
f 796/796/796 789/789/789 797/797/797
f 789/789/789 788/788/788 797/797/797
f 797/797/797 788/788/788 798/798/798
f 798/798/798 788/788/788 799/799/799
f 788/788/788 786/786/786 799/799/799
f 799/799/799 786/786/786 800/800/800
f 786/786/786 784/784/784 800/800/800
f 784/784/784 783/783/783 800/800/800
f 800/800/800 783/783/783 801/801/801
f 801/801/801 783/783/783 802/802/802
f 783/783/783 785/785/785 802/802/802
f 802/802/802 785/785/785 803/803/803
f 785/785/785 787/787/787 803/803/803
f 787/787/787 790/790/790 803/803/803
f 803/803/803 790/790/790 804/804/804
f 790/790/790 792/792/792 804/804/804
f 804/804/804 792/792/792 805/805/805
f 792/792/792 793/793/793 805/805/805
f 805/805/805 793/793/793 806/806/806
f 793/793/793 794/794/794 806/806/806
f 794/794/794 795/795/795 806/806/806
f 807/807/807 808/808/808 809/809/809
f 808/808/808 810/810/810 809/809/809
f 811/811/811 809/809/809 812/812/812
f 812/812/812 809/809/809 813/813/813
f 809/809/809 810/810/810 813/813/813
f 813/813/813 810/810/810 814/814/814
f 810/810/810 808/808/808 814/814/814
f 814/814/814 808/808/808 815/815/815
f 808/808/808 807/807/807 815/815/815
f 815/815/815 807/807/807 816/816/816
f 817/817/817 816/816/816 818/818/818
f 816/816/816 807/807/807 818/818/818
f 819/819/819 820/820/820 821/821/821
f 822/822/822 823/823/823 824/824/824
f 823/823/823 821/821/821 824/824/824
f 821/821/821 820/820/820 824/824/824
f 824/824/824 820/820/820 825/825/825
f 825/825/825 820/820/820 826/826/826
f 820/820/820 819/819/819 826/826/826
f 826/826/826 819/819/819 827/827/827
f 819/819/819 821/821/821 827/827/827
f 827/827/827 821/821/821 828/828/828
f 821/821/821 823/823/823 828/828/828
f 828/828/828 823/823/823 829/829/829
f 823/823/823 822/822/822 829/829/829
f 829/829/829 822/822/822 830/830/830
f 830/830/830 822/822/822 831/831/831
f 831/831/831 822/822/822 832/832/832
f 822/822/822 824/824/824 832/832/832
f 832/832/832 824/824/824 833/833/833
f 833/833/833 824/824/824 834/834/834
f 824/824/824 825/825/825 834/834/834
f 835/835/835 836/836/836 837/837/837
f 837/837/837 836/836/836 838/838/838
f 838/838/838 836/836/836 839/839/839
f 839/839/839 836/836/836 840/840/840
f 836/836/836 835/835/835 840/840/840
f 840/840/840 835/835/835 841/841/841
f 835/835/835 837/837/837 841/841/841
f 841/841/841 837/837/837 842/842/842
f 837/837/837 838/838/838 842/842/842
f 838/838/838 839/839/839 842/842/842
f 842/842/842 839/839/839 843/843/843
f 843/843/843 839/839/839 844/844/844
f 839/839/839 840/840/840 844/844/844
f 844/844/844 840/840/840 845/845/845
f 840/840/840 841/841/841 845/845/845
f 845/845/845 841/841/841 846/846/846
f 841/841/841 842/842/842 846/846/846
f 842/842/842 843/843/843 846/846/846
f 847/847/847 848/848/848 849/849/849
f 848/848/848 850/850/850 849/849/849
f 850/850/850 851/851/851 849/849/849
f 849/849/849 851/851/851 852/852/852
f 852/852/852 851/851/851 853/853/853
f 853/853/853 851/851/851 854/854/854
f 855/855/855 856/856/856 857/857/857
f 856/856/856 858/858/858 857/857/857
f 857/857/857 858/858/858 859/859/859
f 859/859/859 858/858/858 860/860/860
f 858/858/858 854/854/854 860/860/860
f 854/854/854 851/851/851 860/860/860
f 851/851/851 850/850/850 860/860/860
f 850/850/850 861/861/861 860/860/860
f 860/860/860 861/861/861 862/862/862
f 861/861/861 847/847/847 862/862/862
f 847/847/847 849/849/849 862/862/862
f 849/849/849 852/852/852 862/862/862
f 852/852/852 855/855/855 862/862/862
f 855/855/855 857/857/857 862/862/862
f 857/857/857 859/859/859 862/862/862
f 863/863/863 864/864/864 865/865/865
f 865/865/865 864/864/864 866/866/866
f 864/864/864 867/867/867 866/866/866
f 866/866/866 867/867/867 868/868/868
f 867/867/867 869/869/869 868/868/868
f 868/868/868 869/869/869 870/870/870
f 869/869/869 863/863/863 870/870/870
f 863/863/863 865/865/865 870/870/870
f 871/871/871 872/872/872 873/873/873
f 874/874/874 875/875/875 876/876/876
f 876/876/876 875/875/875 877/877/877
f 875/875/875 878/878/878 877/877/877
f 877/877/877 878/878/878 879/879/879
f 878/878/878 880/880/880 879/879/879
f 879/879/879 880/880/880 881/881/881
f 880/880/880 874/874/874 881/881/881
f 874/874/874 876/876/876 881/881/881
f 881/881/881 876/876/876 882/882/882
f 882/882/882 876/876/876 883/883/883
f 876/876/876 877/877/877 883/883/883
f 883/883/883 877/877/877 884/884/884
f 877/877/877 879/879/879 884/884/884
f 884/884/884 879/879/879 885/885/885
f 879/879/879 881/881/881 885/885/885
f 881/881/881 882/882/882 885/885/885
f 882/882/882 886/886/886 885/885/885
f 886/886/886 873/873/873 885/885/885
f 873/873/873 872/872/872 885/885/885
f 887/887/887 888/888/888 889/889/889
f 888/888/888 890/890/890 889/889/889
f 889/889/889 890/890/890 891/891/891
f 890/890/890 892/892/892 891/891/891
f 892/892/892 898/898/898 891/891/891
f 891/891/891 898/898/898 893/893/893
f 894/894/894 895/895/895 896/896/896
f 895/895/895 897/897/897 896/896/896
f 898/898/898 896/896/896 899/899/899
f 899/899/899 896/896/896 900/900/900
f 896/896/896 897/897/897 900/900/900
f 900/900/900 897/897/897 901/901/901
f 897/897/897 893/893/893 901/901/901
f 901/901/901 893/893/893 902/902/902
f 893/893/893 898/898/898 902/902/902
f 898/898/898 899/899/899 902/902/902
f 902/902/902 899/899/899 903/903/903
f 903/903/903 899/899/899 904/904/904
f 899/899/899 900/900/900 904/904/904
f 900/900/900 901/901/901 904/904/904
f 901/901/901 902/902/902 904/904/904
f 905/905/905 906/906/906 907/907/907
f 906/906/906 908/908/908 907/907/907
f 909/909/909 910/910/910 911/911/911
f 911/911/911 910/910/910 912/912/912
f 913/913/913 912/912/912 914/914/914
f 912/912/912 910/910/910 914/914/914
f 910/910/910 909/909/909 914/914/914
f 914/914/914 909/909/909 915/915/915
f 915/915/915 909/909/909 916/916/916
f 909/909/909 911/911/911 916/916/916
f 916/916/916 911/911/911 917/917/917
f 917/917/917 911/911/911 918/918/918
f 918/918/918 911/911/911 919/919/919
f 911/911/911 912/912/912 919/919/919
f 919/919/919 912/912/912 920/920/920
f 920/920/920 912/912/912 921/921/921
f 912/912/912 913/913/913 921/921/921
f 921/921/921 913/913/913 922/922/922
f 922/922/922 913/913/913 923/923/923
f 913/913/913 916/916/916 923/923/923
f 923/923/923 916/916/916 924/924/924
f 916/916/916 917/917/917 924/924/924
f 903/903/903 904/904/904 902/902/902
f 860/860/860 862/862/862 859/859/859
f 781/781/781 782/782/782 779/779/779
f 766/766/766 767/767/767 765/765/765
f 541/541/541 542/542/542 540/540/540
f 400/400/400 401/401/401 399/399/399
f 387/387/387 389/389/389 386/386/386
f 338/338/338 340/340/340 337/337/337
f 290/290/290 291/291/291 289/289/289
f 232/232/232 233/233/233 231/231/231
f 220/220/220 221/221/221 219/219/219
f 175/175/175 177/177/177 174/174/174
o tex_02
usemtl tex_02
v -0.9235121309757233 -0.7000492811203003 0.1647648811340332
v -0.9235121309757233 -0.7000492811203003 0.41323012113571167
v -0.5056694447994232 -0.8120714426040649 0.1647648811340332
v -0.5056694447994232 -0.8120714426040649 0.41323012113571167
v -0.5056694447994232 -0.8120714426040649 0.1647648811340332
v -0.6329266130924225 -1.2872694730758667 0.1647648811340332
v -0.9235121309757233 -0.7000492811203003 0.1647648811340332
v -1.0507692992687225 -1.175247311592102 0.1647648811340332
v -0.6329266130924225 -1.2872694730758667 0.1647648811340332
v -0.6329266130924225 -1.2872694730758667 0.41323012113571167
v -1.0507692992687225 -1.175247311592102 0.1647648811340332
v -1.0507692992687225 -1.175247311592102 0.41323012113571167
v -0.6329266130924225 -1.2872694730758667 0.41323012113571167
v -0.5056694447994232 -0.8120714426040649 0.41323012113571167
v -1.0507692992687225 -1.175247311592102 0.41323012113571167
v -0.9235121309757233 -0.7000492811203003 0.41323012113571167
v -0.7884133756160736 1.306715726852417 0.6254000067710876
v -0.565489262342453 2.13859224319458 0.6254000067710876
v -0.7884133756160736 1.306715726852417 -0.3827994167804718
v -0.5291940867900848 2.2739150524139404 -0.3827994167804718
v -0.7884133756160736 1.306715726852417 -0.6749532222747803
v -0.5291940867900848 2.2739150524139404 -0.6749532222747803
v -0.8632442057132721 1.004256010055542 -0.6749532222747803
v -0.8632442057132721 1.004256010055542 0.5324216485023499
v -0.8724299967288971 1.0067203044891357 -0.6749532222747803
v -0.8724299967288971 1.0067203044891357 0.5324216485023499
v -0.7975991666316986 1.249584436416626 -0.6749532222747803
v -0.8632442057132721 1.004256010055542 -0.6749532222747803
v -0.8065609633922577 1.2520489692687988 -0.6749532222747803
v -0.8724299967288971 1.0067203044891357 -0.6749532222747803
v -0.8065609633922577 1.2520489692687988 -0.6749532222747803
v -0.8065609633922577 1.2520489692687988 0.5324216485023499
v -0.7975991666316986 1.249584436416626 -0.6749532222747803
v -0.7975991666316986 1.249584436416626 0.5324216485023499
v -0.7975991666316986 1.249584436416626 0.6153180003166199
v -0.8065609633922577 1.2520489692687988 0.6153180003166199
v -0.8065609633922577 1.2520489692687988 -0.6749532222747803
v -0.8724299967288971 1.0067203044891357 -0.6749532222747803
v -0.8065609633922577 1.2520489692687988 0.5324216485023499
v -0.8724299967288971 1.0067203044891357 0.5324216485023499
v -0.8724299967288971 1.0067203044891357 0.6153180003166199
v -0.8065609633922577 1.2520489692687988 0.6153180003166199
v -0.8065609633922577 1.2520489692687988 0.6153180003166199
v -0.8724299967288971 1.0067203044891357 0.6153180003166199
v -0.7975991666316986 1.249584436416626 0.6153180003166199
v -0.8632442057132721 1.004256010055542 0.6153180003166199
v -0.7162711322307587 0.9020917415618896 -0.03306621313095093
v -0.7162711322307587 0.9020917415618896 -0.6749532222747803
v -0.7359870374202728 0.8281571865081787 -0.03306621313095093
v -0.7359870374202728 0.8281571865081787 -0.6749532222747803
v -0.9685450494289398 0.23063087463378906 0.21651917695999146
v -0.8473370373249054 0.6834244728088379 0.21651917695999146
v -0.9685450494289398 0.23063087463378906 -0.6749532222747803
v -0.8473370373249054 0.6834244728088379 -0.6749532222747803
v 0.9743674099445343 -1.3966031074523926 0.6749138236045837
v 0.6622736752033234 -1.3966031074523926 0.6749138236045837
v 0.9743674099445343 -1.3966031074523926 -0.6749532222747803
v 0.6622736752033234 -1.3966031074523926 -0.6749532222747803
v 0.6622736752033234 1.9667503833770752 0.6749138236045837
v 0.9743674099445343 1.9667503833770752 0.6749138236045837
v 0.6622736752033234 1.9667503833770752 -0.6749532222747803
v 0.9743674099445343 1.9667503833770752 -0.6749532222747803
v 0.6622736752033234 -1.3966031074523926 0.6749138236045837
v 0.9743674099445343 -1.3966031074523926 0.6749138236045837
v 0.6622736752033234 1.9667503833770752 0.6749138236045837
v 0.9743674099445343 1.9667503833770752 0.6749138236045837
v 0.9743674099445343 -1.3966031074523926 -0.6749532222747803
v 0.6622736752033234 -1.3966031074523926 -0.6749532222747803
v 0.9743674099445343 1.9667503833770752 -0.6749532222747803
v 0.6622736752033234 1.9667503833770752 -0.6749532222747803
v 0.2903600037097931 1.9093949794769287 -0.6749532222747803
v 0.2903600037097931 1.9093949794769287 -0.6863794922828674
v 0.1147092878818512 1.2605626583099365 -0.6749532222747803
v 0.1147092878818512 1.2605626583099365 -0.6863794922828674
v 0.6141040623188019 1.2605626583099365 -0.6749532222747803
v 0.6141040623188019 1.2605626583099365 -0.6863794922828674
v 0.6141040623188019 1.9093949794769287 -0.6749532222747803
v 0.6141040623188019 1.9093949794769287 -0.6863794922828674
v 0.6141040623188019 1.2605626583099365 -0.6863794922828674
v 0.1147092878818512 1.2605626583099365 -0.6863794922828674
v 0.6141040623188019 1.9093949794769287 -0.6863794922828674
v 0.2903600037097931 1.9093949794769287 -0.6863794922828674
v 0.6141040623188019 1.9093949794769287 -0.6863794922828674
v 0.2903600037097931 1.9093949794769287 -0.6863794922828674
v 0.6141040623188019 1.9093949794769287 -0.6749532222747803
v 0.2903600037097931 1.9093949794769287 -0.6749532222747803
v 0.1147092878818512 1.2605626583099365 -0.6749532222747803
v 0.1147092878818512 1.2605626583099365 -0.6863794922828674
v 0.6141040623188019 1.2605626583099365 -0.6749532222747803
v 0.6141040623188019 1.2605626583099365 -0.6863794922828674
v 0.26437094807624817 2.0612969398498535 -0.6749532222747803
v 0.005151659250259399 1.09409761428833 -0.6749532222747803
v -0.5291940867900848 2.2739150524139404 -0.6749532222747803
v -0.7884133756160736 1.306715726852417 -0.6749532222747803
vt 0.514086902141571 0.570836216211319
vt 0.5147995352745056 0.6603915691375732
vt 0.5901020765304565 0.567510575056076
vt 0.5908147096633911 0.6577785611152649
vt 0.5891518592834473 0.6568283438682556
vt 0.5884392261505127 0.5727365911006927
vt 0.5150371193885803 0.6575410068035126
vt 0.5136117935180664 0.5722615122795105
vt 0.5898644924163818 0.5667979121208191
vt 0.5905771851539612 0.6568283438682556
vt 0.5138493776321411 0.5701235830783844
vt 0.5145620107650757 0.6596789360046387
vt 0.5922399759292603 0.5667979121208191
vt 0.5931901931762695 0.6580160856246948
vt 0.511236310005188 0.5660852789878845
vt 0.5128991603851318 0.6587287485599518
vt 0.33972716331481934 0.44683653116226196
vt 0.06037150323390961 0.44683653116226196
vt 0.33972716331481934 0.11355763673782349
vt 0.0119118457660079 0.11355763673782349
vt 0.33972716331481934 0.01901376247406006
vt 0.0119118457660079 0.01901376247406006
vt 0.43165796995162964 0.020201504230499268
vt 0.43165796995162964 0.3938634395599365
vt 0.43165796995162964 0.020201504230499268
vt 0.43165796995162964 0.3938634395599365
vt 0.36443206667900085 0.020201504230499268
vt 0.43165796995162964 0.020201504230499268
vt 0.36443206667900085 0.020201504230499268
vt 0.43165796995162964 0.020201504230499268
vt 0.36443206667900085 0.020201504230499268
vt 0.36443206667900085 0.3938634395599365
vt 0.36443206667900085 0.020201504230499268
vt 0.36443206667900085 0.3938634395599365
vt 0.36443206667900085 0.4195185899734497
vt 0.36443206667900085 0.4195185899734497
vt 0.36443206667900085 0.020201504230499268
vt 0.43165796995162964 0.020201504230499268
vt 0.36443206667900085 0.3938634395599365
vt 0.43165796995162964 0.3938634395599365
vt 0.43165796995162964 0.4195185899734497
vt 0.36443206667900085 0.4195185899734497
vt 0.36443206667900085 0.4195185899734497
vt 0.43165796995162964 0.4195185899734497
vt 0.36443206667900085 0.4195185899734497
vt 0.43165796995162964 0.4195185899734497
vt 0.09600359946489334 0.45087480545043945
vt 0.09600359946489334 0.24254584312438965
vt 0.12094607204198837 0.45087480545043945
vt 0.12094607204198837 0.24254584312438965
vt 0.6649294495582581 0.20738881826400757
vt 0.5278646349906921 0.20738881826400757
vt 0.6649294495582581 0.00856173038482666
vt 0.5278646349906921 0.00856173038482666
vt 0.5475810766220093 0.7437706589698792
vt 0.5846384763717651 0.7437706589698792
vt 0.5475810766220093 0.9034024849534035
vt 0.5846384763717651 0.9034024849534035
vt 0.5846384763717651 0.7437706589698792
vt 0.5475810766220093 0.7437706589698792
vt 0.5846384763717651 0.9034024849534035
vt 0.5475810766220093 0.9034024849534035
vt 0.5846384763717651 0.5055107176303864
vt 0.5475810766220093 0.5055107176303864
vt 0.5846384763717651 0.9034024849534035
vt 0.5475810766220093 0.9034024849534035
vt 0.5475810766220093 0.5055107176303864
vt 0.5846384763717651 0.5055107176303864
vt 0.5475810766220093 0.9034024849534035
vt 0.5846384763717651 0.9034024849534035
vt 0.88489830493927 0.4489744305610657
vt 0.88489830493927 0.4489744305610657
vt 0.9846681952476501 0.22520488500595093
vt 0.9846681952476501 0.22520488500595093
vt 0.7174274325370789 0.22520488500595093
vt 0.7174274325370789 0.22520488500595093
vt 0.7174274325370789 0.4489744305610657
vt 0.7174274325370789 0.4489744305610657
vt 0.7174274325370789 0.22520488500595093
vt 0.9846681952476501 0.22520488500595093
vt 0.7174274325370789 0.4489744305610657
vt 0.88489830493927 0.4489744305610657
vt 0.7174274325370789 0.4489744305610657
vt 0.88489830493927 0.4489744305610657
vt 0.7174274325370789 0.4489744305610657
vt 0.88489830493927 0.4489744305610657
vt 0.9846681952476501 0.22520488500595093
vt 0.9846681952476501 0.22520488500595093
vt 0.7174274325370789 0.22520488500595093
vt 0.7174274325370789 0.22520488500595093
vt 0.3052828013896942 0.6095564365386963
vt 0.2988690137863159 0.975854417309165
vt 0.016425244510173798 0.609318882226944
vt 0.022363927215337753 0.9806053638458252
vn 0.2588559442914909 0.9659159384257828 0
vn 0.2588559442914909 0.9659159384257828 0
vn 0.2588559442914909 0.9659159384257828 0
vn 0.2588559442914909 0.9659159384257828 0
vn 0 0 -1
vn 0 0 -1
vn 0 0 -1
vn 0 0 -1
vn -0.2588559442914909 -0.9659159384257828 0
vn -0.2588559442914909 -0.9659159384257828 0
vn -0.2588559442914909 -0.9659159384257828 0
vn -0.2588559442914909 -0.9659159384257828 0
vn 0 0 1
vn 0 0 1
vn 0 0 1
vn 0 0 1
vn -0.9659159384257828 0.2588559442914909 0
vn -0.9659159384257828 0.2588559442914909 0
vn -0.9659159384257828 0.2588559442914909 0
vn -0.9659159384257828 0.2588559442914909 0
vn -0.9659159384257828 0.2588559442914909 0
vn -0.9659159384257828 0.2588559442914909 0
vn -0.2588559442914909 -0.9659159384257828 0
vn -0.2588559442914909 -0.9659159384257828 0
vn -0.2588559442914909 -0.9659159384257828 0
vn -0.2588559442914909 -0.9659159384257828 0
vn 0 0 -1
vn 0 0 -1
vn 0 0 -1
vn 0 0 -1
vn 0.2588559442914909 0.9659159384257828 0
vn 0.2588559442914909 0.9659159384257828 0
vn 0.2588559442914909 0.9659159384257828 0
vn 0.2588559442914909 0.9659159384257828 0
vn 0.2588559442914909 0.9659159384257828 0
vn 0.2588559442914909 0.9659159384257828 0
vn -0.9659159384257828 0.2588559442914909 0
vn -0.9659159384257828 0.2588559442914909 0
vn -0.9659159384257828 0.2588559442914909 0
vn -0.9659159384257828 0.2588559442914909 0
vn -0.9659159384257828 0.2588559442914909 0
vn -0.9659159384257828 0.2588559442914909 0
vn 0 0 1
vn 0 0 1
vn 0 0 1
vn 0 0 1
vn -0.9659159384257828 0.2588559442914909 0
vn -0.9659159384257828 0.2588559442914909 0
vn -0.9659159384257828 0.2588559442914909 0
vn -0.9659159384257828 0.2588559442914909 0
vn -0.9659159384257828 0.2588559442914909 0
vn -0.9659159384257828 0.2588559442914909 0
vn -0.9659159384257828 0.2588559442914909 0
vn -0.9659159384257828 0.2588559442914909 0
vn 0 -0.7057216456911114 0.7084892086708376
vn 0 -0.7057216456911114 0.7084892086708376
vn 0 -0.7057216456911114 -0.7084892086708376
vn 0 -0.7057216456911114 -0.7084892086708376
vn 0 0.7084892086708376 0.7057216456911114
vn 0 0.7084892086708376 0.7057216456911114
vn 0 0.7084892086708376 -0.7057216456911114
vn 0 0.7084892086708376 -0.7057216456911114
vn 0 -0.7057216456911114 0.7084892086708376
vn 0 -0.7057216456911114 0.7084892086708376
vn 0 0.7084892086708376 0.7057216456911114
vn 0 0.7084892086708376 0.7057216456911114
vn 0 -0.7057216456911114 -0.7084892086708376
vn 0 -0.7057216456911114 -0.7084892086708376
vn 0 0.7084892086708376 -0.7057216456911114
vn 0 0.7084892086708376 -0.7057216456911114
vn -0.965150596570185 0.2616951011009108 0
vn -0.965150596570185 0.2616951011009108 0
vn -0.965150596570185 0.2616951011009108 0
vn -0.965150596570185 0.2616951011009108 0
vn 1 0 0
vn 1 0 0
vn 1 0 0
vn 1 0 0
vn 0 0 -1
vn 0 0 -1
vn 0 0 -1
vn 0 0 -1
vn 0 1 0
vn 0 1 0
vn 0 1 0
vn 0 1 0
vn 0 -1 0
vn 0 -1 0
vn 0 -1 0
vn 0 -1 0
vn 0 0 -1
vn 0 0 -1
vn 0 0 -1
vn 0 0 -1
f 925/925/925 926/926/926 927/927/927
f 926/926/926 928/928/928 927/927/927
f 929/929/929 930/930/930 931/931/931
f 930/930/930 932/932/932 931/931/931
f 933/933/933 934/934/934 935/935/935
f 934/934/934 936/936/936 935/935/935
f 937/937/937 938/938/938 939/939/939
f 938/938/938 940/940/940 939/939/939
f 941/941/941 942/942/942 943/943/943
f 942/942/942 944/944/944 943/943/943
f 943/943/943 944/944/944 945/945/945
f 944/944/944 946/946/946 945/945/945
f 947/947/947 948/948/948 949/949/949
f 948/948/948 950/950/950 949/949/949
f 951/951/951 952/952/952 953/953/953
f 952/952/952 954/954/954 953/953/953
f 955/955/955 956/956/956 957/957/957
f 957/957/957 956/956/956 958/958/958
f 959/959/959 958/958/958 960/960/960
f 958/958/958 956/956/956 960/960/960
f 961/961/961 962/962/962 963/963/963
f 962/962/962 964/964/964 963/963/963
f 964/964/964 965/965/965 963/963/963
f 965/965/965 966/966/966 963/963/963
f 967/967/967 968/968/968 969/969/969
f 968/968/968 970/970/970 969/969/969
f 971/971/971 972/972/972 973/973/973
f 972/972/972 974/974/974 973/973/973
f 975/975/975 976/976/976 977/977/977
f 976/976/976 978/978/978 977/977/977
f 979/979/979 980/980/980 981/981/981
f 980/980/980 982/982/982 981/981/981
f 983/983/983 984/984/984 985/985/985
f 984/984/984 986/986/986 985/985/985
f 987/987/987 988/988/988 989/989/989
f 988/988/988 990/990/990 989/989/989
f 991/991/991 992/992/992 993/993/993
f 992/992/992 994/994/994 993/993/993
f 995/995/995 996/996/996 997/997/997
f 996/996/996 998/998/998 997/997/997
f 999/999/999 1000/1000/1000 1001/1001/1001
f 1000/1000/1000 1002/1002/1002 1001/1001/1001
f 1003/1003/1003 1004/1004/1004 1005/1005/1005
f 1004/1004/1004 1006/1006/1006 1005/1005/1005
f 1007/1007/1007 1008/1008/1008 1009/1009/1009
f 1008/1008/1008 1010/1010/1010 1009/1009/1009
f 1011/1011/1011 1012/1012/1012 1013/1013/1013
f 1012/1012/1012 1014/1014/1014 1013/1013/1013
f 1015/1015/1015 1016/1016/1016 1017/1017/1017
f 1016/1016/1016 1018/1018/1018 1017/1017/1017
o AO_01
usemtl AO_01
v -1.0422275066375732 -0.8392970561981201 0.01785033941268921
v -0.9872235059738159 -0.6343599557876587 0.07473921775817871
v -1.0364015102386475 -0.818049430847168 -0.035097479820251465
v -1.0274912118911743 -0.7842930555343628 -0.08067715167999268
v -1.0156679153442383 -0.7404268980026245 -0.11546158790588379
v -1.0019598007202148 -0.6891926527023315 -0.13739466667175293
v -0.9872235059738159 -0.6343599557876587 -0.14493417739868164
v -0.972487211227417 -0.5795272588729858 -0.13739466667175293
v -0.9587790966033936 -0.5282930135726929 -0.11546158790588379
v -0.947127103805542 -0.4844268560409546 -0.08067715167999268
v -0.9380455017089844 -0.45067059993743896 -0.035097479820251465
v -0.9323908090591431 -0.42942285537719727 0.01785033941268921
v -0.9303346276283264 -0.42222607135772705 0.07473921775817871
v -0.9323908090591431 -0.42942285537719727 0.13145673274993896
v -0.9380455017089844 -0.45067059993743896 0.18440455198287964
v -0.947127103805542 -0.4844268560409546 0.22998416423797607
v -0.9587790966033936 -0.5282930135726929 0.26476866006851196
v -0.972487211227417 -0.5795272588729858 0.2867017388343811
v -0.9872235059738159 -0.6343599557876587 0.29424118995666504
v -1.0019598007202148 -0.6891926527023315 0.2867017388343811
v -1.0156679153442383 -0.7404268980026245 0.26476866006851196
v -1.0274912118911743 -0.7842930555343628 0.22998416423797607
v -1.0364015102386475 -0.818049430847168 0.18440455198287964
v -1.0422275066375732 -0.8392970561981201 0.13145673274993896
v -1.0441124439239502 -0.8464938402175903 0.07473921775817871
v -1.1582329273223877 -0.6167106628417969 0.06342995166778564
v -1.151207447052002 -0.5904937982559204 0.07473921775817871
v -1.1587469577789307 -0.6185956001281738 0.07850897312164307
v -1.1572047472000122 -0.6129409074783325 0.092559814453125
v -1.1541204452514648 -0.6012890338897705 0.10181283950805664
v -1.150179386138916 -0.5867241621017456 0.10386908054351807
v -1.1465809345245361 -0.5731872320175171 0.09804308414459229
v -1.1441819667816162 -0.5641056299209595 0.08587706089019775
v -1.1436679363250732 -0.5622206926345825 0.07079809904098511
v -1.1452101469039917 -0.5678753852844238 0.056747257709503174
v -1.148294448852539 -0.5795272588729858 0.04749423265457153
v -1.152235507965088 -0.5940922498703003 0.04543799161911011
v -1.1558339595794678 -0.6078003644943237 0.05126398801803589
v -1.2701257467269897 -0.5665045976638794 0.07148349285125732
v -1.2680696249008179 -0.5591363906860352 0.07473921775817871
v -1.2694404125213623 -0.5639342069625854 0.06805646419525146
v -1.2684122323989868 -0.5601645708084106 0.06634294986724854
v -1.2673841714859009 -0.5560520887374878 0.06702834367752075
v -1.2663559913635254 -0.5527963638305664 0.06959861516952515
v -1.2660133838653564 -0.5510828495025635 0.07353973388671875
v -1.266184687614441 -0.5515968799591064 0.07782351970672607
v -1.266870141029358 -0.5541671514511108 0.08125060796737671
v -1.2678982019424438 -0.5581083297729492 0.08296412229537964
v -1.2689263820648193 -0.5622206926345825 0.0824500322341919
v -1.2697831392288208 -0.5654764175415039 0.07970839738845825
v -1.2702971696853638 -0.5670186281204224 0.07576733827590942
v -1.2702971696853638 -0.5670186281204224 0.07576733827590942
v -1.2480213642120361 -0.5730159282684326 0.07576733827590942
v -1.2697831392288208 -0.5654764175415039 0.07970839738845825
v -1.2476786375045776 -0.5714737176895142 0.07970839738845825
v -1.2689263820648193 -0.5622206926345825 0.0824500322341919
v -1.2468218803405762 -0.5682181119918823 0.0824500322341919
v -1.2678982019424438 -0.5581083297729492 0.08296412229537964
v -1.2456223964691162 -0.5639342069625854 0.08296412229537964
v -1.2678982019424438 -0.5581083297729492 0.08296412229537964
v -1.2456223964691162 -0.5639342069625854 0.08296412229537964
v -1.266870141029358 -0.5541671514511108 0.08125060796737671
v -1.2445943355560303 -0.5601645708084106 0.08125060796737671
v -1.266184687614441 -0.5515968799591064 0.07782351970672607
v -1.2439088821411133 -0.5575941801071167 0.07782351970672607
v -1.266184687614441 -0.5515968799591064 0.07782351970672607
v -1.2439088821411133 -0.5575941801071167 0.07782351970672607
v -1.2660133838653564 -0.5510828495025635 0.07353973388671875
v -1.2437375783920288 -0.5570801496505737 0.07353973388671875
v -1.2663559913635254 -0.5527963638305664 0.06959861516952515
v -1.2442516088485718 -0.5586223602294922 0.06959861516952515
v -1.2663559913635254 -0.5527963638305664 0.06959861516952515
v -1.2442516088485718 -0.5586223602294922 0.06959861516952515
v -1.2673841714859009 -0.5560520887374878 0.06702834367752075
v -1.2451083660125732 -0.562049388885498 0.06702834367752075
v -1.2673841714859009 -0.5560520887374878 0.06702834367752075
v -1.2451083660125732 -0.562049388885498 0.06702834367752075
v -1.2684122323989868 -0.5601645708084106 0.06634294986724854
v -1.2461365461349487 -0.5661618709564209 0.06634294986724854
v -1.2694404125213623 -0.5639342069625854 0.06805646419525146
v -1.2471646070480347 -0.5699316263198853 0.06805646419525146
v -1.2694404125213623 -0.5639342069625854 0.06805646419525146
v -1.2471646070480347 -0.5699316263198853 0.06805646419525146
v -1.2701257467269897 -0.5665045976638794 0.07148349285125732
v -1.2478500604629517 -0.5725018978118896 0.07148349285125732
v -1.2701257467269897 -0.5665045976638794 0.07148349285125732
v -1.2478500604629517 -0.5725018978118896 0.07148349285125732
v -1.2702971696853638 -0.5670186281204224 0.07576733827590942
v -1.2480213642120361 -0.5730159282684326 0.07576733827590942
v -1.2476786375045776 -0.5714737176895142 0.07970839738845825
v -1.2480213642120361 -0.5730159282684326 0.07576733827590942
v -1.250248908996582 -0.5814121961593628 0.07696676254272461
v -1.2500776052474976 -0.5802127122879028 0.06822782754898071
v -1.2478500604629517 -0.5725018978118896 0.07148349285125732
v -1.248535394668579 -0.575072169303894 0.061202406883239746
v -1.2471646070480347 -0.5699316263198853 0.06805646419525146
v -1.2464791536331177 -0.5671899318695068 0.05777531862258911
v -1.2461365461349487 -0.5661618709564209 0.06634294986724854
v -1.2442516088485718 -0.5587936639785767 0.05897480249404907
v -1.2451083660125732 -0.562049388885498 0.06702834367752075
v -1.2423667907714844 -0.5519396066665649 0.06428670883178711
v -1.2442516088485718 -0.5586223602294922 0.06959861516952515
v -1.241510033607483 -0.5486840009689331 0.07251161336898804
v -1.2437375783920288 -0.5570801496505737 0.07353973388671875
v -1.2418527603149414 -0.5498833656311035 0.08125060796737671
v -1.2439088821411133 -0.5575941801071167 0.07782351970672607
v -1.2432235479354858 -0.5550240278244019 0.08810466527938843
v -1.2445943355560303 -0.5601645708084106 0.08125060796737671
v -1.2452797889709473 -0.5629061460494995 0.09153169393539429
v -1.2456223964691162 -0.5639342069625854 0.08296412229537964
v -1.2476786375045776 -0.5713024139404297 0.0903322696685791
v -1.2468218803405762 -0.5682181119918823 0.0824500322341919
v -1.2493921518325806 -0.5781564712524414 0.08502030372619629
v -1.250248908996582 -0.5814121961593628 0.07696676254272461
v -1.1702275276184082 -0.602831244468689 0.07696676254272461
v -1.2493921518325806 -0.5781564712524414 0.08502030372619629
v -1.1693707704544067 -0.5995755195617676 0.08502030372619629
v -1.2476786375045776 -0.5713024139404297 0.0903322696685791
v -1.1674859523773193 -0.5927213430404663 0.0903322696685791
v -1.2476786375045776 -0.5713024139404297 0.0903322696685791
v -1.1674859523773193 -0.5927213430404663 0.0903322696685791
v -1.2452797889709473 -0.5629061460494995 0.09153169393539429
v -1.1652582883834839 -0.5843251943588257 0.09153169393539429
v -1.2452797889709473 -0.5629061460494995 0.09153169393539429
v -1.1652582883834839 -0.5843251943588257 0.09153169393539429
v -1.2432235479354858 -0.5550240278244019 0.08810466527938843
v -1.1632020473480225 -0.5764429569244385 0.08810466527938843
v -1.2432235479354858 -0.5550240278244019 0.08810466527938843
v -1.1632020473480225 -0.5764429569244385 0.08810466527938843
v -1.2418527603149414 -0.5498833656311035 0.08125060796737671
v -1.161831259727478 -0.5713024139404297 0.08125060796737671
v -1.2418527603149414 -0.5498833656311035 0.08125060796737671
v -1.161831259727478 -0.5713024139404297 0.08125060796737671
v -1.241510033607483 -0.5486840009689331 0.07251161336898804
v -1.1614885330200195 -0.5702742338180542 0.07251161336898804
v -1.2423667907714844 -0.5519396066665649 0.06428670883178711
v -1.162345290184021 -0.5735299587249756 0.06428670883178711
v -1.2423667907714844 -0.5519396066665649 0.06428670883178711
v -1.162345290184021 -0.5735299587249756 0.06428670883178711
v -1.2442516088485718 -0.5587936639785767 0.05897480249404907
v -1.164230227470398 -0.5802127122879028 0.05897480249404907
v -1.2464791536331177 -0.5671899318695068 0.05777531862258911
v -1.1664577722549438 -0.588608980178833 0.05777531862258911
v -1.248535394668579 -0.575072169303894 0.061202406883239746
v -1.1685140132904053 -0.5964912176132202 0.061202406883239746
v -1.248535394668579 -0.575072169303894 0.061202406883239746
v -1.1685140132904053 -0.5964912176132202 0.061202406883239746
v -1.2500776052474976 -0.5802127122879028 0.06822782754898071
v -1.1698848009109497 -0.601631760597229 0.06822782754898071
v -1.2500776052474976 -0.5802127122879028 0.06822782754898071
v -1.1698848009109497 -0.601631760597229 0.06822782754898071
v -1.250248908996582 -0.5814121961593628 0.07696676254272461
v -1.1702275276184082 -0.602831244468689 0.07696676254272461
v -1.1693707704544067 -0.5995755195617676 0.08502030372619629
v -1.1702275276184082 -0.602831244468689 0.07696676254272461
v -1.1734832525253296 -0.6146544218063354 0.07850897312164307
v -1.1729692220687866 -0.612769603729248 0.06342995166778564
v -1.1698848009109497 -0.601631760597229 0.06822782754898071
v -1.1705702543258667 -0.6038593053817749 0.05126398801803589
v -1.1685140132904053 -0.5964912176132202 0.061202406883239746
v -1.1668004989624023 -0.5901511907577515 0.04543799161911011
v -1.1664577722549438 -0.588608980178833 0.05777531862258911
v -1.163030743598938 -0.575586199760437 0.04749423265457153
v -1.164230227470398 -0.5802127122879028 0.05897480249404907
v -1.1597750186920166 -0.5639342069625854 0.056747257709503174
v -1.162345290184021 -0.5735299587249756 0.06428670883178711
v -1.1582329273223877 -0.5582796335220337 0.07079809904098511
v -1.1614885330200195 -0.5702742338180542 0.07251161336898804
v -1.1589182615280151 -0.5603358745574951 0.08587706089019775
v -1.161831259727478 -0.5713024139404297 0.08125060796737671
v -1.161317229270935 -0.5692461729049683 0.09804308414459229
v -1.1632020473480225 -0.5764429569244385 0.08810466527938843
v -1.1649155616760254 -0.5827829837799072 0.10386908054351807
v -1.1652582883834839 -0.5843251943588257 0.09153169393539429
v -1.1688567399978638 -0.5973478555679321 0.10181283950805664
v -1.1674859523773193 -0.5927213430404663 0.0903322696685791
v -1.1719410419464111 -0.6089998483657837 0.092559814453125
v -1.1587469577789307 -0.6185956001281738 0.07850897312164307
v -1.1572047472000122 -0.6129409074783325 0.092559814453125
v -1.1734832525253296 -0.6146544218063354 0.07850897312164307
v -1.1719410419464111 -0.6089998483657837 0.092559814453125
v -1.1541204452514648 -0.6012890338897705 0.10181283950805664
v -1.1688567399978638 -0.5973478555679321 0.10181283950805664
v -1.1541204452514648 -0.6012890338897705 0.10181283950805664
v -1.150179386138916 -0.5867241621017456 0.10386908054351807
v -1.1688567399978638 -0.5973478555679321 0.10181283950805664
v -1.1649155616760254 -0.5827829837799072 0.10386908054351807
v -1.150179386138916 -0.5867241621017456 0.10386908054351807
v -1.1465809345245361 -0.5731872320175171 0.09804308414459229
v -1.1649155616760254 -0.5827829837799072 0.10386908054351807
v -1.161317229270935 -0.5692461729049683 0.09804308414459229
v -1.1441819667816162 -0.5641056299209595 0.08587706089019775
v -1.1589182615280151 -0.5603358745574951 0.08587706089019775
v -1.1441819667816162 -0.5641056299209595 0.08587706089019775
v -1.1436679363250732 -0.5622206926345825 0.07079809904098511
v -1.1589182615280151 -0.5603358745574951 0.08587706089019775
v -1.1582329273223877 -0.5582796335220337 0.07079809904098511
v -1.1436679363250732 -0.5622206926345825 0.07079809904098511
v -1.1452101469039917 -0.5678753852844238 0.056747257709503174
v -1.1582329273223877 -0.5582796335220337 0.07079809904098511
v -1.1597750186920166 -0.5639342069625854 0.056747257709503174
v -1.1452101469039917 -0.5678753852844238 0.056747257709503174
v -1.148294448852539 -0.5795272588729858 0.04749423265457153
v -1.1597750186920166 -0.5639342069625854 0.056747257709503174
v -1.163030743598938 -0.575586199760437 0.04749423265457153
v -1.148294448852539 -0.5795272588729858 0.04749423265457153
v -1.152235507965088 -0.5940922498703003 0.04543799161911011
v -1.163030743598938 -0.575586199760437 0.04749423265457153
v -1.1668004989624023 -0.5901511907577515 0.04543799161911011
v -1.1558339595794678 -0.6078003644943237 0.05126398801803589
v -1.1705702543258667 -0.6038593053817749 0.05126398801803589
v -1.1558339595794678 -0.6078003644943237 0.05126398801803589
v -1.1582329273223877 -0.6167106628417969 0.06342995166778564
v -1.1705702543258667 -0.6038593053817749 0.05126398801803589
v -1.1729692220687866 -0.612769603729248 0.06342995166778564
v -1.1582329273223877 -0.6167106628417969 0.06342995166778564
v -1.1587469577789307 -0.6185956001281738 0.07850897312164307
v -1.1729692220687866 -0.612769603729248 0.06342995166778564
v -1.1734832525253296 -0.6146544218063354 0.07850897312164307
v -0.9291352033615112 -0.41759955883026123 0.06771373748779297
v -0.9291352033615112 -0.41759955883026123 0.08159327507019043
v -0.9329048991203308 -0.4313077926635742 0.06771373748779297
v -0.9329048991203308 -0.4313077926635742 0.08159327507019043
v -0.9329048991203308 -0.4313077926635742 0.08159327507019043
v -0.9841392040252686 -0.41759955883026123 0.08159327507019043
v -0.9329048991203308 -0.4313077926635742 0.06771373748779297
v -0.9841392040252686 -0.41759955883026123 0.06771373748779297
v -0.9841392040252686 -0.41759955883026123 0.06771373748779297
v -0.9841392040252686 -0.41759955883026123 0.08159327507019043
v -1.1793092489242554 -0.5440574884414673 0.06771373748779297
v -1.1793092489242554 -0.5440574884414673 0.08159327507019043
v -0.9942489862442017 -0.40012168884277344 0.08159327507019043
v -0.9942489862442017 -0.40012168884277344 0.06771373748779297
v -1.010356068611145 -0.41057419776916504 0.08159327507019043
v -1.2055261135101318 -0.5370320081710815 0.06771373748779297
v -1.2055261135101318 -0.5370320081710815 0.08159327507019043
v -1.010356068611145 -0.41057419776916504 0.06771373748779297
v -1.1846210956573486 -0.5639342069625854 0.08159327507019043
v -1.1846210956573486 -0.5639342069625854 0.06771373748779297
v -1.1793092489242554 -0.5440574884414673 0.08159327507019043
v -1.1793092489242554 -0.5440574884414673 0.06771373748779297
v -1.1846210956573486 -0.5639342069625854 0.06771373748779297
v -1.2110093832015991 -0.5569088459014893 0.06771373748779297
v -1.1793092489242554 -0.5440574884414673 0.06771373748779297
v -0.9329048991203308 -0.4313077926635742 0.06771373748779297
v -0.9841392040252686 -0.41759955883026123 0.06771373748779297
v -0.9291352033615112 -0.41759955883026123 0.06771373748779297
v -0.9680321216583252 -0.4071471095085144 0.06771373748779297
v -0.9942489862442017 -0.40012168884277344 0.06771373748779297
v -1.010356068611145 -0.41057419776916504 0.06771373748779297
v -1.2055261135101318 -0.5370320081710815 0.06771373748779297
v -0.9291352033615112 -0.41759955883026123 0.08159327507019043
v -0.9680321216583252 -0.4071471095085144 0.08159327507019043
v -0.9329048991203308 -0.4313077926635742 0.08159327507019043
v -0.9841392040252686 -0.41759955883026123 0.08159327507019043
v -0.9942489862442017 -0.40012168884277344 0.08159327507019043
v -1.010356068611145 -0.41057419776916504 0.08159327507019043
v -1.1793092489242554 -0.5440574884414673 0.08159327507019043
v -1.2055261135101318 -0.5370320081710815 0.08159327507019043
v -1.1846210956573486 -0.5639342069625854 0.08159327507019043
v -1.2110093832015991 -0.5569088459014893 0.08159327507019043
v -0.9291352033615112 -0.41759955883026123 0.06771373748779297
v -0.9680321216583252 -0.4071471095085144 0.06771373748779297
v -0.9291352033615112 -0.41759955883026123 0.08159327507019043
v -0.9680321216583252 -0.4071471095085144 0.08159327507019043
v -0.9942489862442017 -0.40012168884277344 0.06771373748779297
v -0.9942489862442017 -0.40012168884277344 0.08159327507019043
v -1.2055261135101318 -0.5370320081710815 0.06771373748779297
v -1.2110093832015991 -0.5569088459014893 0.06771373748779297
v -1.2055261135101318 -0.5370320081710815 0.08159327507019043
v -1.2110093832015991 -0.5569088459014893 0.08159327507019043
v -1.0178955793380737 -0.7486518621444702 -0.116146981716156
v -1.0146398544311523 -0.7369998693466187 -0.12317246198654175
v -1.0160106420516968 -0.741797685623169 -0.10398101806640625
v -1.0129263401031494 -0.7301458120346069 -0.11083507537841797
v -1.0129263401031494 -0.7301458120346069 -0.11083507537841797
v -1.0641605854034424 -0.7162662744522095 -0.11083507537841797
v -1.0160106420516968 -0.741797685623169 -0.10398101806640625
v -1.0672448873519897 -0.7279181480407715 -0.10398101806640625
v -1.0672448873519897 -0.7279181480407715 -0.10398101806640625
v -1.0641605854034424 -0.7162662744522095 -0.11083507537841797
v -1.1954163312911987 -0.6042020320892334 0.045780718326568604
v -1.1923319101333618 -0.5925500392913818 0.03875523805618286
v -1.0799249410629272 -0.7195219993591309 -0.12317246198654175
v -1.0830093622207642 -0.7311738729476929 -0.116146981716156
v -1.0903774499893188 -0.7092407941818237 -0.11083507537841797
v -1.2216331958770752 -0.5971765518188477 0.045780718326568604
v -1.2185487747192383 -0.5855246782302856 0.03875523805618286
v -1.0936331748962402 -0.7208927869796753 -0.10398101806640625
v -1.1897616386413574 -0.5826116800308228 0.056575894355773926
v -1.1928460597991943 -0.5942635536193848 0.06360131502151489
v -1.1923319101333618 -0.5925500392913818 0.03875523805618286
v -1.1954163312911987 -0.6042020320892334 0.045780718326568604
v -1.1928460597991943 -0.5942635536193848 0.06360131502151489
v -1.2190629243850708 -0.5872381925582886 0.06360131502151489
v -1.1954163312911987 -0.6042020320892334 0.045780718326568604
v -1.0160106420516968 -0.741797685623169 -0.10398101806640625
v -1.0672448873519897 -0.7279181480407715 -0.10398101806640625
v -1.0178955793380737 -0.7486518621444702 -0.116146981716156
v -1.0567924976348877 -0.7381993532180786 -0.116146981716156
v -1.0830093622207642 -0.7311738729476929 -0.116146981716156
v -1.0936331748962402 -0.7208927869796753 -0.10398101806640625
v -1.2216331958770752 -0.5971765518188477 0.045780718326568604
v -1.0146398544311523 -0.7369998693466187 -0.12317246198654175
v -1.0537080764770508 -0.726547360420227 -0.12317246198654175
v -1.0129263401031494 -0.7301458120346069 -0.11083507537841797
v -1.0641605854034424 -0.7162662744522095 -0.11083507537841797
v -1.0799249410629272 -0.7195219993591309 -0.12317246198654175
v -1.0903774499893188 -0.7092407941818237 -0.11083507537841797
v -1.1923319101333618 -0.5925500392913818 0.03875523805618286
v -1.2185487747192383 -0.5855246782302856 0.03875523805618286
v -1.1897616386413574 -0.5826116800308228 0.056575894355773926
v -1.2159785032272339 -0.575586199760437 0.056575894355773926
v -1.0178955793380737 -0.7486518621444702 -0.116146981716156
v -1.0567924976348877 -0.7381993532180786 -0.116146981716156
v -1.0146398544311523 -0.7369998693466187 -0.12317246198654175
v -1.0537080764770508 -0.726547360420227 -0.12317246198654175
v -1.0830093622207642 -0.7311738729476929 -0.116146981716156
v -1.0799249410629272 -0.7195219993591309 -0.12317246198654175
v -1.2216331958770752 -0.5971765518188477 0.045780718326568604
v -1.2190629243850708 -0.5872381925582886 0.06360131502151489
v -1.2185487747192383 -0.5855246782302856 0.03875523805618286
v -1.2159785032272339 -0.575586199760437 0.056575894355773926
v -1.0146398544311523 -0.7369998693466187 0.27247947454452515
v -1.0178955793380737 -0.7486518621444702 0.2656254172325134
v -1.0129263401031494 -0.7301458120346069 0.26014214754104614
v -1.0160106420516968 -0.741797685623169 0.2532880902290344
v -1.0160106420516968 -0.741797685623169 0.2532880902290344
v -1.0672448873519897 -0.7279181480407715 0.2532880902290344
v -1.0129263401031494 -0.7301458120346069 0.26014214754104614
v -1.0641605854034424 -0.7162662744522095 0.26014214754104614
v -1.0641605854034424 -0.7162662744522095 0.26014214754104614
v -1.0672448873519897 -0.7279181480407715 0.2532880902290344
v -1.1923319101333618 -0.5925500392913818 0.11055177450180054
v -1.1954163312911987 -0.6042020320892334 0.10369771718978882
v -1.0830093622207642 -0.7311738729476929 0.2656254172325134
v -1.0799249410629272 -0.7195219993591309 0.27247947454452515
v -1.0936331748962402 -0.7208927869796753 0.2532880902290344
v -1.2185487747192383 -0.5855246782302856 0.11055177450180054
v -1.2216331958770752 -0.5971765518188477 0.10369771718978882
v -1.0903774499893188 -0.7092407941818237 0.26014214754104614
v -1.1928460597991943 -0.5942635536193848 0.08570575714111328
v -1.1897616386413574 -0.5826116800308228 0.09273117780685425
v -1.1954163312911987 -0.6042020320892334 0.10369771718978882
v -1.1923319101333618 -0.5925500392913818 0.11055177450180054
v -1.1897616386413574 -0.5826116800308228 0.09273117780685425
v -1.2159785032272339 -0.575586199760437 0.09273117780685425
v -1.1923319101333618 -0.5925500392913818 0.11055177450180054
v -1.0129263401031494 -0.7301458120346069 0.26014214754104614
v -1.0641605854034424 -0.7162662744522095 0.26014214754104614
v -1.0146398544311523 -0.7369998693466187 0.27247947454452515
v -1.0537080764770508 -0.726547360420227 0.27247947454452515
v -1.0799249410629272 -0.7195219993591309 0.27247947454452515
v -1.0903774499893188 -0.7092407941818237 0.26014214754104614
v -1.2185487747192383 -0.5855246782302856 0.11055177450180054
v -1.0178955793380737 -0.7486518621444702 0.2656254172325134
v -1.0567924976348877 -0.7381993532180786 0.2656254172325134
v -1.0160106420516968 -0.741797685623169 0.2532880902290344
v -1.0672448873519897 -0.7279181480407715 0.2532880902290344
v -1.0830093622207642 -0.7311738729476929 0.2656254172325134
v -1.0936331748962402 -0.7208927869796753 0.2532880902290344
v -1.1954163312911987 -0.6042020320892334 0.10369771718978882
v -1.2216331958770752 -0.5971765518188477 0.10369771718978882
v -1.1928460597991943 -0.5942635536193848 0.08570575714111328
v -1.2190629243850708 -0.5872381925582886 0.08570575714111328
v -1.0146398544311523 -0.7369998693466187 0.27247947454452515
v -1.0537080764770508 -0.726547360420227 0.27247947454452515
v -1.0178955793380737 -0.7486518621444702 0.2656254172325134
v -1.0567924976348877 -0.7381993532180786 0.2656254172325134
v -1.0799249410629272 -0.7195219993591309 0.27247947454452515
v -1.0830093622207642 -0.7311738729476929 0.2656254172325134
v -1.2185487747192383 -0.5855246782302856 0.11055177450180054
v -1.2159785032272339 -0.575586199760437 0.09273117780685425
v -1.2216331958770752 -0.5971765518188477 0.10369771718978882
v -1.2190629243850708 -0.5872381925582886 0.08570575714111328
v -1.0283479690551758 0.6197658777236938 0.3477030396461487
v -0.9656331539154053 0.8538328409194946 0.41264551877975464
v -1.0218366384506226 0.6439265012741089 0.2872157692909241
v -1.011555552482605 0.6824806928634644 0.23512476682662964
v -0.998018741607666 0.7326868772506714 0.1953710913658142
v -0.9824256896972656 0.7911179065704346 0.17035365104675293
v -0.9656331539154053 0.8538328409194946 0.16178607940673828
v -0.9488406181335449 0.9165476560592651 0.17035365104675293
v -0.9330762624740601 0.9749786853790283 0.1953710913658142
v -0.9197107553482056 1.0251848697662354 0.23512476682662964
v -0.909429669380188 1.0637390613555908 0.2872157692909241
v -0.9029183387756348 1.0878998041152954 0.3477030396461487
v -0.9006906747817993 1.0961246490478516 0.41264551877975464
v -0.9029183387756348 1.0878998041152954 0.47758787870407104
v -0.909429669380188 1.0637390613555908 0.5380752682685852
v -0.9197107553482056 1.0251848697662354 0.5899948477745056
v -0.9330762624740601 0.9749786853790283 0.6299199461936951
v -0.9488406181335449 0.9165476560592651 0.6549373269081116
v -0.9656331539154053 0.8538328409194946 0.6635048985481262
v -0.9824256896972656 0.7911179065704346 0.6549373269081116
v -0.998018741607666 0.7326868772506714 0.6299199461936951
v -1.011555552482605 0.6824806928634644 0.5899948477745056
v -1.0218366384506226 0.6439265012741089 0.5380752682685852
v -1.0283479690551758 0.6197658777236938 0.47758787870407104
v -1.0305756330490112 0.6115410327911377 0.41264551877975464
v -1.1609745025634766 0.8740524053573608 0.3997940421104431
v -1.1529209613800049 0.9040390253067017 0.41264551877975464
v -1.1616599559783936 0.8718247413635254 0.41692930459976196
v -1.1599464416503906 0.8783361911773682 0.4330363869667053
v -1.1563479900360107 0.8917015790939331 0.4436601996421814
v -1.151892900466919 0.908322811126709 0.4458877444267273
v -1.147608995437622 0.9239158630371094 0.4392051100730896
v -1.1448674201965332 0.9340255260467529 0.4254968762397766
v -1.1443533897399902 0.9362531900405884 0.4081903100013733
v -1.1460669040679932 0.9299131631851196 0.39208322763442993
v -1.1496652364730835 0.9165476560592651 0.38163071870803833
v -1.1541204452514648 0.8997551202774048 0.37923187017440796
v -1.1582329273223877 0.8843334913253784 0.3859146237373352
v -1.288803219795227 0.9312839508056641 0.40904706716537476
v -1.2865755558013916 0.9398515224456787 0.41264551877975464
v -1.2879464626312256 0.934196949005127 0.4051060080528259
v -1.28691828250885 0.9386520385742188 0.4032211899757385
v -1.2855474948883057 0.9434499740600586 0.4037352204322815
v -1.2845193147659302 0.947219729423523 0.40681952238082886
v -1.2840052843093872 0.9489332437515259 0.4114460349082947
v -1.2841767072677612 0.9484192132949829 0.41624385118484497
v -1.2850334644317627 0.94550621509552 0.42018502950668335
v -1.2862329483032227 0.9410510063171387 0.42206984758377075
v -1.287432312965393 0.9362531900405884 0.42138439416885376
v -1.2884604930877686 0.932483434677124 0.4184715151786804
v -1.2889745235443115 0.9307699203491211 0.4138450026512146
v -1.2889745235443115 0.9307699203491211 0.4138450026512146
v -1.2636144161224365 0.9239158630371094 0.4138450026512146
v -1.2884604930877686 0.932483434677124 0.4184715151786804
v -1.2631003856658936 0.9258006811141968 0.4184715151786804
v -1.2884604930877686 0.932483434677124 0.4184715151786804
v -1.2631003856658936 0.9258006811141968 0.4184715151786804
v -1.287432312965393 0.9362531900405884 0.42138439416885376
v -1.262072205543518 0.9295704364776611 0.42138439416885376
v -1.2862329483032227 0.9410510063171387 0.42206984758377075
v -1.2608728408813477 0.934196949005127 0.42206984758377075
v -1.2862329483032227 0.9410510063171387 0.42206984758377075
v -1.2608728408813477 0.934196949005127 0.42206984758377075
v -1.2850334644317627 0.94550621509552 0.42018502950668335
v -1.2596733570098877 0.9386520385742188 0.42018502950668335
v -1.2841767072677612 0.9484192132949829 0.41624385118484497
v -1.2588165998458862 0.9415650367736816 0.41624385118484497
v -1.2841767072677612 0.9484192132949829 0.41624385118484497
v -1.2588165998458862 0.9415650367736816 0.41624385118484497
v -1.2840052843093872 0.9489332437515259 0.4114460349082947
v -1.2586451768875122 0.9422504901885986 0.4114460349082947
v -1.2845193147659302 0.947219729423523 0.40681952238082886
v -1.2591592073440552 0.9403655529022217 0.40681952238082886
v -1.2845193147659302 0.947219729423523 0.40681952238082886
v -1.2591592073440552 0.9403655529022217 0.40681952238082886
v -1.2855474948883057 0.9434499740600586 0.4037352204322815
v -1.2601873874664307 0.9365959167480469 0.4037352204322815
v -1.2855474948883057 0.9434499740600586 0.4037352204322815
v -1.2601873874664307 0.9365959167480469 0.4037352204322815
v -1.28691828250885 0.9386520385742188 0.4032211899757385
v -1.261558175086975 0.931797981262207 0.4032211899757385
v -1.2879464626312256 0.934196949005127 0.4051060080528259
v -1.2625863552093506 0.9275141954421997 0.4051060080528259
v -1.2879464626312256 0.934196949005127 0.4051060080528259
v -1.2625863552093506 0.9275141954421997 0.4051060080528259
v -1.288803219795227 0.9312839508056641 0.40904706716537476
v -1.263443112373352 0.9246011972427368 0.40904706716537476
v -1.288803219795227 0.9312839508056641 0.40904706716537476
v -1.263443112373352 0.9246011972427368 0.40904706716537476
v -1.2889745235443115 0.9307699203491211 0.4138450026512146
v -1.2636144161224365 0.9239158630371094 0.4138450026512146
v -1.2631003856658936 0.9258006811141968 0.4184715151786804
v -1.2636144161224365 0.9239158630371094 0.4138450026512146
v -1.266184687614441 0.9144914150238037 0.41521579027175903
v -1.2658419609069824 0.9156908988952637 0.4051060080528259
v -1.263443112373352 0.9246011972427368 0.40904706716537476
v -1.2641284465789795 0.9216881990432739 0.3972237706184387
v -1.2625863552093506 0.9275141954421997 0.4051060080528259
v -1.2617295980453491 0.9305984973907471 0.3932827115058899
v -1.261558175086975 0.931797981262207 0.4032211899757385
v -1.2591592073440552 0.9401942491531372 0.3946534991264343
v -1.2601873874664307 0.9365959167480469 0.4037352204322815
v -1.2571030855178833 0.9479050636291504 0.4008222222328186
v -1.2591592073440552 0.9403655529022217 0.40681952238082886
v -1.2562463283538818 0.9516748189926147 0.41007524728775024
v -1.2586451768875122 0.9422504901885986 0.4114460349082947
v -1.2565889358520508 0.9504753351211548 0.4200136065483093
v -1.2588165998458862 0.9415650367736816 0.41624385118484497
v -1.2581311464309692 0.9444780349731445 0.428067147731781
v -1.2596733570098877 0.9386520385742188 0.42018502950668335
v -1.2605301141738892 0.9355677366256714 0.43183690309524536
v -1.2608728408813477 0.934196949005127 0.42206984758377075
v -1.2631003856658936 0.9258006811141968 0.4306374192237854
v -1.262072205543518 0.9295704364776611 0.42138439416885376
v -1.265156626701355 0.9180898666381836 0.4244688153266907
v -1.266184687614441 0.9144914150238037 0.41521579027175903
v -1.1746827363967896 0.8899880647659302 0.41521579027175903
v -1.265156626701355 0.9180898666381836 0.4244688153266907
v -1.173654556274414 0.8935865163803101 0.4244688153266907
v -1.265156626701355 0.9180898666381836 0.4244688153266907
v -1.173654556274414 0.8935865163803101 0.4244688153266907
v -1.2631003856658936 0.9258006811141968 0.4306374192237854
v -1.1715983152389526 0.9012973308563232 0.4306374192237854
v -1.2605301141738892 0.9355677366256714 0.43183690309524536
v -1.1690280437469482 0.9110643863677979 0.43183690309524536
v -1.2605301141738892 0.9355677366256714 0.43183690309524536
v -1.1690280437469482 0.9110643863677979 0.43183690309524536
v -1.2581311464309692 0.9444780349731445 0.428067147731781
v -1.1666291952133179 0.919974684715271 0.428067147731781
v -1.2581311464309692 0.9444780349731445 0.428067147731781
v -1.1666291952133179 0.919974684715271 0.428067147731781
v -1.2565889358520508 0.9504753351211548 0.4200136065483093
v -1.1650869846343994 0.9259719848632812 0.4200136065483093
v -1.2565889358520508 0.9504753351211548 0.4200136065483093
v -1.1650869846343994 0.9259719848632812 0.4200136065483093
v -1.2562463283538818 0.9516748189926147 0.41007524728775024
v -1.164744257926941 0.9271714687347412 0.41007524728775024
v -1.2571030855178833 0.9479050636291504 0.4008222222328186
v -1.1657724380493164 0.9234017133712769 0.4008222222328186
v -1.2571030855178833 0.9479050636291504 0.4008222222328186
v -1.1657724380493164 0.9234017133712769 0.4008222222328186
v -1.2591592073440552 0.9401942491531372 0.3946534991264343
v -1.1678285598754883 0.9156908988952637 0.3946534991264343
v -1.2617295980453491 0.9305984973907471 0.3932827115058899
v -1.1703988313674927 0.9060951471328735 0.3932827115058899
v -1.2641284465789795 0.9216881990432739 0.3972237706184387
v -1.1727977991104126 0.8971848487854004 0.3972237706184387
v -1.2641284465789795 0.9216881990432739 0.3972237706184387
v -1.1727977991104126 0.8971848487854004 0.3972237706184387
v -1.2658419609069824 0.9156908988952637 0.4051060080528259
v -1.174340009689331 0.8911875486373901 0.4051060080528259
v -1.266184687614441 0.9144914150238037 0.41521579027175903
v -1.1746827363967896 0.8899880647659302 0.41521579027175903
v -1.173654556274414 0.8935865163803101 0.4244688153266907
v -1.1746827363967896 0.8899880647659302 0.41521579027175903
v -1.1782810688018799 0.8762799501419067 0.41692930459976196
v -1.177767038345337 0.8785074949264526 0.3997940421104431
v -1.174340009689331 0.8911875486373901 0.4051060080528259
v -1.1750253438949585 0.8887885808944702 0.3859146237373352
v -1.1727977991104126 0.8971848487854004 0.3972237706184387
v -1.1707415580749512 0.9043816328048706 0.37923187017440796
v -1.1703988313674927 0.9060951471328735 0.3932827115058899
v -1.1662864685058594 0.9210028648376465 0.38163071870803833
v -1.1678285598754883 0.9156908988952637 0.3946534991264343
v -1.1628594398498535 0.9343682527542114 0.39208322763442993
v -1.1657724380493164 0.9234017133712769 0.4008222222328186
v -1.1611459255218506 0.9407082796096802 0.4081903100013733
v -1.164744257926941 0.9271714687347412 0.41007524728775024
v -1.1616599559783936 0.9384807348251343 0.4254968762397766
v -1.1650869846343994 0.9259719848632812 0.4200136065483093
v -1.1644015312194824 0.9283709526062012 0.4392051100730896
v -1.1666291952133179 0.919974684715271 0.428067147731781
v -1.1685140132904053 0.9127779006958008 0.4458877444267273
v -1.1690280437469482 0.9110643863677979 0.43183690309524536
v -1.1729692220687866 0.8961567878723145 0.4436601996421814
v -1.1715983152389526 0.9012973308563232 0.4306374192237854
v -1.176567554473877 0.88279128074646 0.4330363869667053
v -1.176567554473877 0.88279128074646 0.4330363869667053
v -1.1782810688018799 0.8762799501419067 0.41692930459976196
v -1.1599464416503906 0.8783361911773682 0.4330363869667053
v -1.1616599559783936 0.8718247413635254 0.41692930459976196
v -1.1599464416503906 0.8783361911773682 0.4330363869667053
v -1.1563479900360107 0.8917015790939331 0.4436601996421814
v -1.176567554473877 0.88279128074646 0.4330363869667053
v -1.1729692220687866 0.8961567878723145 0.4436601996421814
v -1.151892900466919 0.908322811126709 0.4458877444267273
v -1.1685140132904053 0.9127779006958008 0.4458877444267273
v -1.151892900466919 0.908322811126709 0.4458877444267273
v -1.147608995437622 0.9239158630371094 0.4392051100730896
v -1.1685140132904053 0.9127779006958008 0.4458877444267273
v -1.1644015312194824 0.9283709526062012 0.4392051100730896
v -1.147608995437622 0.9239158630371094 0.4392051100730896
v -1.1448674201965332 0.9340255260467529 0.4254968762397766
v -1.1644015312194824 0.9283709526062012 0.4392051100730896
v -1.1616599559783936 0.9384807348251343 0.4254968762397766
v -1.1443533897399902 0.9362531900405884 0.4081903100013733
v -1.1611459255218506 0.9407082796096802 0.4081903100013733
v -1.1443533897399902 0.9362531900405884 0.4081903100013733
v -1.1460669040679932 0.9299131631851196 0.39208322763442993
v -1.1611459255218506 0.9407082796096802 0.4081903100013733
v -1.1628594398498535 0.9343682527542114 0.39208322763442993
v -1.1460669040679932 0.9299131631851196 0.39208322763442993
v -1.1496652364730835 0.9165476560592651 0.38163071870803833
v -1.1628594398498535 0.9343682527542114 0.39208322763442993
v -1.1662864685058594 0.9210028648376465 0.38163071870803833
v -1.1541204452514648 0.8997551202774048 0.37923187017440796
v -1.1707415580749512 0.9043816328048706 0.37923187017440796
v -1.1541204452514648 0.8997551202774048 0.37923187017440796
v -1.1582329273223877 0.8843334913253784 0.3859146237373352
v -1.1707415580749512 0.9043816328048706 0.37923187017440796
v -1.1750253438949585 0.8887885808944702 0.3859146237373352
v -1.1582329273223877 0.8843334913253784 0.3859146237373352
v -1.1609745025634766 0.8740524053573608 0.3997940421104431
v -1.1750253438949585 0.8887885808944702 0.3859146237373352
v -1.177767038345337 0.8785074949264526 0.3997940421104431
v -1.1616599559783936 0.8718247413635254 0.41692930459976196
v -1.1782810688018799 0.8762799501419067 0.41692930459976196
v -0.8993198871612549 1.1016079187393188 0.40459197759628296
v -0.8993198871612549 1.1016079187393188 0.4205276370048523
v -0.9034323692321777 1.085843563079834 0.40459197759628296
v -0.9034323692321777 1.085843563079834 0.4205276370048523
v -0.9034323692321777 1.085843563079834 0.4205276370048523
v -0.9620347619056702 1.1016079187393188 0.4205276370048523
v -0.9034323692321777 1.085843563079834 0.40459197759628296
v -0.9620347619056702 1.1016079187393188 0.40459197759628296
v -0.9620347619056702 1.1016079187393188 0.40459197759628296
v -0.9620347619056702 1.1016079187393188 0.4205276370048523
v -1.1851351261138916 0.9569867849349976 0.40459197759628296
v -1.1851351261138916 0.9569867849349976 0.4205276370048523
v -0.973686695098877 1.1214847564697266 0.4205276370048523
v -0.973686695098877 1.1214847564697266 0.40459197759628296
v -0.992021381855011 1.1096614599227905 0.4205276370048523
v -1.2151217460632324 0.9650403261184692 0.40459197759628296
v -1.2151217460632324 0.9650403261184692 0.4205276370048523
v -0.992021381855011 1.1096614599227905 0.40459197759628296
v -1.1911325454711914 0.934196949005127 0.4205276370048523
v -1.1911325454711914 0.934196949005127 0.40459197759628296
v -1.1851351261138916 0.9569867849349976 0.4205276370048523
v -1.1851351261138916 0.9569867849349976 0.40459197759628296
v -1.1911325454711914 0.934196949005127 0.40459197759628296
v -1.2211190462112427 0.9422504901885986 0.40459197759628296
v -1.1851351261138916 0.9569867849349976 0.40459197759628296
v -0.9034323692321777 1.085843563079834 0.40459197759628296
v -0.9620347619056702 1.1016079187393188 0.40459197759628296
v -0.8993198871612549 1.1016079187393188 0.40459197759628296
v -0.9437000751495361 1.1134312152862549 0.40459197759628296
v -0.973686695098877 1.1214847564697266 0.40459197759628296
v -0.992021381855011 1.1096614599227905 0.40459197759628296
v -1.2151217460632324 0.9650403261184692 0.40459197759628296
v -0.8993198871612549 1.1016079187393188 0.4205276370048523
v -0.9437000751495361 1.1134312152862549 0.4205276370048523
v -0.9034323692321777 1.085843563079834 0.4205276370048523
v -0.9620347619056702 1.1016079187393188 0.4205276370048523
v -0.973686695098877 1.1214847564697266 0.4205276370048523
v -0.992021381855011 1.1096614599227905 0.4205276370048523
v -1.1851351261138916 0.9569867849349976 0.4205276370048523
v -1.2151217460632324 0.9650403261184692 0.4205276370048523
v -1.1911325454711914 0.934196949005127 0.4205276370048523
v -1.2211190462112427 0.9422504901885986 0.4205276370048523
v -0.8993198871612549 1.1016079187393188 0.40459197759628296
v -0.9437000751495361 1.1134312152862549 0.40459197759628296
v -0.8993198871612549 1.1016079187393188 0.4205276370048523
v -0.9437000751495361 1.1134312152862549 0.4205276370048523
v -0.973686695098877 1.1214847564697266 0.40459197759628296
v -0.973686695098877 1.1214847564697266 0.4205276370048523
v -1.2151217460632324 0.9650403261184692 0.40459197759628296
v -1.2211190462112427 0.9422504901885986 0.40459197759628296
v -1.2151217460632324 0.9650403261184692 0.4205276370048523
v -1.2211190462112427 0.9422504901885986 0.4205276370048523
v -1.0005890130996704 0.7234338521957397 0.19451427459716797
v -0.9969905614852905 0.7366279363632202 0.18663209676742554
v -0.998532772064209 0.7311446666717529 0.20856517553329468
v -0.9949343204498291 0.7445101737976074 0.20068299770355225
v -0.9949343204498291 0.7445101737976074 0.20068299770355225
v -1.0535367727279663 0.7602745294570923 0.20068299770355225
v -0.998532772064209 0.7311446666717529 0.20856517553329468
v -1.0571351051330566 0.7469091415405273 0.20856517553329468
v -1.0571351051330566 0.7469091415405273 0.20856517553329468
v -1.0535367727279663 0.7602745294570923 0.20068299770355225
v -1.2034698724746704 0.8882745504379272 0.37957459688186646
v -1.1998714208602905 0.9016400575637817 0.3715210556983948
v -1.071528673171997 0.756676197052002 0.18663209676742554
v -1.075127124786377 0.7433106899261475 0.19451427459716797
v -1.0835233926773071 0.768328070640564 0.20068299770355225
v -1.2334564924240112 0.8963280916213989 0.37957459688186646
v -1.2298580408096313 0.9096935987472534 0.3715210556983948
v -1.0871217250823975 0.754962682723999 0.20856517553329468
v -1.1969584226608276 0.9129493236541748 0.39191192388534546
v -1.2003854513168335 0.8997551202774048 0.39996546506881714
v -1.1998714208602905 0.9016400575637817 0.3715210556983948
v -1.2034698724746704 0.8882745504379272 0.37957459688186646
v -1.2003854513168335 0.8997551202774048 0.39996546506881714
v -1.2303720712661743 0.907637357711792 0.39996546506881714
v -1.2034698724746704 0.8882745504379272 0.37957459688186646
v -0.998532772064209 0.7311446666717529 0.20856517553329468
v -1.0571351051330566 0.7469091415405273 0.20856517553329468
v -1.0005890130996704 0.7234338521957397 0.19451427459716797
v -1.0451405048370361 0.7352571487426758 0.19451427459716797
v -1.075127124786377 0.7433106899261475 0.19451427459716797
v -1.0871217250823975 0.754962682723999 0.20856517553329468
v -1.2334564924240112 0.8963280916213989 0.37957459688186646
v -0.9969905614852905 0.7366279363632202 0.18663209676742554
v -1.0415421724319458 0.7486226558685303 0.18663209676742554
v -0.9949343204498291 0.7445101737976074 0.20068299770355225
v -1.0535367727279663 0.7602745294570923 0.20068299770355225
v -1.071528673171997 0.756676197052002 0.18663209676742554
v -1.0835233926773071 0.768328070640564 0.20068299770355225
v -1.1998714208602905 0.9016400575637817 0.3715210556983948
v -1.2298580408096313 0.9096935987472534 0.3715210556983948
v -1.1969584226608276 0.9129493236541748 0.39191192388534546
v -1.2269450426101685 0.9210028648376465 0.39191192388534546
v -1.0005890130996704 0.7234338521957397 0.19451427459716797
v -1.0451405048370361 0.7352571487426758 0.19451427459716797
v -0.9969905614852905 0.7366279363632202 0.18663209676742554
v -1.0415421724319458 0.7486226558685303 0.18663209676742554
v -1.075127124786377 0.7433106899261475 0.19451427459716797
v -1.071528673171997 0.756676197052002 0.18663209676742554
v -1.2334564924240112 0.8963280916213989 0.37957459688186646
v -1.2303720712661743 0.907637357711792 0.39996546506881714
v -1.2298580408096313 0.9096935987472534 0.3715210556983948
v -1.2269450426101685 0.9210028648376465 0.39191192388534546
v -0.9969905614852905 0.7366279363632202 0.6386589407920837
v -1.0005890130996704 0.7234338521957397 0.6306052803993225
v -0.9949343204498291 0.7445101737976074 0.6246079802513123
v -0.998532772064209 0.7311446666717529 0.6165544390678406
v -0.998532772064209 0.7311446666717529 0.6165544390678406
v -1.0571351051330566 0.7469091415405273 0.6165544390678406
v -0.9949343204498291 0.7445101737976074 0.6246079802513123
v -1.0535367727279663 0.7602745294570923 0.6246079802513123
v -1.0535367727279663 0.7602745294570923 0.6246079802513123
v -1.0571351051330566 0.7469091415405273 0.6165544390678406
v -1.1998714208602905 0.9016400575637817 0.45359867811203003
v -1.2034698724746704 0.8882745504379272 0.4457164406776428
v -1.075127124786377 0.7433106899261475 0.6306052803993225
v -1.071528673171997 0.756676197052002 0.6386589407920837
v -1.0871217250823975 0.754962682723999 0.6165544390678406
v -1.2298580408096313 0.9096935987472534 0.45359867811203003
v -1.2334564924240112 0.8963280916213989 0.4457164406776428
v -1.0835233926773071 0.768328070640564 0.6246079802513123
v -1.2003854513168335 0.8997551202774048 0.42532557249069214
v -1.1969584226608276 0.9129493236541748 0.4332076907157898
v -1.2034698724746704 0.8882745504379272 0.4457164406776428
v -1.1998714208602905 0.9016400575637817 0.45359867811203003
v -1.1969584226608276 0.9129493236541748 0.4332076907157898
v -1.2269450426101685 0.9210028648376465 0.4332076907157898
v -1.1998714208602905 0.9016400575637817 0.45359867811203003
v -0.9949343204498291 0.7445101737976074 0.6246079802513123
v -1.0535367727279663 0.7602745294570923 0.6246079802513123
v -0.9969905614852905 0.7366279363632202 0.6386589407920837
v -1.0415421724319458 0.7486226558685303 0.6386589407920837
v -1.071528673171997 0.756676197052002 0.6386589407920837
v -1.0835233926773071 0.768328070640564 0.6246079802513123
v -1.2298580408096313 0.9096935987472534 0.45359867811203003
v -1.0005890130996704 0.7234338521957397 0.6306052803993225
v -1.0451405048370361 0.7352571487426758 0.6306052803993225
v -0.998532772064209 0.7311446666717529 0.6165544390678406
v -1.0571351051330566 0.7469091415405273 0.6165544390678406
v -1.075127124786377 0.7433106899261475 0.6306052803993225
v -1.0871217250823975 0.754962682723999 0.6165544390678406
v -1.2034698724746704 0.8882745504379272 0.4457164406776428
v -1.2334564924240112 0.8963280916213989 0.4457164406776428
v -1.2003854513168335 0.8997551202774048 0.42532557249069214
v -1.2303720712661743 0.907637357711792 0.42532557249069214
v -0.9969905614852905 0.7366279363632202 0.6386589407920837
v -1.0415421724319458 0.7486226558685303 0.6386589407920837
v -1.0005890130996704 0.7234338521957397 0.6306052803993225
v -1.0451405048370361 0.7352571487426758 0.6306052803993225
v -1.071528673171997 0.756676197052002 0.6386589407920837
v -1.075127124786377 0.7433106899261475 0.6306052803993225
v -1.2298580408096313 0.9096935987472534 0.45359867811203003
v -1.2269450426101685 0.9210028648376465 0.4332076907157898
v -1.2334564924240112 0.8963280916213989 0.4457164406776428
v -1.2303720712661743 0.907637357711792 0.42532557249069214
v 1.1947739124298096 1.7775918245315552 -0.6015874147415161
v 1.1481659412384033 1.8690937757492065 -0.5248216986656189
v 1.234013557434082 1.785988211631775 -0.5716008543968201
v 1.260058879852295 1.807235836982727 -0.5345888137817383
v 1.2691407203674316 1.8377364873886108 -0.4958631992340088
v 1.2598876953125 1.8730350732803345 -0.4617641568183899
v 1.23349928855896 1.907819390296936 -0.4370894432067871
v 1.1942596435546875 1.936606526374817 -0.42578020691871643
v 1.1478233337402344 1.9552839994430542 -0.4295499622821808
v 1.1015582084655762 1.960767149925232 -0.44788461923599243
v 1.0623185634613037 1.9523710012435913 -0.47787123918533325
v 1.0362732410430908 1.9311233758926392 -0.5150546431541443
v 1.027191400527954 1.9006227254867554 -0.5536088943481445
v 1.0364444255828857 1.8653241395950317 -0.5878793001174927
v 1.0628328323364258 1.830539584159851 -0.6125539541244507
v 1.1020722389221191 1.8015810251235962 -0.6236918568611145
v 1.1485087871551514 1.783075213432312 -0.6199221014976501
v 1.234013557434082 1.0147323608398438 -0.6009020209312439
v 1.1481659412384033 0.9261434078216553 -0.5652608275413513
v 1.1947739124298096 1.0270698070526123 -0.6295178532600403
v 1.1485087871551514 1.0239853858947754 -0.6483665704727173
v 1.1020722389221191 1.0059934854507446 -0.6545352339744568
v 1.0628328323364258 0.9760068655014038 -0.6471670866012573
v 1.0364444255828857 0.9383094310760498 -0.6272902488708496
v 1.027191400527954 0.8987270593643188 -0.5981603860855103
v 1.0362732410430908 0.8634284734725952 -0.5638899803161621
v 1.0623185634613037 0.8375543355941772 -0.5297909379005432
v 1.1015582084655762 0.8252170085906982 -0.5011751055717468
v 1.1478233337402344 0.8283013105392456 -0.4823263883590698
v 1.1942596435546875 0.8461219072341919 -0.4761577248573303
v 1.23349928855896 0.8762799501419067 -0.4835258722305298
v 1.2598876953125 0.9139773845672607 -0.5034027099609375
v 1.2691407203674316 0.9535597562789917 -0.5325325727462769
v 1.260058879852295 0.9888582229614258 -0.566802978515625
vt 0.9050797820091248 0.3656530976295471
vt 0.7304047346115112 0.23161673545837402
vt 0.9338358640670776 0.3159835934638977
vt 0.9488080143928528 0.26037275791168213
vt 0.9488080143928528 0.20286071300506592
vt 0.9338358640670776 0.14748752117156982
vt 0.9050797820091248 0.09758037328720093
vt 0.8644410967826843 0.05694162845611572
vt 0.8145339488983154 0.028185606002807617
vt 0.7591607570648193 0.013451099395751953
vt 0.7016487121582031 0.013451099395751953
vt 0.6460378766059875 0.0284232497215271
vt 0.5963683724403381 0.05717933177947998
vt 0.5557296872138977 0.09781801700592041
vt 0.5269736051559448 0.14748752117156982
vt 0.5122390985488892 0.2030983567237854
vt 0.5122390985488892 0.2606104016304016
vt 0.5269736051559448 0.3159835934638977
vt 0.5557296872138977 0.3658907413482666
vt 0.5966060161590576 0.40629178285598755
vt 0.646275520324707 0.43504786491394043
vt 0.7018863558769226 0.4500200152397156
vt 0.7591607570648193 0.4500200152397156
vt 0.8147715926170349 0.43504786491394043
vt 0.8644410967826843 0.40629178285598755
vt 0.07852210849523544 0.8031725883483887
vt 0.10704048722982407 0.7953300327062607
vt 0.08612701296806335 0.816243514418602
vt 0.09943559020757675 0.8238484114408493
vt 0.11464539170265198 0.8238484114408493
vt 0.12795397639274597 0.816243514418602
vt 0.1355588734149933 0.802934929728508
vt 0.1355588734149933 0.7877251356840134
vt 0.12795397639274597 0.7746542096138
vt 0.11464539170265198 0.7668116539716721
vt 0.09943559020757675 0.7670493125915527
vt 0.08612701296806335 0.7746542096138
vt 0.07852210849523544 0.7877251356840134
vt 0.1607501059770584 0.8720920085906982
vt 0.15266989171504974 0.8699531257152557
vt 0.1607501059770584 0.8678142428398132
vt 0.1586112231016159 0.8640117943286896
vt 0.15504643321037292 0.8618729114532471
vt 0.15053102374076843 0.8618729114532471
vt 0.14696621894836426 0.8640117943286896
vt 0.14458969235420227 0.8678142428398132
vt 0.14458969235420227 0.8720920085906982
vt 0.14696621894836426 0.8758944571018219
vt 0.15053102374076843 0.8780333325266838
vt 0.15504643321037292 0.8780333325266838
vt 0.1586112231016159 0.8758944571018219
vt 0.4221685826778412 0.8801722154021263
vt 0.4221685826778412 0.8571198582649231
vt 0.4262086749076843 0.8801722154021263
vt 0.4262086749076843 0.8571198582649231
vt 0.43048644065856934 0.8801722154021263
vt 0.43048644065856934 0.8571198582649231
vt 0.4340512454509735 0.8801722154021263
vt 0.4340512454509735 0.8571198582649231
vt 0.1298551857471466 0.8846876248717308
vt 0.1298551857471466 0.8616352677345276
vt 0.1322317272424698 0.8846876248717308
vt 0.1322317272424698 0.8616352677345276
vt 0.13627183437347412 0.8846876248717308
vt 0.13627183437347412 0.8616352677345276
vt 0.13627183437347412 0.8846876248717308
vt 0.13627183437347412 0.8616352677345276
vt 0.14054958522319794 0.8846876248717308
vt 0.14054958522319794 0.8616352677345276
vt 0.1441143900156021 0.8846876248717308
vt 0.1441143900156021 0.8616352677345276
vt 0.4340512454509735 0.8340674936771393
vt 0.4340512454509735 0.8571198582649231
vt 0.43024879693984985 0.8340674936771393
vt 0.43024879693984985 0.8571198582649231
vt 0.43024879693984985 0.8340674936771393
vt 0.43024879693984985 0.8571198582649231
vt 0.42597103118896484 0.8340674936771393
vt 0.42597103118896484 0.8571198582649231
vt 0.4221685826778412 0.8340674936771393
vt 0.4221685826778412 0.8571198582649231
vt 0.14458969235420227 0.7668116539716721
vt 0.14458969235420227 0.7898640036582947
vt 0.14031192660331726 0.7668116539716721
vt 0.14031192660331726 0.7898640036582947
vt 0.14031192660331726 0.7668116539716721
vt 0.14031192660331726 0.7898640036582947
vt 0.13627183437347412 0.7668116539716721
vt 0.13627183437347412 0.7898640036582947
vt 0.3744002878665924 0.8507032245397568
vt 0.3779650926589966 0.8485643416643143
vt 0.3841440677642822 0.8547433316707611
vt 0.3886594772338867 0.8471384197473526
vt 0.3801039755344391 0.8449995517730713
vt 0.3886594772338867 0.8383452594280243
vt 0.3801039755344391 0.8404841274023056
vt 0.3841440677642822 0.830740362405777
vt 0.3779650926589966 0.8369193375110626
vt 0.3765391707420349 0.8262249380350113
vt 0.3744002878665924 0.8345428109169006
vt 0.3677459955215454 0.8262249380350113
vt 0.3698848783969879 0.8345428109169006
vt 0.3601410984992981 0.830740362405777
vt 0.36632010340690613 0.836681678891182
vt 0.3556256890296936 0.8383452594280243
vt 0.36394354701042175 0.8404841274023056
vt 0.3556256890296936 0.8471384197473526
vt 0.36394354701042175 0.8447618931531906
vt 0.3601410984992981 0.8547433316707611
vt 0.36632010340690613 0.8485643416643143
vt 0.3677459955215454 0.8592587411403656
vt 0.3698848783969879 0.8507032245397568
vt 0.3765391707420349 0.8592587411403656
vt 0.7349201440811157 0.893005482852459
vt 0.7349201440811157 0.8098268806934357
vt 0.743000328540802 0.893005482852459
vt 0.743000328540802 0.8098268806934357
vt 0.7517935037612915 0.893005482852459
vt 0.7517935037612915 0.8098268806934357
vt 0.7517935037612915 0.893005482852459
vt 0.7517935037612915 0.8098268806934357
vt 0.7589231133460999 0.893005482852459
vt 0.7589231133460999 0.8098268806934357
vt 0.7589231133460999 0.891817219555378
vt 0.7591607570648193 0.8088762611150742
vt 0.7641515135765076 0.891817219555378
vt 0.7641515135765076 0.8088762611150742
vt 0.7641515135765076 0.891817219555378
vt 0.7641515135765076 0.8088762611150742
vt 0.7719940543174744 0.891817219555378
vt 0.7722316980361938 0.8088762611150742
vt 0.7719940543174744 0.891817219555378
vt 0.7722316980361938 0.8088762611150742
vt 0.7807872295379639 0.891817219555378
vt 0.7810248732566833 0.8088762611150742
vt 0.7881544828414917 0.891817219555378
vt 0.7881544828414917 0.8088762611150742
vt 0.874897837638855 0.7718023657798767
vt 0.8751355409622192 0.8549809753894806
vt 0.8672929406166077 0.7718023657798767
vt 0.8675305843353271 0.8549809753894806
vt 0.8584997653961182 0.7718023657798767
vt 0.8587374687194824 0.8549809753894806
vt 0.8508948683738708 0.7718023657798767
vt 0.8508948683738708 0.8549809753894806
vt 0.7308800220489502 0.8098268806934357
vt 0.7308800220489502 0.893005482852459
vt 0.7220868468284607 0.8098268806934357
vt 0.7220868468284607 0.893005482852459
vt 0.7220868468284607 0.8098268806934357
vt 0.7220868468284607 0.893005482852459
vt 0.7137690186500549 0.8098268806934357
vt 0.7137690186500549 0.893005482852459
vt 0.6236984729766846 0.8145799338817596
vt 0.6313033699989319 0.8100645244121552
vt 0.6400965452194214 0.8188576996326447
vt 0.6477014422416687 0.8055491149425507
vt 0.6355811357498169 0.8024596273899078
vt 0.6477014422416687 0.790339320898056
vt 0.6355811357498169 0.7936664670705795
vt 0.6400965452194214 0.7772683948278427
vt 0.6313033699989319 0.786061555147171
vt 0.6267879605293274 0.7694258391857147
vt 0.6236984729766846 0.7815461456775665
vt 0.6115781664848328 0.7694258391857147
vt 0.6149052977561951 0.7815461456775665
vt 0.5982695817947388 0.777030736207962
vt 0.6070627570152283 0.786061555147171
vt 0.5906646847724915 0.790339320898056
vt 0.6027849912643433 0.7936664670705795
vt 0.5906646847724915 0.8055491149425507
vt 0.6027849912643433 0.8024596273899078
vt 0.5982695817947388 0.8188576996326447
vt 0.6070627570152283 0.8100645244121552
vt 0.6115781664848328 0.826462596654892
vt 0.6149052977561951 0.8145799338817596
vt 0.6267879605293274 0.826462596654892
vt 0.3886594772338867 0.8756568059325218
vt 0.3886594772338867 0.8616352677345276
vt 0.40386930108070374 0.8756568059325218
vt 0.40386930108070374 0.8616352677345276
vt 0.3886594772338867 0.8464254587888718
vt 0.40386930108070374 0.8464254587888718
vt 0.3886594772338867 0.8464254587888718
vt 0.3886594772338867 0.8340674936771393
vt 0.40386930108070374 0.8464254587888718
vt 0.40386930108070374 0.8340674936771393
vt 0.03075382485985756 0.8823110908269882
vt 0.03075382485985756 0.8735179305076599
vt 0.045963626354932785 0.8823110908269882
vt 0.045963626354932785 0.8735179305076599
vt 0.03075382485985756 0.8597340434789658
vt 0.045963626354932785 0.8597340434789658
vt 0.03075382485985756 0.8597340434789658
vt 0.03075382485985756 0.8445242345333099
vt 0.045963626354932785 0.8597340434789658
vt 0.045963626354932785 0.8445242345333099
vt 0.03075382485985756 0.8445242345333099
vt 0.030991477891802788 0.831928625702858
vt 0.045963626354932785 0.8445242345333099
vt 0.045963626354932785 0.8321662694215775
vt 0.4340512454509735 0.8758944571018219
vt 0.4340512454509735 0.8625858724117279
vt 0.44926103949546814 0.8758944571018219
vt 0.44926103949546814 0.8625858724117279
vt 0.4340512454509735 0.8625858724117279
vt 0.4340512454509735 0.8473760783672333
vt 0.44926103949546814 0.8625858724117279
vt 0.44926103949546814 0.8473760783672333
vt 0.4340512454509735 0.8340674936771393
vt 0.44926103949546814 0.8340674936771393
vt 0.8508948683738708 0.88421231508255
vt 0.8508948683738708 0.8692401647567749
vt 0.8661047220230103 0.88421231508255
vt 0.8661047220230103 0.8692401647567749
vt 0.8508948683738708 0.8692401647567749
vt 0.8508948683738708 0.8549809753894806
vt 0.8661047220230103 0.8692401647567749
vt 0.8661047220230103 0.8549809753894806
vt 0.48229482769966125 0.8652000725269318
vt 0.4963163733482361 0.8652000725269318
vt 0.48229482769966125 0.8794592544436455
vt 0.4960787296295166 0.8794592544436455
vt 0.048815466463565826 0.8854005858302116
vt 0.048815466463565826 0.831928625702858
vt 0.06117343157529831 0.8854005858302116
vt 0.06117343157529831 0.831928625702858
vt 0.8910582661628723 0.7589690983295441
vt 0.9048421382904053 0.7589690983295441
vt 0.8908206224441528 0.9322182536125183
vt 0.9046044945716858 0.9322182536125183
vt 0.9488080143928528 0.23494386672973633
vt 0.9628295302391052 0.23494386672973633
vt 0.9488080143928528 0.24920308589935303
vt 0.9630671739578247 0.4224522113800049
vt 0.9490456581115723 0.4224522113800049
vt 0.9628295302391052 0.24920308589935303
vt 0.9046044945716858 0.9528940804302692
vt 0.8905829787254333 0.9528940804302692
vt 0.9046044945716858 0.9322182536125183
vt 0.8908206224441528 0.9322182536125183
vt 0.33281099796295166 0.5322479903697968
vt 0.3511102795600891 0.5122851133346558
vt 0.3477831482887268 0.5460318624973297
vt 0.3323356807231903 0.8167188167572021
vt 0.36845895648002625 0.7775060534477234
vt 0.34279242157936096 0.8262249380350113
vt 0.3701225519180298 0.7965182960033417
vt 0.3886594772338867 0.7765554338693619
vt 0.38699591159820557 0.7575431764125824
vt 0.36632010340690613 0.5260689854621887
vt 0.6562569737434387 0.7043088674545288
vt 0.6790716648101807 0.7378179728984833
vt 0.6477014422416687 0.710250198841095
vt 0.677645742893219 0.7542160302400589
vt 0.6945191025733948 0.7603950202465057
vt 0.6930931806564331 0.7767930924892426
vt 0.660534679889679 0.9550329595804214
vt 0.6759821772575378 0.9776100106537342
vt 0.6479390859603882 0.96358847245574
vt 0.6633865237236023 0.9861655235290527
vt 0.6044485569000244 0.826462596654892
vt 0.6044485569000244 0.8668636381626129
vt 0.5909023284912109 0.826462596654892
vt 0.5906646847724915 0.8668636381626129
vt 0.6044485569000244 0.89419374614954
vt 0.5906646847724915 0.89419374614954
vt 0.9630671739578247 0.4224522113800049
vt 0.9630671739578247 0.4428904056549072
vt 0.9490456581115723 0.4224522113800049
vt 0.9490456581115723 0.4431280493736267
vt 0.47920534014701843 0.8794592544436455
vt 0.4651837944984436 0.8794592544436455
vt 0.47920534014701843 0.8652000725269318
vt 0.4651837944984436 0.8652000725269318
vt 0.5200816988945007 0.7100125551223755
vt 0.5488377213478088 0.7549289911985397
vt 0.5122390985488892 0.715003252029419
vt 0.5407575368881226 0.7599197179079056
vt 0.94571852684021 0.9528940804302692
vt 0.9316969513893127 0.9528940804302692
vt 0.94571852684021 0.7796449214220047
vt 0.9316969513893127 0.7796449214220047
vt 0.8905829787254333 0.9669156149029732
vt 0.8765614032745361 0.9669156149029732
vt 0.8905829787254333 0.9528940804302692
vt 0.8767991065979004 0.7796449214220047
vt 0.8905829787254333 0.7796449214220047
vt 0.8765614032745361 0.9528940804302692
vt 0.9316969513893127 0.7589690983295441
vt 0.9454808235168457 0.7589690983295441
vt 0.9316969513893127 0.7796449214220047
vt 0.94571852684021 0.7796449214220047
vt 0.9865948557853699 0.7385309338569641
vt 0.9685332179069519 0.7589690983295441
vt 0.9718603491783142 0.7254599928855896
vt 0.9865948557853699 0.45905083417892456
vt 0.9514221549034119 0.49897652864456177
vt 0.9763757586479187 0.4500200152397156
vt 0.9497585892677307 0.48020195960998535
vt 0.9316969513893127 0.5006401240825653
vt 0.9333605170249939 0.5191770493984222
vt 0.9537987112998962 0.7458981871604919
vt 0.5291125178337097 0.7043088674545288
vt 0.5507389307022095 0.7385309338569641
vt 0.5200816988945007 0.7100125551223755
vt 0.5488377213478088 0.7549289911985397
vt 0.5652357935905457 0.7615832835435867
vt 0.563334584236145 0.7779813557863235
vt 0.5253100395202637 0.9550329595804214
vt 0.5398069024085999 0.9780853167176247
vt 0.5124768018722534 0.9631131663918495
vt 0.5269736051559448 0.9861655235290527
vt 0.6044485569000244 0.89419374614954
vt 0.6044485569000244 0.8537927120923996
vt 0.6163312196731567 0.89419374614954
vt 0.6163312196731567 0.8537927120923996
vt 0.6044485569000244 0.826462596654892
vt 0.6163312196731567 0.826462596654892
vt 0.8767991065979004 0.7796449214220047
vt 0.8767991065979004 0.7589690983295441
vt 0.8905829787254333 0.7796449214220047
vt 0.8905829787254333 0.7589690983295441
vt 0.19212032854557037 0.8794592544436455
vt 0.17809878289699554 0.8794592544436455
vt 0.19212032854557037 0.8652000725269318
vt 0.17809878289699554 0.8652000725269318
vt 0.2548607587814331 0.8804098665714264
vt 0.2548607587814331 0.8271755576133728
vt 0.26793166995048523 0.8804098665714264
vt 0.26769402623176575 0.8271755576133728
vt 0.9597400426864624 0.9528940804302692
vt 0.94571852684021 0.9528940804302692
vt 0.9597400426864624 0.7796449214220047
vt 0.94571852684021 0.7796449214220047
vt 0.9316969513893127 0.9669156149029732
vt 0.9176754355430603 0.9669156149029732
vt 0.9316969513893127 0.9528940804302692
vt 0.9176754355430603 0.7796449214220047
vt 0.9314593076705933 0.7796449214220047
vt 0.9176754355430603 0.9528940804302692
vt 0.94571852684021 0.7589690983295441
vt 0.9597400426864624 0.7589690983295441
vt 0.94571852684021 0.7796449214220047
vt 0.9597400426864624 0.7796449214220047
vt 0.8770367503166199 0.47045814990997314
vt 0.8950983881950378 0.4500200152397156
vt 0.8917712569236755 0.48352909088134766
vt 0.8765614032745361 0.7499382793903351
vt 0.9119717478752136 0.7100125551223755
vt 0.8867805004119873 0.7589690983295441
vt 0.9136353135108948 0.7287871539592743
vt 0.9316969513893127 0.7083489894866943
vt 0.9300333857536316 0.6895743906497955
vt 0.9098328948020935 0.4630908966064453
vt 0.2869439423084259 0.8271755576133728
vt 0.2593761682510376 0.7974689155817032
vt 0.29740068316459656 0.817431777715683
vt 0.26103973388671875 0.7784566581249237
vt 0.24083922803401947 0.7777436971664429
vt 0.24250279366970062 0.7584937959909439
vt 0.2817155718803406 0.5462695062160492
vt 0.26317861676216125 0.5263066589832306
vt 0.2966877222061157 0.5320103168487549
vt 0.2781507670879364 0.5122851133346558
vt 0.29740068316459656 0.8271755576133728
vt 0.29740068316459656 0.8675765991210938
vt 0.2836167812347412 0.8271755576133728
vt 0.2836167812347412 0.8675765991210938
vt 0.29740068316459656 0.8949067071080208
vt 0.2836167812347412 0.8949067071080208
vt 0.9176754355430603 0.7796449214220047
vt 0.9176754355430603 0.7589690983295441
vt 0.9314593076705933 0.7796449214220047
vt 0.9314593076705933 0.7589690983295441
vt 0.10965467244386673 0.46237796545028687
vt 0.2627032995223999 0.2627493143081665
vt 0.16669143736362457 0.4951740503311157
vt 0.23014482855796814 0.5122851133346558
vt 0.295737087726593 0.5120474696159363
vt 0.3591904938220978 0.4951740503311157
vt 0.41598960757255554 0.46237796545028687
vt 0.46233198046684265 0.4157979488372803
vt 0.4951280951499939 0.3589988350868225
vt 0.5122390985488892 0.29554545879364014
vt 0.5122390985488892 0.22995316982269287
vt 0.4951280951499939 0.1664997935295105
vt 0.46233198046684265 0.10970067977905273
vt 0.41575196385383606 0.06312066316604614
vt 0.3589528501033783 0.03032451868057251
vt 0.29549944400787354 0.013451099395751953
vt 0.22990716993808746 0.013451099395751953
vt 0.1664537787437439 0.03032451868057251
vt 0.10965467244386673 0.06335830688476562
vt 0.06307465583086014 0.10970067977905273
vt 0.030278518795967102 0.1664997935295105
vt 0.013405144214630127 0.22995316982269287
vt 0.013405144214630127 0.2957831025123596
vt 0.03051617182791233 0.359236478805542
vt 0.06331230700016022 0.41603559255599976
vt 0.013405144214630127 0.8081633001565933
vt 0.045963626354932785 0.799370139837265
vt 0.022198311984539032 0.8233731091022491
vt 0.03717046231031418 0.831928625702858
vt 0.05475679412484169 0.831928625702858
vt 0.06972894072532654 0.8233731091022491
vt 0.07852210849523544 0.8081633001565933
vt 0.07852210849523544 0.7908146232366562
vt 0.06972894072532654 0.7756048142910004
vt 0.05475679412484169 0.7668116539716721
vt 0.03717046231031418 0.7670493125915527
vt 0.022198311984539032 0.7756048142910004
vt 0.013405144214630127 0.7908146232366562
vt 0.11797253787517548 0.8799345567822456
vt 0.12058672308921814 0.870903730392456
vt 0.12296324968338013 0.8799345567822456
vt 0.12724101543426514 0.8775580301880836
vt 0.1298551857471466 0.8732802718877792
vt 0.1298551857471466 0.8682895600795746
vt 0.12724101543426514 0.8640117943286896
vt 0.12296324968338013 0.8616352677345276
vt 0.11797253787517548 0.8616352677345276
vt 0.11369477957487106 0.8640117943286896
vt 0.11131824553012848 0.8682895600795746
vt 0.11131824553012848 0.8732802718877792
vt 0.11369477957487106 0.8775580301880836
vt 0.097772017121315 0.8880147635936737
vt 0.097772017121315 0.8616352677345276
vt 0.1022874265909195 0.8880147635936737
vt 0.1022874265909195 0.8616352677345276
vt 0.1022874265909195 0.8880147635936737
vt 0.1022874265909195 0.8616352677345276
vt 0.10727814584970474 0.8880147635936737
vt 0.10727814584970474 0.8616352677345276
vt 0.11131824553012848 0.8880147635936737
vt 0.11131824553012848 0.8616352677345276
vt 0.3556256890296936 0.8856382369995117
vt 0.3556256890296936 0.8592587411403656
vt 0.35847753286361694 0.8856382369995117
vt 0.35847753286361694 0.8592587411403656
vt 0.36299294233322144 0.8856382369995117
vt 0.36299294233322144 0.8592587411403656
vt 0.36299294233322144 0.8856382369995117
vt 0.36299294233322144 0.8592587411403656
vt 0.3679836690425873 0.8856382369995117
vt 0.3679836690425873 0.8592587411403656
vt 0.3720237612724304 0.8856382369995117
vt 0.3720237612724304 0.8592587411403656
vt 0.3886594772338867 0.8592587411403656
vt 0.3886594772338867 0.8856382369995117
vt 0.3843817412853241 0.8592587411403656
vt 0.3843817412853241 0.8856382369995117
vt 0.3843817412853241 0.8592587411403656
vt 0.3843817412853241 0.8856382369995117
vt 0.37939101457595825 0.8592587411403656
vt 0.37939101457595825 0.8856382369995117
vt 0.37511324882507324 0.8592587411403656
vt 0.37511324882507324 0.8856382369995117
vt 0.8756108283996582 0.8549809753894806
vt 0.8756108283996582 0.8813604786992073
vt 0.8706201314926147 0.8549809753894806
vt 0.8706201314926147 0.8813604786992073
vt 0.8706201314926147 0.8549809753894806
vt 0.8706201314926147 0.8813604786992073
vt 0.8661047220230103 0.8549809753894806
vt 0.8661047220230103 0.8813604786992073
vt 0.11916080117225647 0.8518914878368378
vt 0.12343855947256088 0.8495149612426758
vt 0.13056814670562744 0.8566445559263229
vt 0.1355588734149933 0.8478513807058334
vt 0.12581509351730347 0.8452371954917908
vt 0.1355588734149933 0.8376322984695435
vt 0.12581509351730347 0.8402464836835861
vt 0.13056814670562744 0.8290767818689346
vt 0.12343855947256088 0.8359687179327011
vt 0.12177498638629913 0.8238484114408493
vt 0.11916080117225647 0.8335921913385391
vt 0.11155590415000916 0.8238484114408493
vt 0.11417008191347122 0.8335921913385391
vt 0.10300038754940033 0.828839123249054
vt 0.1098923310637474 0.8359687179327011
vt 0.097772017121315 0.8376322984695435
vt 0.10751579701900482 0.8402464836835861
vt 0.097772017121315 0.8478513807058334
vt 0.10751579701900482 0.8452371954917908
vt 0.10300038754940033 0.8564068973064423
vt 0.1098923310637474 0.8495149612426758
vt 0.11155590415000916 0.8616352677345276
vt 0.11417008191347122 0.8518914878368378
vt 0.12177498638629913 0.8616352677345276
vt 0.795759379863739 0.9036998748779297
vt 0.795759379863739 0.8088762611150742
vt 0.804790198802948 0.9036998748779297
vt 0.804790198802948 0.8088762611150742
vt 0.804790198802948 0.9036998748779297
vt 0.804790198802948 0.8088762611150742
vt 0.8150092363357544 0.9036998748779297
vt 0.8150092363357544 0.8088762611150742
vt 0.8230894804000854 0.9036998748779297
vt 0.8230894804000854 0.8088762611150742
vt 0.14458969235420227 0.8618729114532471
vt 0.14482733607292175 0.7668116539716721
vt 0.15053102374076843 0.8618729114532471
vt 0.15053102374076843 0.7670493125915527
vt 0.15053102374076843 0.8618729114532471
vt 0.15053102374076843 0.7670493125915527
vt 0.15956184267997742 0.8618729114532471
vt 0.1597994863986969 0.7670493125915527
vt 0.15956184267997742 0.8618729114532471
vt 0.1597994863986969 0.7670493125915527
vt 0.1697809249162674 0.8618729114532471
vt 0.1697809249162674 0.7670493125915527
vt 0.17786113917827606 0.8618729114532471
vt 0.17809878289699554 0.7670493125915527
vt 0.8506572246551514 0.7718023657798767
vt 0.8508948683738708 0.8666259795427322
vt 0.8421017527580261 0.7718023657798767
vt 0.8421017527580261 0.8666259795427322
vt 0.831882655620575 0.7718023657798767
vt 0.8321202993392944 0.8666259795427322
vt 0.8230894804000854 0.7718023657798767
vt 0.8233271241188049 0.8668636381626129
vt 0.7137690186500549 0.8098268806934357
vt 0.7137690186500549 0.9048881381750107
vt 0.7037875652313232 0.8098268806934357
vt 0.7037875652313232 0.9048881381750107
vt 0.6945191025733948 0.8098268806934357
vt 0.6945191025733948 0.9048881381750107
vt 0.6201336979866028 0.7558796107769012
vt 0.6289268136024475 0.7506512403488159
vt 0.6389082670211792 0.7608703225851059
vt 0.6477014422416687 0.7456605434417725
vt 0.6339175701141357 0.7420957088470459
vt 0.6477014422416687 0.7283118367195129
vt 0.6339175701141357 0.7318766415119171
vt 0.6389082670211792 0.7131020426750183
vt 0.6289268136024475 0.7230834662914276
vt 0.623936116695404 0.7043088674545288
vt 0.6201336979866028 0.7180927693843842
vt 0.606349766254425 0.7043088674545288
vt 0.6101522445678711 0.7180927693843842
vt 0.5913776159286499 0.7131020426750183
vt 0.6013590693473816 0.7230834662914276
vt 0.5825844407081604 0.7283118367195129
vt 0.5963683724403381 0.7318766415119171
vt 0.5825844407081604 0.7456605434417725
vt 0.5963683724403381 0.7420957088470459
vt 0.5913776159286499 0.7608703225851059
vt 0.6013590693473816 0.7506512403488159
vt 0.606349766254425 0.7694258391857147
vt 0.6101522445678711 0.7558796107769012
vt 0.623936116695404 0.7694258391857147
vt 0.07852210849523544 0.8637741506099701
vt 0.07852210849523544 0.8794592544436455
vt 0.06117343157529831 0.8637741506099701
vt 0.06117343157529831 0.8794592544436455
vt 0.06117343157529831 0.8637741506099701
vt 0.06117343157529831 0.8461878150701523
vt 0.07852210849523544 0.8637741506099701
vt 0.07852210849523544 0.8461878150701523
vt 0.06117343157529831 0.831928625702858
vt 0.07852210849523544 0.831928625702858
vt 0.6165688633918762 0.88397466391325
vt 0.6165688633918762 0.8739932328462601
vt 0.6339175701141357 0.88397466391325
vt 0.6339175701141357 0.8739932328462601
vt 0.6165688633918762 0.8739932328462601
vt 0.6165688633918762 0.8580704629421234
vt 0.6339175701141357 0.8739932328462601
vt 0.6339175701141357 0.8580704629421234
vt 0.6165688633918762 0.8407217860221863
vt 0.6339175701141357 0.8407217860221863
vt 0.6165688633918762 0.8407217860221863
vt 0.6168065071105957 0.826462596654892
vt 0.6339175701141357 0.8407217860221863
vt 0.6341552138328552 0.826462596654892
vt 0.013405144214630127 0.8796969056129456
vt 0.013405144214630127 0.8647247552871704
vt 0.03075382485985756 0.8796969056129456
vt 0.03075382485985756 0.8647247552871704
vt 0.013405144214630127 0.8473760783672333
vt 0.03075382485985756 0.8471384197473526
vt 0.013405144214630127 0.8473760783672333
vt 0.013405144214630127 0.8321662694215775
vt 0.03075382485985756 0.8471384197473526
vt 0.03075382485985756 0.831928625702858
vt 0.40386930108070374 0.8675765991210938
vt 0.40386930108070374 0.8502279072999954
vt 0.42121797800064087 0.8675765991210938
vt 0.42121797800064087 0.8502279072999954
vt 0.40386930108070374 0.8340674936771393
vt 0.42121797800064087 0.8340674936771393
vt 0.16217602789402008 0.8618729114532471
vt 0.17809878289699554 0.8618729114532471
vt 0.16217602789402008 0.8780333325266838
vt 0.17809878289699554 0.8782709911465645
vt 0.24083922803401947 0.8880147635936737
vt 0.24083922803401947 0.8271755576133728
vt 0.2548607587814331 0.8880147635936737
vt 0.2548607587814331 0.8271755576133728
vt 0.9490456581115723 0.013451099395751953
vt 0.9649683833122253 0.013451099395751953
vt 0.9488080143928528 0.21117854118347168
vt 0.9647307395935059 0.21141618490219116
vt 0.29740068316459656 0.5122851133346558
vt 0.313323438167572 0.5122851133346558
vt 0.29740068316459656 0.5284455418586731
vt 0.3135610818862915 0.7264106273651123
vt 0.29763832688331604 0.7264106273651123
vt 0.313323438167572 0.5284455418586731
vt 0.9647307395935059 0.23494386672973633
vt 0.9488080143928528 0.23494386672973633
vt 0.9647307395935059 0.21141618490219116
vt 0.9488080143928528 0.21117854118347168
vt 0.7593984007835388 0.4728347063064575
vt 0.7803118824958801 0.4500200152397156
vt 0.7765094637870789 0.48875749111175537
vt 0.7589231133460999 0.7979442179203033
vt 0.8002747893333435 0.7530277669429779
vt 0.7708057761192322 0.8088762611150742
vt 0.8021759986877441 0.7748918682336807
vt 0.8230894804000854 0.7518395036458969
vt 0.8211882710456848 0.730213075876236
vt 0.7976605892181396 0.46594274044036865
vt 0.8330708742141724 0.4500200152397156
vt 0.8589751124382019 0.48804450035095215
vt 0.8230894804000854 0.4566742777824402
vt 0.8575491905212402 0.5070567429065704
vt 0.8765614032745361 0.5139486789703369
vt 0.874897837638855 0.5327232778072357
vt 0.8378239870071411 0.7363920509815216
vt 0.8554102778434753 0.7620585858821869
vt 0.8235647678375244 0.7461358308792114
vt 0.8411511182785034 0.7718023657798767
vt 0.097772017121315 0.8238484114408493
vt 0.097772017121315 0.8701907694339752
vt 0.0823245644569397 0.8238484114408493
vt 0.0823245644569397 0.8701907694339752
vt 0.097772017121315 0.9013233408331871
vt 0.08208690583705902 0.901085689663887
vt 0.3135610818862915 0.7264106273651123
vt 0.3135610818862915 0.7499382793903351
vt 0.29763832688331604 0.7264106273651123
vt 0.29763832688331604 0.7499382793903351
vt 0.4651837944984436 0.8813604786992073
vt 0.44926103949546814 0.8813604786992073
vt 0.4651837944984436 0.8652000725269318
vt 0.44926103949546814 0.8652000725269318
vt 0.3976902961730957 0.5184640884399414
vt 0.43048644065856934 0.5697971880435944
vt 0.3886594772338867 0.5244054198265076
vt 0.42121797800064087 0.5757385194301605
vt 0.3323356807231903 0.971431028097868
vt 0.31641292572021484 0.971431028097868
vt 0.3323356807231903 0.773465946316719
vt 0.31617528200149536 0.773465946316719
vt 0.3323356807231903 0.7499382793903351
vt 0.31617528200149536 0.7499382793903351
vt 0.3323356807231903 0.7337778508663177
vt 0.31641292572021484 0.5358127653598785
vt 0.3323356807231903 0.5358127653598785
vt 0.31617528200149536 0.7335402071475983
vt 0.31617528200149536 0.7499382793903351
vt 0.3323356807231903 0.7499382793903351
vt 0.31617528200149536 0.773465946316719
vt 0.3323356807231903 0.773465946316719
vt 0.24083922803401947 0.8419100493192673
vt 0.22016339004039764 0.8652000725269318
vt 0.2239658534526825 0.8269378989934921
vt 0.24083922803401947 0.5225042104721069
vt 0.200675830245018 0.5681336224079132
vt 0.22919420897960663 0.5122851133346558
vt 0.19877460598945618 0.5467448234558105
vt 0.17809878289699554 0.5700348317623138
vt 0.18000000715255737 0.5914236307144165
vt 0.20329001545906067 0.8502279072999954
vt 0.4079093933105469 0.5122851133346558
vt 0.43262532353401184 0.5510225892066956
vt 0.3976902961730957 0.5184640884399414
vt 0.43048644065856934 0.5697971880435944
vt 0.44926103949546814 0.5774020850658417
vt 0.44712215662002563 0.5961766839027405
vt 0.4033939838409424 0.7984195202589035
vt 0.42026737332344055 0.8247990310192108
vt 0.3888971507549286 0.8079256564378738
vt 0.4055328667163849 0.8340674936771393
vt 0.6341552138328552 0.9036998748779297
vt 0.6341552138328552 0.8575951606035233
vt 0.6477014422416687 0.9036998748779297
vt 0.6477014422416687 0.8575951606035233
vt 0.6341552138328552 0.826462596654892
vt 0.6477014422416687 0.826462596654892
vt 0.31641292572021484 0.5358127653598785
vt 0.31641292572021484 0.5122851133346558
vt 0.3323356807231903 0.5358127653598785
vt 0.3323356807231903 0.5122851133346558
vt 0.5122390985488892 0.8813604786992073
vt 0.4963163733482361 0.8813604786992073
vt 0.5122390985488892 0.8652000725269318
vt 0.4963163733482361 0.8652000725269318
vt 0.2691199481487274 0.8880147635936737
vt 0.26888230443000793 0.8271755576133728
vt 0.2836167812347412 0.8880147635936737
vt 0.2836167812347412 0.8271755576133728
vt 0.3135610818862915 0.971431028097868
vt 0.29763832688331604 0.971431028097868
vt 0.3135610818862915 0.773465946316719
vt 0.29763832688331604 0.773465946316719
vt 0.581396222114563 0.9421996884047985
vt 0.5654734373092651 0.9421996884047985
vt 0.581396222114563 0.925801619887352
vt 0.5652357935905457 0.7280741930007935
vt 0.5811585783958435 0.7280741930007935
vt 0.5654734373092651 0.925801619887352
vt 0.29763832688331604 0.7499382793903351
vt 0.3135610818862915 0.7499382793903351
vt 0.29763832688331604 0.773465946316719
vt 0.3135610818862915 0.773465946316719
vt 0.4497363567352295 0.5353374779224396
vt 0.47041216492652893 0.5122851133346558
vt 0.4666097164154053 0.5503096282482147
vt 0.44926103949546814 0.8547433316707611
vt 0.4896620810031891 0.8093515634536743
vt 0.460906058549881 0.8652000725269318
vt 0.4915633201599121 0.8305027037858963
vt 0.5122390985488892 0.807212695479393
vt 0.5103379487991333 0.786061555147171
vt 0.4872855544090271 0.5270196199417114
vt 0.7470404505729675 0.8098268806934357
vt 0.7156702280044556 0.7760801315307617
vt 0.7589231133460999 0.7988948374986649
vt 0.7175714373588562 0.7542160302400589
vt 0.6945191025733948 0.7532654255628586
vt 0.6964203119277954 0.7314013242721558
vt 0.7410991191864014 0.48875749111175537
vt 0.7197103500366211 0.46594274044036865
vt 0.7582101821899414 0.4728347063064575
vt 0.7370589971542358 0.4500200152397156
vt 0.3480207920074463 0.8262249380350113
vt 0.3480207920074463 0.8723296523094177
vt 0.3323356807231903 0.8262249380350113
vt 0.3323356807231903 0.8723296523094177
vt 0.3480207920074463 0.9034622237086296
vt 0.3323356807231903 0.9034622237086296
vt 0.5652357935905457 0.7280741930007935
vt 0.5652357935905457 0.7043088674545288
vt 0.5811585783958435 0.7280741930007935
vt 0.5811585783958435 0.7043088674545288
vt 0.5260230302810669 0.6548770070075989
vt 0.6032602787017822 0.5771644413471222
vt 0.5514519214630127 0.6881484687328339
vt 0.5849609971046448 0.7043088674545288
vt 0.6213219165802002 0.701219379901886
vt 0.654831051826477 0.6793552935123444
vt 0.6804975867271423 0.6418060958385468
vt 0.6942814588546753 0.5945131182670593
vt 0.6945191025733948 0.5443682968616486
vt 0.6807352304458618 0.4994518756866455
vt 0.6550686955451965 0.46618038415908813
vt 0.6215595602989197 0.4500200152397156
vt 0.5854362845420837 0.4531095027923584
vt 0.5519272089004517 0.47497355937957764
vt 0.5262606739997864 0.5125227570533752
vt 0.5122390985488892 0.5598157346248627
vt 0.5122390985488892 0.6099605560302734
vt 0.013405144214630127 0.6558276414871216
vt 0.0956331416964531 0.6394295692443848
vt 0.013405144214630127 0.6059204638004303
vt 0.02600076049566269 0.5610040128231049
vt 0.049053117632865906 0.5282078683376312
vt 0.07923506945371628 0.5122851133346558
vt 0.11203120648860931 0.5156122744083405
vt 0.14221316576004028 0.537951648235321
vt 0.16550317406654358 0.5757385194301605
vt 0.17809878289699554 0.6232691407203674
vt 0.17809878289699554 0.6731763184070587
vt 0.16550317406654358 0.7180927693843842
vt 0.14245080947875977 0.7508888989686966
vt 0.1122688576579094 0.7668116539716721
vt 0.07947272062301636 0.7634845077991486
vt 0.049290772527456284 0.741145133972168
vt 0.02600076049566269 0.7033582627773285
vn -0.9659159384257828 0.2588559442914909 0
vn -0.9659159384257828 0.2588559442914909 0
vn -0.9659159384257828 0.2588559442914909 0
vn -0.9659159384257828 0.2588559442914909 0
vn -0.9659159384257828 0.2588559442914909 0
vn -0.9659159384257828 0.2588559442914909 0
vn -0.9659159384257828 0.2588559442914909 0
vn -0.9659159384257828 0.2588559442914909 0
vn -0.9659159384257828 0.2588559442914909 0
vn -0.9659159384257828 0.2588559442914909 0
vn -0.9659159384257828 0.2588559442914909 0
vn -0.9659159384257828 0.2588559442914909 0
vn -0.9659159384257828 0.2588559442914909 0
vn -0.9659159384257828 0.2588559442914909 0
vn -0.9659159384257828 0.2588559442914909 0
vn -0.9659159384257828 0.2588559442914909 0
vn -0.9659159384257828 0.2588559442914909 0
vn -0.9659159384257828 0.2588559442914909 0
vn -0.9659159384257828 0.2588559442914909 0
vn -0.9659159384257828 0.2588559442914909 0
vn -0.9659159384257828 0.2588559442914909 0
vn -0.9659159384257828 0.2588559442914909 0
vn -0.9659159384257828 0.2588559442914909 0
vn -0.9659159384257828 0.2588559442914909 0
vn -0.9659159384257828 0.2588559442914909 0
vn 0.9659159384257828 -0.2588559442914909 0
vn 0.9659159384257828 -0.2588559442914909 0
vn 0.9659159384257828 -0.2588559442914909 0
vn 0.9659159384257828 -0.2588559442914909 0
vn 0.9659159384257828 -0.2588559442914909 0
vn 0.9659159384257828 -0.2588559442914909 0
vn 0.9659159384257828 -0.2588559442914909 0
vn 0.9659159384257828 -0.2588559442914909 0
vn 0.9659159384257828 -0.2588559442914909 0
vn 0.9659159384257828 -0.2588559442914909 0
vn 0.9659159384257828 -0.2588559442914909 0
vn 0.9659159384257828 -0.2588559442914909 0
vn 0.9659159384257828 -0.2588559442914909 0
vn -0.9659159384257828 0.2588559442914909 0
vn -0.9659159384257828 0.2588559442914909 0
vn -0.9659159384257828 0.2588559442914909 0
vn -0.9659159384257828 0.2588559442914909 0
vn -0.9659159384257828 0.2588559442914909 0
vn -0.9659159384257828 0.2588559442914909 0
vn -0.9659159384257828 0.2588559442914909 0
vn -0.9659159384257828 0.2588559442914909 0
vn -0.9659159384257828 0.2588559442914909 0
vn -0.9659159384257828 0.2588559442914909 0
vn -0.9659159384257828 0.2588559442914909 0
vn -0.9659159384257828 0.2588559442914909 0
vn -0.9659159384257828 0.2588559442914909 0
vn -0.24010883754328258 -0.892256337457779 0.382395573196191
vn -0.24010883754328258 -0.892256337457779 0.382395573196191
vn -0.20400218604319165 -0.7665538800938991 0.6089156403005157
vn -0.20400218604319165 -0.7665538800938991 0.6089156403005157
vn -0.0980838643282359 -0.37053929137045577 0.9236234022095373
vn -0.0980838643282359 -0.37053929137045577 0.9236234022095373
vn -0.03379873079257639 -0.12618220843413763 0.9914311353147504
vn -0.03379873079257639 -0.12618220843413763 0.9914311353147504
vn 0.09808403316289394 0.3705391311503162 0.9236234485572944
vn 0.09808403316289394 0.3705391311503162 0.9236234485572944
vn 0.15648404552521022 0.5868146119259654 0.7944566411870709
vn 0.15648404552521022 0.5868146119259654 0.7944566411870709
vn 0.2040023996591502 0.7665537760589665 0.6089156997015666
vn 0.2040023996591502 0.7665537760589665 0.6089156997015666
vn 0.2578045671844661 0.9575599231502631 0.12890228359223305
vn 0.2578045671844661 0.9575599231502631 0.12890228359223305
vn 0.2578045671844661 0.9575599231502631 -0.12890228359223305
vn 0.2578045671844661 0.9575599231502631 -0.12890228359223305
vn 0.24010883754328258 0.892256337457779 -0.382395573196191
vn 0.24010883754328258 0.892256337457779 -0.382395573196191
vn 0.15648394348750252 0.5868145645607233 -0.7944566962711113
vn 0.15648394348750252 0.5868145645607233 -0.7944566962711113
vn 0.15648394348750252 0.5868145645607233 -0.7944566962711113
vn 0.15648394348750252 0.5868145645607233 -0.7944566962711113
vn 0.033798865321791174 0.12618207588701838 -0.9914311475981588
vn 0.033798865321791174 0.12618207588701838 -0.9914311475981588
vn -0.03379879802540824 -0.12618214949253256 -0.9914311405243845
vn -0.03379879802540824 -0.12618214949253256 -0.9914311405243845
vn -0.15648394348750252 -0.5868145645607233 -0.7944566962711113
vn -0.15648394348750252 -0.5868145645607233 -0.7944566962711113
vn -0.15648394348750252 -0.5868145645607233 -0.7944566962711113
vn -0.15648394348750252 -0.5868145645607233 -0.7944566962711113
vn -0.20400230465212696 -0.766553814620993 -0.6089156829862613
vn -0.20400230465212696 -0.766553814620993 -0.6089156829862613
vn -0.2578045671844661 -0.9575599231502631 -0.12890228359223305
vn -0.2578045671844661 -0.9575599231502631 -0.12890228359223305
vn -0.2578045671844661 -0.9575599231502631 -0.12890228359223305
vn -0.2578045671844661 -0.9575599231502631 -0.12890228359223305
vn -0.9659159384257828 0.2588559442914909 0
vn -0.9659159384257828 0.2588559442914909 0
vn -0.9659159384257828 0.2588559442914909 0
vn -0.9659159384257828 0.2588559442914909 0
vn -0.9659159384257828 0.2588559442914909 0
vn -0.9659159384257828 0.2588559442914909 0
vn -0.9659159384257828 0.2588559442914909 0
vn -0.9659159384257828 0.2588559442914909 0
vn -0.9659159384257828 0.2588559442914909 0
vn -0.9659159384257828 0.2588559442914909 0
vn -0.9659159384257828 0.2588559442914909 0
vn -0.9659159384257828 0.2588559442914909 0
vn -0.9659159384257828 0.2588559442914909 0
vn -0.9659159384257828 0.2588559442914909 0
vn -0.9659159384257828 0.2588559442914909 0
vn -0.9659159384257828 0.2588559442914909 0
vn -0.9659159384257828 0.2588559442914909 0
vn -0.9659159384257828 0.2588559442914909 0
vn -0.9659159384257828 0.2588559442914909 0
vn -0.9659159384257828 0.2588559442914909 0
vn -0.9659159384257828 0.2588559442914909 0
vn -0.9659159384257828 0.2588559442914909 0
vn -0.9659159384257828 0.2588559442914909 0
vn -0.9659159384257828 0.2588559442914909 0
vn -0.2578045671844661 -0.9575599231502631 0.12890228359223305
vn -0.2578045671844661 -0.9575599231502631 0.12890228359223305
vn -0.20400218604319165 -0.7665538800938991 0.6089156403005157
vn -0.20400218604319165 -0.7665538800938991 0.6089156403005157
vn -0.15648394348750252 -0.5868145645607233 0.7944566962711113
vn -0.15648394348750252 -0.5868145645607233 0.7944566962711113
vn -0.03379873079257639 -0.12618220843413763 0.9914311353147504
vn -0.03379873079257639 -0.12618220843413763 0.9914311353147504
vn 0.03379893768162889 0.12618208277658008 0.9914311442544851
vn 0.03379893768162889 0.12618208277658008 0.9914311442544851
vn 0.03379893768162889 0.12618208277658008 0.9914311442544851
vn 0.03379893768162889 0.12618208277658008 0.9914311442544851
vn 0.09808403316289394 0.3705391311503162 0.9236234485572944
vn 0.09808403316289394 0.3705391311503162 0.9236234485572944
vn 0.2040023996591502 0.7665537760589665 0.6089156997015666
vn 0.2040023996591502 0.7665537760589665 0.6089156997015666
vn 0.2040023996591502 0.7665537760589665 0.6089156997015666
vn 0.2040023996591502 0.7665537760589665 0.6089156997015666
vn 0.2578045671844661 0.9575599231502631 0.12890228359223305
vn 0.2578045671844661 0.9575599231502631 0.12890228359223305
vn 0.2578045671844661 0.9575599231502631 -0.12890228359223305
vn 0.2578045671844661 0.9575599231502631 -0.12890228359223305
vn 0.24010883754328258 0.892256337457779 -0.382395573196191
vn 0.24010883754328258 0.892256337457779 -0.382395573196191
vn 0.15648394348750252 0.5868145645607233 -0.7944566962711113
vn 0.15648394348750252 0.5868145645607233 -0.7944566962711113
vn 0.09808403316289394 0.3705391311503162 -0.9236234485572944
vn 0.09808403316289394 0.3705391311503162 -0.9236234485572944
vn -0.03379879802540824 -0.12618214949253256 -0.9914311405243845
vn -0.03379879802540824 -0.12618214949253256 -0.9914311405243845
vn -0.0980839487455635 -0.37053921126039063 -0.9236234253834218
vn -0.0980839487455635 -0.37053921126039063 -0.9236234253834218
vn -0.20400230465212696 -0.766553814620993 -0.6089156829862613
vn -0.20400230465212696 -0.766553814620993 -0.6089156829862613
vn -0.20400230465212696 -0.766553814620993 -0.6089156829862613
vn -0.20400230465212696 -0.766553814620993 -0.6089156829862613
vn -0.2578045671844661 -0.9575599231502631 -0.12890228359223305
vn -0.2578045671844661 -0.9575599231502631 -0.12890228359223305
vn -0.2578045671844661 -0.9575599231502631 0.12890228359223305
vn -0.2578045671844661 -0.9575599231502631 0.12890228359223305
vn -0.9659159384257828 0.2588559442914909 0
vn -0.9659159384257828 0.2588559442914909 0
vn -0.9659159384257828 0.2588559442914909 0
vn -0.9659159384257828 0.2588559442914909 0
vn -0.9659159384257828 0.2588559442914909 0
vn -0.9659159384257828 0.2588559442914909 0
vn -0.9659159384257828 0.2588559442914909 0
vn -0.9659159384257828 0.2588559442914909 0
vn -0.9659159384257828 0.2588559442914909 0
vn -0.9659159384257828 0.2588559442914909 0
vn -0.9659159384257828 0.2588559442914909 0
vn -0.9659159384257828 0.2588559442914909 0
vn -0.9659159384257828 0.2588559442914909 0
vn -0.9659159384257828 0.2588559442914909 0
vn -0.9659159384257828 0.2588559442914909 0
vn -0.9659159384257828 0.2588559442914909 0
vn -0.9659159384257828 0.2588559442914909 0
vn -0.9659159384257828 0.2588559442914909 0
vn -0.9659159384257828 0.2588559442914909 0
vn -0.9659159384257828 0.2588559442914909 0
vn -0.9659159384257828 0.2588559442914909 0
vn -0.9659159384257828 0.2588559442914909 0
vn -0.9659159384257828 0.2588559442914909 0
vn -0.9659159384257828 0.2588559442914909 0
vn -0.2578045671844661 -0.9575599231502631 0.12890228359223305
vn -0.20400218604319165 -0.7665538800938991 0.6089156403005157
vn -0.2578045671844661 -0.9575599231502631 0.12890228359223305
vn -0.20400218604319165 -0.7665538800938991 0.6089156403005157
vn -0.15648394348750252 -0.5868145645607233 0.7944566962711113
vn -0.15648394348750252 -0.5868145645607233 0.7944566962711113
vn -0.03379873079257639 -0.12618220843413763 0.9914311353147504
vn -0.03379873079257639 -0.12618220843413763 0.9914311353147504
vn -0.03379873079257639 -0.12618220843413763 0.9914311353147504
vn -0.03379873079257639 -0.12618220843413763 0.9914311353147504
vn 0.09808403316289394 0.3705391311503162 0.9236234485572944
vn 0.15648404552521022 0.5868146119259654 0.7944566411870709
vn 0.09808403316289394 0.3705391311503162 0.9236234485572944
vn 0.15648404552521022 0.5868146119259654 0.7944566411870709
vn 0.2040023996591502 0.7665537760589665 0.6089156997015666
vn 0.2040023996591502 0.7665537760589665 0.6089156997015666
vn 0.2578045671844661 0.9575599231502631 0.12890228359223305
vn 0.2578045671844661 0.9575599231502631 0.12890228359223305
vn 0.2578045671844661 0.9575599231502631 0.12890228359223305
vn 0.2578045671844661 0.9575599231502631 0.12890228359223305
vn 0.24010883754328258 0.892256337457779 -0.382395573196191
vn 0.20400229916482285 0.7665537343973973 -0.6089157858167833
vn 0.24010883754328258 0.892256337457779 -0.382395573196191
vn 0.20400229916482285 0.7665537343973973 -0.6089157858167833
vn 0.20400229916482285 0.7665537343973973 -0.6089157858167833
vn 0.15648394348750252 0.5868145645607233 -0.7944566962711113
vn 0.20400229916482285 0.7665537343973973 -0.6089157858167833
vn 0.15648394348750252 0.5868145645607233 -0.7944566962711113
vn 0.033798865321791174 0.12618207588701838 -0.9914311475981588
vn -0.03379879802540824 -0.12618214949253256 -0.9914311405243845
vn 0.033798865321791174 0.12618207588701838 -0.9914311475981588
vn -0.03379879802540824 -0.12618214949253256 -0.9914311405243845
vn -0.0980839487455635 -0.37053921126039063 -0.9236234253834218
vn -0.0980839487455635 -0.37053921126039063 -0.9236234253834218
vn -0.20400230465212696 -0.766553814620993 -0.6089156829862613
vn -0.20400230465212696 -0.766553814620993 -0.6089156829862613
vn -0.20400230465212696 -0.766553814620993 -0.6089156829862613
vn -0.20400230465212696 -0.766553814620993 -0.6089156829862613
vn -0.2578045671844661 -0.9575599231502631 -0.12890228359223305
vn -0.2578045671844661 -0.9575599231502631 0.12890228359223305
vn -0.2578045671844661 -0.9575599231502631 -0.12890228359223305
vn -0.2578045671844661 -0.9575599231502631 0.12890228359223305
vn 0.9659159384257828 -0.2588559442914909 0
vn 0.9659159384257828 -0.2588559442914909 0
vn 0.9659159384257828 -0.2588559442914909 0
vn 0.9659159384257828 -0.2588559442914909 0
vn -0.2588559442914909 -0.9659159384257828 0
vn -0.2588559442914909 -0.9659159384257828 0
vn -0.2588559442914909 -0.9659159384257828 0
vn -0.2588559442914909 -0.9659159384257828 0
vn 0.5440365985089582 -0.8390614873075766 0
vn 0.5440365985089582 -0.8390614873075766 0
vn 0.5440365985089582 -0.8390614873075766 0
vn 0.5440365985089582 -0.8390614873075766 0
vn -0.5440365293375049 0.8390615321574468 0
vn -0.5440365293375049 0.8390615321574468 0
vn -0.5440365293375049 0.8390615321574468 0
vn -0.5440365293375049 0.8390615321574468 0
vn -0.5440365293375049 0.8390615321574468 0
vn -0.5440365293375049 0.8390615321574468 0
vn 0.9659159384257828 -0.2588559442914909 0
vn 0.9659159384257828 -0.2588559442914909 0
vn 0.9659159384257828 -0.2588559442914909 0
vn 0.9659159384257828 -0.2588559442914909 0
vn 0 0 -1
vn 0 0 -1
vn 0 0 -1
vn 0 0 -1
vn 0 0 -1
vn 0 0 -1
vn 0 0 -1
vn 0 0 -1
vn 0 0 -1
vn 0 0 -1
vn 0 0 1
vn 0 0 1
vn 0 0 1
vn 0 0 1
vn 0 0 1
vn 0 0 1
vn 0 0 1
vn 0 0 1
vn 0 0 1
vn 0 0 1
vn 0.2588559442914909 0.9659159384257828 0
vn 0.2588559442914909 0.9659159384257828 0
vn 0.2588559442914909 0.9659159384257828 0
vn 0.2588559442914909 0.9659159384257828 0
vn 0.2588559442914909 0.9659159384257828 0
vn 0.2588559442914909 0.9659159384257828 0
vn -0.9659159384257828 0.2588559442914909 0
vn -0.9659159384257828 0.2588559442914909 0
vn -0.9659159384257828 0.2588559442914909 0
vn -0.9659159384257828 0.2588559442914909 0
vn 0.9659159384257828 -0.2588559442914909 0
vn 0.9659159384257828 -0.2588559442914909 0
vn 0.9659159384257828 -0.2588559442914909 0
vn 0.9659159384257828 -0.2588559442914909 0
vn 0.13027619907204954 0.48346926246611777 0.8656128373619512
vn 0.13027619907204954 0.48346926246611777 0.8656128373619512
vn 0.13027619907204954 0.48346926246611777 0.8656128373619512
vn 0.13027619907204954 0.48346926246611777 0.8656128373619512
vn 0.8033624457327494 0.1304352660674544 0.5810296224395171
vn 0.8033624457327494 0.1304352660674544 0.5810296224395171
vn 0.8033624457327494 0.1304352660674544 0.5810296224395171
vn 0.8033624457327494 0.1304352660674544 0.5810296224395171
vn -0.8033624457327494 -0.1304352660674544 -0.5810296224395171
vn -0.8033624457327494 -0.1304352660674544 -0.5810296224395171
vn -0.8033624457327494 -0.1304352660674544 -0.5810296224395171
vn -0.8033624457327494 -0.1304352660674544 -0.5810296224395171
vn -0.8033624457327494 -0.1304352660674544 -0.5810296224395171
vn -0.8033624457327494 -0.1304352660674544 -0.5810296224395171
vn 0.9659159384257828 -0.2588559442914909 0
vn 0.9659159384257828 -0.2588559442914909 0
vn 0.9659159384257828 -0.2588559442914909 0
vn 0.9659159384257828 -0.2588559442914909 0
vn -0.222854362363014 -0.8364667313150895 0.5006589064211523
vn -0.222854362363014 -0.8364667313150895 0.5006589064211523
vn -0.222854362363014 -0.8364667313150895 0.5006589064211523
vn -0.222854362363014 -0.8364667313150895 0.5006589064211523
vn -0.222854362363014 -0.8364667313150895 0.5006589064211523
vn -0.222854362363014 -0.8364667313150895 0.5006589064211523
vn -0.222854362363014 -0.8364667313150895 0.5006589064211523
vn -0.222854362363014 -0.8364667313150895 0.5006589064211523
vn -0.222854362363014 -0.8364667313150895 0.5006589064211523
vn -0.222854362363014 -0.8364667313150895 0.5006589064211523
vn 0.22285427074602346 0.8364667230199577 -0.5006589610608316
vn 0.22285427074602346 0.8364667230199577 -0.5006589610608316
vn 0.22285427074602346 0.8364667230199577 -0.5006589610608316
vn 0.22285427074602346 0.8364667230199577 -0.5006589610608316
vn 0.22285427074602346 0.8364667230199577 -0.5006589610608316
vn 0.22285427074602346 0.8364667230199577 -0.5006589610608316
vn 0.22285427074602346 0.8364667230199577 -0.5006589610608316
vn 0.22285427074602346 0.8364667230199577 -0.5006589610608316
vn 0.22285427074602346 0.8364667230199577 -0.5006589610608316
vn 0.22285427074602346 0.8364667230199577 -0.5006589610608316
vn -0.13027620688387465 -0.4834693808636273 -0.8656127700578885
vn -0.13027620688387465 -0.4834693808636273 -0.8656127700578885
vn -0.13027620688387465 -0.4834693808636273 -0.8656127700578885
vn -0.13027620688387465 -0.4834693808636273 -0.8656127700578885
vn -0.13027620688387465 -0.4834693808636273 -0.8656127700578885
vn -0.13027620688387465 -0.4834693808636273 -0.8656127700578885
vn -0.9659159384257828 0.2588559442914909 0
vn -0.9659159384257828 0.2588559442914909 0
vn -0.9659159384257828 0.2588559442914909 0
vn -0.9659159384257828 0.2588559442914909 0
vn 0.9659159384257828 -0.2588559442914909 0
vn 0.9659159384257828 -0.2588559442914909 0
vn 0.9659159384257828 -0.2588559442914909 0
vn 0.9659159384257828 -0.2588559442914909 0
vn 0.13027619907204954 0.48346926246611777 -0.8656128373619512
vn 0.13027619907204954 0.48346926246611777 -0.8656128373619512
vn 0.13027619907204954 0.48346926246611777 -0.8656128373619512
vn 0.13027619907204954 0.48346926246611777 -0.8656128373619512
vn 0.8033623756379825 0.13043527404177035 -0.581029717566103
vn 0.8033623756379825 0.13043527404177035 -0.581029717566103
vn 0.8033623756379825 0.13043527404177035 -0.581029717566103
vn 0.8033623756379825 0.13043527404177035 -0.581029717566103
vn -0.8033624457327494 -0.1304352660674544 0.5810296224395171
vn -0.8033624457327494 -0.1304352660674544 0.5810296224395171
vn -0.8033624457327494 -0.1304352660674544 0.5810296224395171
vn -0.8033624457327494 -0.1304352660674544 0.5810296224395171
vn -0.8033624457327494 -0.1304352660674544 0.5810296224395171
vn -0.8033624457327494 -0.1304352660674544 0.5810296224395171
vn 0.9659159384257828 -0.2588559442914909 0
vn 0.9659159384257828 -0.2588559442914909 0
vn 0.9659159384257828 -0.2588559442914909 0
vn 0.9659159384257828 -0.2588559442914909 0
vn 0.222854362363014 0.8364667313150895 0.5006589064211523
vn 0.222854362363014 0.8364667313150895 0.5006589064211523
vn 0.222854362363014 0.8364667313150895 0.5006589064211523
vn 0.222854362363014 0.8364667313150895 0.5006589064211523
vn 0.222854362363014 0.8364667313150895 0.5006589064211523
vn 0.222854362363014 0.8364667313150895 0.5006589064211523
vn 0.222854362363014 0.8364667313150895 0.5006589064211523
vn 0.222854362363014 0.8364667313150895 0.5006589064211523
vn 0.222854362363014 0.8364667313150895 0.5006589064211523
vn 0.222854362363014 0.8364667313150895 0.5006589064211523
vn -0.222854362363014 -0.8364667313150895 -0.5006589064211523
vn -0.222854362363014 -0.8364667313150895 -0.5006589064211523
vn -0.222854362363014 -0.8364667313150895 -0.5006589064211523
vn -0.222854362363014 -0.8364667313150895 -0.5006589064211523
vn -0.222854362363014 -0.8364667313150895 -0.5006589064211523
vn -0.222854362363014 -0.8364667313150895 -0.5006589064211523
vn -0.222854362363014 -0.8364667313150895 -0.5006589064211523
vn -0.222854362363014 -0.8364667313150895 -0.5006589064211523
vn -0.222854362363014 -0.8364667313150895 -0.5006589064211523
vn -0.222854362363014 -0.8364667313150895 -0.5006589064211523
vn -0.13027611336305378 -0.48346945500362803 0.8656127427236221
vn -0.13027611336305378 -0.48346945500362803 0.8656127427236221
vn -0.13027611336305378 -0.48346945500362803 0.8656127427236221
vn -0.13027611336305378 -0.48346945500362803 0.8656127427236221
vn -0.13027611336305378 -0.48346945500362803 0.8656127427236221
vn -0.13027611336305378 -0.48346945500362803 0.8656127427236221
vn -0.9659159384257828 0.2588559442914909 0
vn -0.9659159384257828 0.2588559442914909 0
vn -0.9659159384257828 0.2588559442914909 0
vn -0.9659159384257828 0.2588559442914909 0
vn -0.9659159384257828 0.2588559442914909 0
vn -0.9659159384257828 0.2588559442914909 0
vn -0.9659159384257828 0.2588559442914909 0
vn -0.9659159384257828 0.2588559442914909 0
vn -0.9659159384257828 0.2588559442914909 0
vn -0.9659159384257828 0.2588559442914909 0
vn -0.9659159384257828 0.2588559442914909 0
vn -0.9659159384257828 0.2588559442914909 0
vn -0.9659159384257828 0.2588559442914909 0
vn -0.9659159384257828 0.2588559442914909 0
vn -0.9659159384257828 0.2588559442914909 0
vn -0.9659159384257828 0.2588559442914909 0
vn -0.9659159384257828 0.2588559442914909 0
vn -0.9659159384257828 0.2588559442914909 0
vn -0.9659159384257828 0.2588559442914909 0
vn -0.9659159384257828 0.2588559442914909 0
vn -0.9659159384257828 0.2588559442914909 0
vn -0.9659159384257828 0.2588559442914909 0
vn -0.9659159384257828 0.2588559442914909 0
vn -0.9659159384257828 0.2588559442914909 0
vn -0.9659159384257828 0.2588559442914909 0
vn -0.9659159384257828 0.2588559442914909 0
vn -0.9659159384257828 0.2588559442914909 0
vn -0.9659159384257828 0.2588559442914909 0
vn -0.9659159384257828 0.2588559442914909 0
vn 0.9659159384257828 -0.2588559442914909 0
vn 0.9659159384257828 -0.2588559442914909 0
vn 0.9659159384257828 -0.2588559442914909 0
vn 0.9659159384257828 -0.2588559442914909 0
vn 0.9659159384257828 -0.2588559442914909 0
vn 0.9659159384257828 -0.2588559442914909 0
vn 0.9659159384257828 -0.2588559442914909 0
vn 0.9659159384257828 -0.2588559442914909 0
vn 0.9659159384257828 -0.2588559442914909 0
vn 0.9659159384257828 -0.2588559442914909 0
vn 0.9659159384257828 -0.2588559442914909 0
vn 0.9659159384257828 -0.2588559442914909 0
vn 0.9659159384257828 -0.2588559442914909 0
vn -0.9659159384257828 0.2588559442914909 0
vn -0.9659159384257828 0.2588559442914909 0
vn -0.9659159384257828 0.2588559442914909 0
vn -0.9659159384257828 0.2588559442914909 0
vn -0.9659159384257828 0.2588559442914909 0
vn -0.9659159384257828 0.2588559442914909 0
vn -0.9659159384257828 0.2588559442914909 0
vn -0.9659159384257828 0.2588559442914909 0
vn -0.9659159384257828 0.2588559442914909 0
vn -0.9659159384257828 0.2588559442914909 0
vn -0.9659159384257828 0.2588559442914909 0
vn -0.9659159384257828 0.2588559442914909 0
vn -0.9659159384257828 0.2588559442914909 0
vn -0.2578045671844661 -0.9575599231502631 0.12890228359223305
vn -0.2578045671844661 -0.9575599231502631 0.12890228359223305
vn -0.24010883754328258 -0.892256337457779 0.382395573196191
vn -0.24010883754328258 -0.892256337457779 0.382395573196191
vn -0.15648394348750252 -0.5868145645607233 0.7944566962711113
vn -0.15648394348750252 -0.5868145645607233 0.7944566962711113
vn -0.0980838643282359 -0.37053929137045577 0.9236234022095373
vn -0.0980838643282359 -0.37053929137045577 0.9236234022095373
vn -0.03379873079257639 -0.12618220843413763 0.9914311353147504
vn -0.03379873079257639 -0.12618220843413763 0.9914311353147504
vn 0.09808403316289394 0.3705391311503162 0.9236234485572944
vn 0.09808403316289394 0.3705391311503162 0.9236234485572944
vn 0.15648404552521022 0.5868146119259654 0.7944566411870709
vn 0.15648404552521022 0.5868146119259654 0.7944566411870709
vn 0.2040023996591502 0.7665537760589665 0.6089156997015666
vn 0.2040023996591502 0.7665537760589665 0.6089156997015666
vn 0.2578045671844661 0.9575599231502631 0.12890228359223305
vn 0.2578045671844661 0.9575599231502631 0.12890228359223305
vn 0.2578045671844661 0.9575599231502631 -0.12890228359223305
vn 0.2578045671844661 0.9575599231502631 -0.12890228359223305
vn 0.20400229916482285 0.7665537343973973 -0.6089157858167833
vn 0.20400229916482285 0.7665537343973973 -0.6089157858167833
vn 0.20400229916482285 0.7665537343973973 -0.6089157858167833
vn 0.20400229916482285 0.7665537343973973 -0.6089157858167833
vn 0.15648394348750252 0.5868145645607233 -0.7944566962711113
vn 0.15648394348750252 0.5868145645607233 -0.7944566962711113
vn 0.033798865321791174 0.12618207588701838 -0.9914311475981588
vn 0.033798865321791174 0.12618207588701838 -0.9914311475981588
vn -0.03379879802540824 -0.12618214949253256 -0.9914311405243845
vn -0.03379879802540824 -0.12618214949253256 -0.9914311405243845
vn -0.0980839487455635 -0.37053921126039063 -0.9236234253834218
vn -0.0980839487455635 -0.37053921126039063 -0.9236234253834218
vn -0.20400230465212696 -0.766553814620993 -0.6089156829862613
vn -0.20400230465212696 -0.766553814620993 -0.6089156829862613
vn -0.20400230465212696 -0.766553814620993 -0.6089156829862613
vn -0.20400230465212696 -0.766553814620993 -0.6089156829862613
vn -0.2578045671844661 -0.9575599231502631 -0.12890228359223305
vn -0.2578045671844661 -0.9575599231502631 -0.12890228359223305
vn -0.2578045671844661 -0.9575599231502631 0.12890228359223305
vn -0.2578045671844661 -0.9575599231502631 0.12890228359223305
vn -0.9659159384257828 0.2588559442914909 0
vn -0.9659159384257828 0.2588559442914909 0
vn -0.9659159384257828 0.2588559442914909 0
vn -0.9659159384257828 0.2588559442914909 0
vn -0.9659159384257828 0.2588559442914909 0
vn -0.9659159384257828 0.2588559442914909 0
vn -0.9659159384257828 0.2588559442914909 0
vn -0.9659159384257828 0.2588559442914909 0
vn -0.9659159384257828 0.2588559442914909 0
vn -0.9659159384257828 0.2588559442914909 0
vn -0.9659159384257828 0.2588559442914909 0
vn -0.9659159384257828 0.2588559442914909 0
vn -0.9659159384257828 0.2588559442914909 0
vn -0.9659159384257828 0.2588559442914909 0
vn -0.9659159384257828 0.2588559442914909 0
vn -0.9659159384257828 0.2588559442914909 0
vn -0.9659159384257828 0.2588559442914909 0
vn -0.9659159384257828 0.2588559442914909 0
vn -0.9659159384257828 0.2588559442914909 0
vn -0.9659159384257828 0.2588559442914909 0
vn -0.9659159384257828 0.2588559442914909 0
vn -0.9659159384257828 0.2588559442914909 0
vn -0.9659159384257828 0.2588559442914909 0
vn -0.9659159384257828 0.2588559442914909 0
vn -0.2578045671844661 -0.9575599231502631 0.12890228359223305
vn -0.2578045671844661 -0.9575599231502631 0.12890228359223305
vn -0.24010883754328258 -0.892256337457779 0.382395573196191
vn -0.24010883754328258 -0.892256337457779 0.382395573196191
vn -0.15648394348750252 -0.5868145645607233 0.7944566962711113
vn -0.15648394348750252 -0.5868145645607233 0.7944566962711113
vn -0.0980838643282359 -0.37053929137045577 0.9236234022095373
vn -0.0980838643282359 -0.37053929137045577 0.9236234022095373
vn 0.03379893768162889 0.12618208277658008 0.9914311442544851
vn 0.03379893768162889 0.12618208277658008 0.9914311442544851
vn 0.03379893768162889 0.12618208277658008 0.9914311442544851
vn 0.03379893768162889 0.12618208277658008 0.9914311442544851
vn 0.09808403316289394 0.3705391311503162 0.9236234485572944
vn 0.09808403316289394 0.3705391311503162 0.9236234485572944
vn 0.2040023996591502 0.7665537760589665 0.6089156997015666
vn 0.2040023996591502 0.7665537760589665 0.6089156997015666
vn 0.2040023996591502 0.7665537760589665 0.6089156997015666
vn 0.2040023996591502 0.7665537760589665 0.6089156997015666
vn 0.2578045671844661 0.9575599231502631 0.12890228359223305
vn 0.2578045671844661 0.9575599231502631 0.12890228359223305
vn 0.2578045671844661 0.9575599231502631 -0.12890228359223305
vn 0.2578045671844661 0.9575599231502631 -0.12890228359223305
vn 0.24010883754328258 0.892256337457779 -0.382395573196191
vn 0.24010883754328258 0.892256337457779 -0.382395573196191
vn 0.15648394348750252 0.5868145645607233 -0.7944566962711113
vn 0.15648394348750252 0.5868145645607233 -0.7944566962711113
vn 0.09808403316289394 0.3705391311503162 -0.9236234485572944
vn 0.09808403316289394 0.3705391311503162 -0.9236234485572944
vn -0.03379879802540824 -0.12618214949253256 -0.9914311405243845
vn -0.03379879802540824 -0.12618214949253256 -0.9914311405243845
vn -0.15648394348750252 -0.5868145645607233 -0.7944566962711113
vn -0.15648394348750252 -0.5868145645607233 -0.7944566962711113
vn -0.15648394348750252 -0.5868145645607233 -0.7944566962711113
vn -0.15648394348750252 -0.5868145645607233 -0.7944566962711113
vn -0.24010883754328258 -0.892256337457779 -0.382395573196191
vn -0.24010883754328258 -0.892256337457779 -0.382395573196191
vn -0.2578045671844661 -0.9575599231502631 0.12890228359223305
vn -0.2578045671844661 -0.9575599231502631 0.12890228359223305
vn -0.9659159384257828 0.2588559442914909 0
vn -0.9659159384257828 0.2588559442914909 0
vn -0.9659159384257828 0.2588559442914909 0
vn -0.9659159384257828 0.2588559442914909 0
vn -0.9659159384257828 0.2588559442914909 0
vn -0.9659159384257828 0.2588559442914909 0
vn -0.9659159384257828 0.2588559442914909 0
vn -0.9659159384257828 0.2588559442914909 0
vn -0.9659159384257828 0.2588559442914909 0
vn -0.9659159384257828 0.2588559442914909 0
vn -0.9659159384257828 0.2588559442914909 0
vn -0.9659159384257828 0.2588559442914909 0
vn -0.9659159384257828 0.2588559442914909 0
vn -0.9659159384257828 0.2588559442914909 0
vn -0.9659159384257828 0.2588559442914909 0
vn -0.9659159384257828 0.2588559442914909 0
vn -0.9659159384257828 0.2588559442914909 0
vn -0.9659159384257828 0.2588559442914909 0
vn -0.9659159384257828 0.2588559442914909 0
vn -0.9659159384257828 0.2588559442914909 0
vn -0.9659159384257828 0.2588559442914909 0
vn -0.9659159384257828 0.2588559442914909 0
vn -0.9659159384257828 0.2588559442914909 0
vn -0.9659159384257828 0.2588559442914909 0
vn -0.24010883754328258 -0.892256337457779 0.382395573196191
vn -0.2578045671844661 -0.9575599231502631 0.12890228359223305
vn -0.24010883754328258 -0.892256337457779 0.382395573196191
vn -0.2578045671844661 -0.9575599231502631 0.12890228359223305
vn -0.15648394348750252 -0.5868145645607233 0.7944566962711113
vn -0.0980838643282359 -0.37053929137045577 0.9236234022095373
vn -0.15648394348750252 -0.5868145645607233 0.7944566962711113
vn -0.0980838643282359 -0.37053929137045577 0.9236234022095373
vn -0.03379873079257639 -0.12618220843413763 0.9914311353147504
vn -0.03379873079257639 -0.12618220843413763 0.9914311353147504
vn 0.09808403316289394 0.3705391311503162 0.9236234485572944
vn 0.09808403316289394 0.3705391311503162 0.9236234485572944
vn 0.09808403316289394 0.3705391311503162 0.9236234485572944
vn 0.09808403316289394 0.3705391311503162 0.9236234485572944
vn 0.2040023996591502 0.7665537760589665 0.6089156997015666
vn 0.24010883754328258 0.892256337457779 0.382395573196191
vn 0.2040023996591502 0.7665537760589665 0.6089156997015666
vn 0.24010883754328258 0.892256337457779 0.382395573196191
vn 0.2578045671844661 0.9575599231502631 0.12890228359223305
vn 0.2578045671844661 0.9575599231502631 0.12890228359223305
vn 0.24010883754328258 0.892256337457779 -0.382395573196191
vn 0.24010883754328258 0.892256337457779 -0.382395573196191
vn 0.24010883754328258 0.892256337457779 -0.382395573196191
vn 0.24010883754328258 0.892256337457779 -0.382395573196191
vn 0.15648394348750252 0.5868145645607233 -0.7944566962711113
vn 0.09808403316289394 0.3705391311503162 -0.9236234485572944
vn 0.15648394348750252 0.5868145645607233 -0.7944566962711113
vn 0.09808403316289394 0.3705391311503162 -0.9236234485572944
vn 0.033798865321791174 0.12618207588701838 -0.9914311475981588
vn 0.033798865321791174 0.12618207588701838 -0.9914311475981588
vn -0.0980839487455635 -0.37053921126039063 -0.9236234253834218
vn -0.15648394348750252 -0.5868145645607233 -0.7944566962711113
vn -0.0980839487455635 -0.37053921126039063 -0.9236234253834218
vn -0.15648394348750252 -0.5868145645607233 -0.7944566962711113
vn -0.15648394348750252 -0.5868145645607233 -0.7944566962711113
vn -0.24010883754328258 -0.892256337457779 -0.382395573196191
vn -0.15648394348750252 -0.5868145645607233 -0.7944566962711113
vn -0.24010883754328258 -0.892256337457779 -0.382395573196191
vn -0.2578045671844661 -0.9575599231502631 0.12890228359223305
vn -0.2578045671844661 -0.9575599231502631 0.12890228359223305
vn 0.9659159384257828 -0.2588559442914909 0
vn 0.9659159384257828 -0.2588559442914909 0
vn 0.9659159384257828 -0.2588559442914909 0
vn 0.9659159384257828 -0.2588559442914909 0
vn -0.2588559442914909 -0.9659159384257828 0
vn -0.2588559442914909 -0.9659159384257828 0
vn -0.2588559442914909 -0.9659159384257828 0
vn -0.2588559442914909 -0.9659159384257828 0
vn 0.5440365985089582 -0.8390614873075766 0
vn 0.5440365985089582 -0.8390614873075766 0
vn 0.5440365985089582 -0.8390614873075766 0
vn 0.5440365985089582 -0.8390614873075766 0
vn -0.5440365293375049 0.8390615321574468 0
vn -0.5440365293375049 0.8390615321574468 0
vn -0.5440365293375049 0.8390615321574468 0
vn -0.5440365293375049 0.8390615321574468 0
vn -0.5440365293375049 0.8390615321574468 0
vn -0.5440365293375049 0.8390615321574468 0
vn 0.9659159384257828 -0.2588559442914909 0
vn 0.9659159384257828 -0.2588559442914909 0
vn 0.9659159384257828 -0.2588559442914909 0
vn 0.9659159384257828 -0.2588559442914909 0
vn 0 0 -1
vn 0 0 -1
vn 0 0 -1
vn 0 0 -1
vn 0 0 -1
vn 0 0 -1
vn 0 0 -1
vn 0 0 -1
vn 0 0 -1
vn 0 0 -1
vn 0 0 1
vn 0 0 1
vn 0 0 1
vn 0 0 1
vn 0 0 1
vn 0 0 1
vn 0 0 1
vn 0 0 1
vn 0 0 1
vn 0 0 1
vn 0.2588559442914909 0.9659159384257828 0
vn 0.2588559442914909 0.9659159384257828 0
vn 0.2588559442914909 0.9659159384257828 0
vn 0.2588559442914909 0.9659159384257828 0
vn 0.2588559442914909 0.9659159384257828 0
vn 0.2588559442914909 0.9659159384257828 0
vn -0.9659159384257828 0.2588559442914909 0
vn -0.9659159384257828 0.2588559442914909 0
vn -0.9659159384257828 0.2588559442914909 0
vn -0.9659159384257828 0.2588559442914909 0
vn 0.9659159384257828 -0.2588559442914909 0
vn 0.9659159384257828 -0.2588559442914909 0
vn 0.9659159384257828 -0.2588559442914909 0
vn 0.9659159384257828 -0.2588559442914909 0
vn 0.13027619907204954 0.48346926246611777 0.8656128373619512
vn 0.13027619907204954 0.48346926246611777 0.8656128373619512
vn 0.13027619907204954 0.48346926246611777 0.8656128373619512
vn 0.13027619907204954 0.48346926246611777 0.8656128373619512
vn 0.8033624457327494 0.1304352660674544 0.5810296224395171
vn 0.8033624457327494 0.1304352660674544 0.5810296224395171
vn 0.8033624457327494 0.1304352660674544 0.5810296224395171
vn 0.8033624457327494 0.1304352660674544 0.5810296224395171
vn -0.8033624457327494 -0.1304352660674544 -0.5810296224395171
vn -0.8033624457327494 -0.1304352660674544 -0.5810296224395171
vn -0.8033624457327494 -0.1304352660674544 -0.5810296224395171
vn -0.8033624457327494 -0.1304352660674544 -0.5810296224395171
vn -0.8033624457327494 -0.1304352660674544 -0.5810296224395171
vn -0.8033624457327494 -0.1304352660674544 -0.5810296224395171
vn 0.9659159384257828 -0.2588559442914909 0
vn 0.9659159384257828 -0.2588559442914909 0
vn 0.9659159384257828 -0.2588559442914909 0
vn 0.9659159384257828 -0.2588559442914909 0
vn -0.222854362363014 -0.8364667313150895 0.5006589064211523
vn -0.222854362363014 -0.8364667313150895 0.5006589064211523
vn -0.222854362363014 -0.8364667313150895 0.5006589064211523
vn -0.222854362363014 -0.8364667313150895 0.5006589064211523
vn -0.222854362363014 -0.8364667313150895 0.5006589064211523
vn -0.222854362363014 -0.8364667313150895 0.5006589064211523
vn -0.222854362363014 -0.8364667313150895 0.5006589064211523
vn -0.222854362363014 -0.8364667313150895 0.5006589064211523
vn -0.222854362363014 -0.8364667313150895 0.5006589064211523
vn -0.222854362363014 -0.8364667313150895 0.5006589064211523
vn 0.22285427074602346 0.8364667230199577 -0.5006589610608316
vn 0.22285427074602346 0.8364667230199577 -0.5006589610608316
vn 0.22285427074602346 0.8364667230199577 -0.5006589610608316
vn 0.22285427074602346 0.8364667230199577 -0.5006589610608316
vn 0.22285427074602346 0.8364667230199577 -0.5006589610608316
vn 0.22285427074602346 0.8364667230199577 -0.5006589610608316
vn 0.22285427074602346 0.8364667230199577 -0.5006589610608316
vn 0.22285427074602346 0.8364667230199577 -0.5006589610608316
vn 0.22285427074602346 0.8364667230199577 -0.5006589610608316
vn 0.22285427074602346 0.8364667230199577 -0.5006589610608316
vn -0.13027620688387465 -0.4834693808636273 -0.8656127700578885
vn -0.13027620688387465 -0.4834693808636273 -0.8656127700578885
vn -0.13027620688387465 -0.4834693808636273 -0.8656127700578885
vn -0.13027620688387465 -0.4834693808636273 -0.8656127700578885
vn -0.13027620688387465 -0.4834693808636273 -0.8656127700578885
vn -0.13027620688387465 -0.4834693808636273 -0.8656127700578885
vn -0.9659159384257828 0.2588559442914909 0
vn -0.9659159384257828 0.2588559442914909 0
vn -0.9659159384257828 0.2588559442914909 0
vn -0.9659159384257828 0.2588559442914909 0
vn 0.9659159384257828 -0.2588559442914909 0
vn 0.9659159384257828 -0.2588559442914909 0
vn 0.9659159384257828 -0.2588559442914909 0
vn 0.9659159384257828 -0.2588559442914909 0
vn 0.13027619907204954 0.48346926246611777 -0.8656128373619512
vn 0.13027619907204954 0.48346926246611777 -0.8656128373619512
vn 0.13027619907204954 0.48346926246611777 -0.8656128373619512
vn 0.13027619907204954 0.48346926246611777 -0.8656128373619512
vn 0.8033623756379825 0.13043527404177035 -0.581029717566103
vn 0.8033623756379825 0.13043527404177035 -0.581029717566103
vn 0.8033623756379825 0.13043527404177035 -0.581029717566103
vn 0.8033623756379825 0.13043527404177035 -0.581029717566103
vn -0.8033624457327494 -0.1304352660674544 0.5810296224395171
vn -0.8033624457327494 -0.1304352660674544 0.5810296224395171
vn -0.8033624457327494 -0.1304352660674544 0.5810296224395171
vn -0.8033624457327494 -0.1304352660674544 0.5810296224395171
vn -0.8033624457327494 -0.1304352660674544 0.5810296224395171
vn -0.8033624457327494 -0.1304352660674544 0.5810296224395171
vn 0.9659159384257828 -0.2588559442914909 0
vn 0.9659159384257828 -0.2588559442914909 0
vn 0.9659159384257828 -0.2588559442914909 0
vn 0.9659159384257828 -0.2588559442914909 0
vn 0.222854362363014 0.8364667313150895 0.5006589064211523
vn 0.222854362363014 0.8364667313150895 0.5006589064211523
vn 0.222854362363014 0.8364667313150895 0.5006589064211523
vn 0.222854362363014 0.8364667313150895 0.5006589064211523
vn 0.222854362363014 0.8364667313150895 0.5006589064211523
vn 0.222854362363014 0.8364667313150895 0.5006589064211523
vn 0.222854362363014 0.8364667313150895 0.5006589064211523
vn 0.222854362363014 0.8364667313150895 0.5006589064211523
vn 0.222854362363014 0.8364667313150895 0.5006589064211523
vn 0.222854362363014 0.8364667313150895 0.5006589064211523
vn -0.222854362363014 -0.8364667313150895 -0.5006589064211523
vn -0.222854362363014 -0.8364667313150895 -0.5006589064211523
vn -0.222854362363014 -0.8364667313150895 -0.5006589064211523
vn -0.222854362363014 -0.8364667313150895 -0.5006589064211523
vn -0.222854362363014 -0.8364667313150895 -0.5006589064211523
vn -0.222854362363014 -0.8364667313150895 -0.5006589064211523
vn -0.222854362363014 -0.8364667313150895 -0.5006589064211523
vn -0.222854362363014 -0.8364667313150895 -0.5006589064211523
vn -0.222854362363014 -0.8364667313150895 -0.5006589064211523
vn -0.222854362363014 -0.8364667313150895 -0.5006589064211523
vn -0.13027611336305378 -0.48346945500362803 0.8656127427236221
vn -0.13027611336305378 -0.48346945500362803 0.8656127427236221
vn -0.13027611336305378 -0.48346945500362803 0.8656127427236221
vn -0.13027611336305378 -0.48346945500362803 0.8656127427236221
vn -0.13027611336305378 -0.48346945500362803 0.8656127427236221
vn -0.13027611336305378 -0.48346945500362803 0.8656127427236221
vn -0.9659159384257828 0.2588559442914909 0
vn -0.9659159384257828 0.2588559442914909 0
vn -0.9659159384257828 0.2588559442914909 0
vn -0.9659159384257828 0.2588559442914909 0
vn 0.3322194961566308 0.7002662133835282 -0.6318682115496309
vn 0.3322194961566308 0.7002662133835282 -0.6318682115496309
vn 0.3322194961566308 0.7002662133835282 -0.6318682115496309
vn 0.3322194961566308 0.7002662133835282 -0.6318682115496309
vn 0.3322194961566308 0.7002662133835282 -0.6318682115496309
vn 0.3322194961566308 0.7002662133835282 -0.6318682115496309
vn 0.3322194961566308 0.7002662133835282 -0.6318682115496309
vn 0.3322194961566308 0.7002662133835282 -0.6318682115496309
vn 0.3322194961566308 0.7002662133835282 -0.6318682115496309
vn 0.3322194961566308 0.7002662133835282 -0.6318682115496309
vn 0.3322194961566308 0.7002662133835282 -0.6318682115496309
vn 0.3322194961566308 0.7002662133835282 -0.6318682115496309
vn 0.3322194961566308 0.7002662133835282 -0.6318682115496309
vn 0.3322194961566308 0.7002662133835282 -0.6318682115496309
vn 0.3322194961566308 0.7002662133835282 -0.6318682115496309
vn 0.3322194961566308 0.7002662133835282 -0.6318682115496309
vn 0.3322194961566308 0.7002662133835282 -0.6318682115496309
vn 0.33164978975428294 -0.6112762864335506 -0.7185747828861989
vn 0.33164978975428294 -0.6112762864335506 -0.7185747828861989
vn 0.33164978975428294 -0.6112762864335506 -0.7185747828861989
vn 0.33164978975428294 -0.6112762864335506 -0.7185747828861989
vn 0.33164978975428294 -0.6112762864335506 -0.7185747828861989
vn 0.33164978975428294 -0.6112762864335506 -0.7185747828861989
vn 0.33164978975428294 -0.6112762864335506 -0.7185747828861989
vn 0.33164978975428294 -0.6112762864335506 -0.7185747828861989
vn 0.33164978975428294 -0.6112762864335506 -0.7185747828861989
vn 0.33164978975428294 -0.6112762864335506 -0.7185747828861989
vn 0.33164978975428294 -0.6112762864335506 -0.7185747828861989
vn 0.33164978975428294 -0.6112762864335506 -0.7185747828861989
vn 0.33164978975428294 -0.6112762864335506 -0.7185747828861989
vn 0.33164978975428294 -0.6112762864335506 -0.7185747828861989
vn 0.33164978975428294 -0.6112762864335506 -0.7185747828861989
vn 0.33164978975428294 -0.6112762864335506 -0.7185747828861989
vn 0.33164978975428294 -0.6112762864335506 -0.7185747828861989
f 1019/1019/1019 1020/1020/1020 1021/1021/1021
f 1021/1021/1021 1020/1020/1020 1022/1022/1022
f 1022/1022/1022 1020/1020/1020 1023/1023/1023
f 1023/1023/1023 1020/1020/1020 1024/1024/1024
f 1024/1024/1024 1020/1020/1020 1025/1025/1025
f 1025/1025/1025 1020/1020/1020 1026/1026/1026
f 1026/1026/1026 1020/1020/1020 1027/1027/1027
f 1027/1027/1027 1020/1020/1020 1028/1028/1028
f 1028/1028/1028 1020/1020/1020 1029/1029/1029
f 1029/1029/1029 1020/1020/1020 1030/1030/1030
f 1030/1030/1030 1020/1020/1020 1031/1031/1031
f 1031/1031/1031 1020/1020/1020 1032/1032/1032
f 1032/1032/1032 1020/1020/1020 1033/1033/1033
f 1033/1033/1033 1020/1020/1020 1034/1034/1034
f 1034/1034/1034 1020/1020/1020 1035/1035/1035
f 1035/1035/1035 1020/1020/1020 1036/1036/1036
f 1036/1036/1036 1020/1020/1020 1037/1037/1037
f 1037/1037/1037 1020/1020/1020 1038/1038/1038
f 1038/1038/1038 1020/1020/1020 1039/1039/1039
f 1039/1039/1039 1020/1020/1020 1040/1040/1040
f 1040/1040/1040 1020/1020/1020 1041/1041/1041
f 1041/1041/1041 1020/1020/1020 1042/1042/1042
f 1042/1042/1042 1020/1020/1020 1043/1043/1043
f 1020/1020/1020 1019/1019/1019 1043/1043/1043
f 1044/1044/1044 1045/1045/1045 1046/1046/1046
f 1046/1046/1046 1045/1045/1045 1047/1047/1047
f 1047/1047/1047 1045/1045/1045 1048/1048/1048
f 1048/1048/1048 1045/1045/1045 1049/1049/1049
f 1049/1049/1049 1045/1045/1045 1050/1050/1050
f 1050/1050/1050 1045/1045/1045 1051/1051/1051
f 1051/1051/1051 1045/1045/1045 1052/1052/1052
f 1052/1052/1052 1045/1045/1045 1053/1053/1053
f 1053/1053/1053 1045/1045/1045 1054/1054/1054
f 1054/1054/1054 1045/1045/1045 1055/1055/1055
f 1055/1055/1055 1045/1045/1045 1056/1056/1056
f 1045/1045/1045 1044/1044/1044 1056/1056/1056
f 1057/1057/1057 1058/1058/1058 1059/1059/1059
f 1059/1059/1059 1058/1058/1058 1060/1060/1060
f 1060/1060/1060 1058/1058/1058 1061/1061/1061
f 1061/1061/1061 1058/1058/1058 1062/1062/1062
f 1062/1062/1062 1058/1058/1058 1063/1063/1063
f 1063/1063/1063 1058/1058/1058 1064/1064/1064
f 1064/1064/1064 1058/1058/1058 1065/1065/1065
f 1065/1065/1065 1058/1058/1058 1066/1066/1066
f 1066/1066/1066 1058/1058/1058 1067/1067/1067
f 1067/1067/1067 1058/1058/1058 1068/1068/1068
f 1068/1068/1068 1058/1058/1058 1069/1069/1069
f 1058/1058/1058 1057/1057/1057 1069/1069/1069
f 1070/1070/1070 1071/1071/1071 1072/1072/1072
f 1071/1071/1071 1073/1073/1073 1072/1072/1072
f 1072/1072/1072 1073/1073/1073 1074/1074/1074
f 1073/1073/1073 1075/1075/1075 1074/1074/1074
f 1074/1074/1074 1075/1075/1075 1076/1076/1076
f 1075/1075/1075 1077/1077/1077 1076/1076/1076
f 1078/1078/1078 1079/1079/1079 1080/1080/1080
f 1079/1079/1079 1081/1081/1081 1080/1080/1080
f 1080/1080/1080 1081/1081/1081 1082/1082/1082
f 1081/1081/1081 1083/1083/1083 1082/1082/1082
f 1084/1084/1084 1085/1085/1085 1086/1086/1086
f 1085/1085/1085 1087/1087/1087 1086/1086/1086
f 1086/1086/1086 1087/1087/1087 1088/1088/1088
f 1087/1087/1087 1089/1089/1089 1088/1088/1088
f 1090/1090/1090 1091/1091/1091 1092/1092/1092
f 1091/1091/1091 1093/1093/1093 1092/1092/1092
f 1094/1094/1094 1095/1095/1095 1096/1096/1096
f 1095/1095/1095 1097/1097/1097 1096/1096/1096
f 1096/1096/1096 1097/1097/1097 1098/1098/1098
f 1097/1097/1097 1099/1099/1099 1098/1098/1098
f 1100/1100/1100 1101/1101/1101 1102/1102/1102
f 1101/1101/1101 1103/1103/1103 1102/1102/1102
f 1104/1104/1104 1105/1105/1105 1106/1106/1106
f 1105/1105/1105 1107/1107/1107 1106/1106/1106
f 1108/1108/1108 1109/1109/1109 1110/1110/1110
f 1110/1110/1110 1109/1109/1109 1111/1111/1111
f 1109/1109/1109 1112/1112/1112 1111/1111/1111
f 1111/1111/1111 1112/1112/1112 1113/1113/1113
f 1112/1112/1112 1114/1114/1114 1113/1113/1113
f 1113/1113/1113 1114/1114/1114 1115/1115/1115
f 1114/1114/1114 1116/1116/1116 1115/1115/1115
f 1115/1115/1115 1116/1116/1116 1117/1117/1117
f 1116/1116/1116 1118/1118/1118 1117/1117/1117
f 1117/1117/1117 1118/1118/1118 1119/1119/1119
f 1118/1118/1118 1120/1120/1120 1119/1119/1119
f 1119/1119/1119 1120/1120/1120 1121/1121/1121
f 1120/1120/1120 1122/1122/1122 1121/1121/1121
f 1121/1121/1121 1122/1122/1122 1123/1123/1123
f 1122/1122/1122 1124/1124/1124 1123/1123/1123
f 1123/1123/1123 1124/1124/1124 1125/1125/1125
f 1124/1124/1124 1126/1126/1126 1125/1125/1125
f 1125/1125/1125 1126/1126/1126 1127/1127/1127
f 1126/1126/1126 1128/1128/1128 1127/1127/1127
f 1127/1127/1127 1128/1128/1128 1129/1129/1129
f 1128/1128/1128 1130/1130/1130 1129/1129/1129
f 1129/1129/1129 1130/1130/1130 1131/1131/1131
f 1130/1130/1130 1108/1108/1108 1131/1131/1131
f 1108/1108/1108 1110/1110/1110 1131/1131/1131
f 1132/1132/1132 1133/1133/1133 1134/1134/1134
f 1133/1133/1133 1135/1135/1135 1134/1134/1134
f 1134/1134/1134 1135/1135/1135 1136/1136/1136
f 1135/1135/1135 1137/1137/1137 1136/1136/1136
f 1138/1138/1138 1139/1139/1139 1140/1140/1140
f 1139/1139/1139 1141/1141/1141 1140/1140/1140
f 1142/1142/1142 1143/1143/1143 1144/1144/1144
f 1143/1143/1143 1145/1145/1145 1144/1144/1144
f 1146/1146/1146 1147/1147/1147 1148/1148/1148
f 1147/1147/1147 1149/1149/1149 1148/1148/1148
f 1150/1150/1150 1151/1151/1151 1152/1152/1152
f 1151/1151/1151 1153/1153/1153 1152/1152/1152
f 1152/1152/1152 1153/1153/1153 1154/1154/1154
f 1153/1153/1153 1155/1155/1155 1154/1154/1154
f 1156/1156/1156 1157/1157/1157 1158/1158/1158
f 1157/1157/1157 1159/1159/1159 1158/1158/1158
f 1158/1158/1158 1159/1159/1159 1160/1160/1160
f 1159/1159/1159 1161/1161/1161 1160/1160/1160
f 1160/1160/1160 1161/1161/1161 1162/1162/1162
f 1161/1161/1161 1163/1163/1163 1162/1162/1162
f 1164/1164/1164 1165/1165/1165 1166/1166/1166
f 1165/1165/1165 1167/1167/1167 1166/1166/1166
f 1168/1168/1168 1169/1169/1169 1170/1170/1170
f 1169/1169/1169 1171/1171/1171 1170/1170/1170
f 1172/1172/1172 1173/1173/1173 1174/1174/1174
f 1174/1174/1174 1173/1173/1173 1175/1175/1175
f 1173/1173/1173 1176/1176/1176 1175/1175/1175
f 1175/1175/1175 1176/1176/1176 1177/1177/1177
f 1176/1176/1176 1178/1178/1178 1177/1177/1177
f 1177/1177/1177 1178/1178/1178 1179/1179/1179
f 1178/1178/1178 1180/1180/1180 1179/1179/1179
f 1179/1179/1179 1180/1180/1180 1181/1181/1181
f 1180/1180/1180 1182/1182/1182 1181/1181/1181
f 1181/1181/1181 1182/1182/1182 1183/1183/1183
f 1182/1182/1182 1184/1184/1184 1183/1183/1183
f 1183/1183/1183 1184/1184/1184 1185/1185/1185
f 1184/1184/1184 1186/1186/1186 1185/1185/1185
f 1185/1185/1185 1186/1186/1186 1187/1187/1187
f 1186/1186/1186 1188/1188/1188 1187/1187/1187
f 1187/1187/1187 1188/1188/1188 1189/1189/1189
f 1188/1188/1188 1190/1190/1190 1189/1189/1189
f 1189/1189/1189 1190/1190/1190 1191/1191/1191
f 1190/1190/1190 1192/1192/1192 1191/1191/1191
f 1191/1191/1191 1192/1192/1192 1193/1193/1193
f 1192/1192/1192 1194/1194/1194 1193/1193/1193
f 1193/1193/1193 1194/1194/1194 1195/1195/1195
f 1194/1194/1194 1172/1172/1172 1195/1195/1195
f 1172/1172/1172 1174/1174/1174 1195/1195/1195
f 1196/1196/1196 1197/1197/1197 1198/1198/1198
f 1198/1198/1198 1197/1197/1197 1199/1199/1199
f 1197/1197/1197 1200/1200/1200 1199/1199/1199
f 1200/1200/1200 1201/1201/1201 1199/1199/1199
f 1202/1202/1202 1203/1203/1203 1204/1204/1204
f 1203/1203/1203 1205/1205/1205 1204/1204/1204
f 1206/1206/1206 1207/1207/1207 1208/1208/1208
f 1208/1208/1208 1207/1207/1207 1209/1209/1209
f 1207/1207/1207 1210/1210/1210 1209/1209/1209
f 1210/1210/1210 1211/1211/1211 1209/1209/1209
f 1212/1212/1212 1213/1213/1213 1214/1214/1214
f 1213/1213/1213 1215/1215/1215 1214/1214/1214
f 1216/1216/1216 1217/1217/1217 1218/1218/1218
f 1217/1217/1217 1219/1219/1219 1218/1218/1218
f 1220/1220/1220 1221/1221/1221 1222/1222/1222
f 1221/1221/1221 1223/1223/1223 1222/1222/1222
f 1224/1224/1224 1225/1225/1225 1226/1226/1226
f 1226/1226/1226 1225/1225/1225 1227/1227/1227
f 1225/1225/1225 1228/1228/1228 1227/1227/1227
f 1228/1228/1228 1229/1229/1229 1227/1227/1227
f 1230/1230/1230 1231/1231/1231 1232/1232/1232
f 1231/1231/1231 1233/1233/1233 1232/1232/1232
f 1234/1234/1234 1235/1235/1235 1236/1236/1236
f 1235/1235/1235 1237/1237/1237 1236/1236/1236
f 1238/1238/1238 1239/1239/1239 1240/1240/1240
f 1239/1239/1239 1241/1241/1241 1240/1240/1240
f 1242/1242/1242 1243/1243/1243 1244/1244/1244
f 1243/1243/1243 1245/1245/1245 1244/1244/1244
f 1246/1246/1246 1247/1247/1247 1248/1248/1248
f 1247/1247/1247 1249/1249/1249 1248/1248/1248
f 1250/1250/1250 1251/1251/1251 1252/1252/1252
f 1253/1253/1253 1254/1254/1254 1255/1255/1255
f 1254/1254/1254 1252/1252/1252 1255/1255/1255
f 1252/1252/1252 1251/1251/1251 1255/1255/1255
f 1256/1256/1256 1257/1257/1257 1258/1258/1258
f 1257/1257/1257 1259/1259/1259 1258/1258/1258
f 1260/1260/1260 1261/1261/1261 1262/1262/1262
f 1263/1263/1263 1264/1264/1264 1265/1265/1265
f 1265/1265/1265 1264/1264/1264 1266/1266/1266
f 1267/1267/1267 1266/1266/1266 1268/1268/1268
f 1266/1266/1266 1264/1264/1264 1268/1268/1268
f 1268/1268/1268 1264/1264/1264 1269/1269/1269
f 1264/1264/1264 1262/1262/1262 1269/1269/1269
f 1262/1262/1262 1261/1261/1261 1269/1269/1269
f 1270/1270/1270 1271/1271/1271 1272/1272/1272
f 1272/1272/1272 1271/1271/1271 1273/1273/1273
f 1271/1271/1271 1274/1274/1274 1273/1273/1273
f 1274/1274/1274 1275/1275/1275 1273/1273/1273
f 1273/1273/1273 1275/1275/1275 1276/1276/1276
f 1275/1275/1275 1277/1277/1277 1276/1276/1276
f 1276/1276/1276 1277/1277/1277 1278/1278/1278
f 1277/1277/1277 1279/1279/1279 1278/1278/1278
f 1280/1280/1280 1281/1281/1281 1282/1282/1282
f 1282/1282/1282 1281/1281/1281 1283/1283/1283
f 1281/1281/1281 1284/1284/1284 1283/1283/1283
f 1284/1284/1284 1285/1285/1285 1283/1283/1283
f 1286/1286/1286 1287/1287/1287 1288/1288/1288
f 1287/1287/1287 1289/1289/1289 1288/1288/1288
f 1290/1290/1290 1291/1291/1291 1292/1292/1292
f 1291/1291/1291 1293/1293/1293 1292/1292/1292
f 1294/1294/1294 1295/1295/1295 1296/1296/1296
f 1295/1295/1295 1297/1297/1297 1296/1296/1296
f 1298/1298/1298 1299/1299/1299 1300/1300/1300
f 1299/1299/1299 1301/1301/1301 1300/1300/1300
f 1302/1302/1302 1303/1303/1303 1304/1304/1304
f 1305/1305/1305 1306/1306/1306 1307/1307/1307
f 1306/1306/1306 1304/1304/1304 1307/1307/1307
f 1304/1304/1304 1303/1303/1303 1307/1307/1307
f 1308/1308/1308 1309/1309/1309 1310/1310/1310
f 1309/1309/1309 1311/1311/1311 1310/1310/1310
f 1312/1312/1312 1313/1313/1313 1314/1314/1314
f 1315/1315/1315 1316/1316/1316 1317/1317/1317
f 1317/1317/1317 1316/1316/1316 1318/1318/1318
f 1319/1319/1319 1318/1318/1318 1320/1320/1320
f 1318/1318/1318 1316/1316/1316 1320/1320/1320
f 1320/1320/1320 1316/1316/1316 1321/1321/1321
f 1316/1316/1316 1314/1314/1314 1321/1321/1321
f 1314/1314/1314 1313/1313/1313 1321/1321/1321
f 1322/1322/1322 1323/1323/1323 1324/1324/1324
f 1324/1324/1324 1323/1323/1323 1325/1325/1325
f 1323/1323/1323 1326/1326/1326 1325/1325/1325
f 1326/1326/1326 1327/1327/1327 1325/1325/1325
f 1325/1325/1325 1327/1327/1327 1328/1328/1328
f 1327/1327/1327 1329/1329/1329 1328/1328/1328
f 1328/1328/1328 1329/1329/1329 1330/1330/1330
f 1329/1329/1329 1331/1331/1331 1330/1330/1330
f 1332/1332/1332 1333/1333/1333 1334/1334/1334
f 1334/1334/1334 1333/1333/1333 1335/1335/1335
f 1333/1333/1333 1336/1336/1336 1335/1335/1335
f 1336/1336/1336 1337/1337/1337 1335/1335/1335
f 1338/1338/1338 1339/1339/1339 1340/1340/1340
f 1339/1339/1339 1341/1341/1341 1340/1340/1340
f 1342/1342/1342 1343/1343/1343 1344/1344/1344
f 1343/1343/1343 1345/1345/1345 1344/1344/1344
f 1346/1346/1346 1347/1347/1347 1348/1348/1348
f 1347/1347/1347 1349/1349/1349 1348/1348/1348
f 1350/1350/1350 1351/1351/1351 1352/1352/1352
f 1351/1351/1351 1353/1353/1353 1352/1352/1352
f 1354/1354/1354 1355/1355/1355 1356/1356/1356
f 1357/1357/1357 1358/1358/1358 1359/1359/1359
f 1358/1358/1358 1356/1356/1356 1359/1359/1359
f 1356/1356/1356 1355/1355/1355 1359/1359/1359
f 1360/1360/1360 1361/1361/1361 1362/1362/1362
f 1361/1361/1361 1363/1363/1363 1362/1362/1362
f 1364/1364/1364 1365/1365/1365 1366/1366/1366
f 1367/1367/1367 1368/1368/1368 1369/1369/1369
f 1369/1369/1369 1368/1368/1368 1370/1370/1370
f 1371/1371/1371 1370/1370/1370 1372/1372/1372
f 1370/1370/1370 1368/1368/1368 1372/1372/1372
f 1372/1372/1372 1368/1368/1368 1373/1373/1373
f 1368/1368/1368 1366/1366/1366 1373/1373/1373
f 1366/1366/1366 1365/1365/1365 1373/1373/1373
f 1374/1374/1374 1375/1375/1375 1376/1376/1376
f 1376/1376/1376 1375/1375/1375 1377/1377/1377
f 1375/1375/1375 1378/1378/1378 1377/1377/1377
f 1378/1378/1378 1379/1379/1379 1377/1377/1377
f 1377/1377/1377 1379/1379/1379 1380/1380/1380
f 1379/1379/1379 1381/1381/1381 1380/1380/1380
f 1380/1380/1380 1381/1381/1381 1382/1382/1382
f 1381/1381/1381 1383/1383/1383 1382/1382/1382
f 1384/1384/1384 1385/1385/1385 1386/1386/1386
f 1386/1386/1386 1385/1385/1385 1387/1387/1387
f 1385/1385/1385 1388/1388/1388 1387/1387/1387
f 1388/1388/1388 1389/1389/1389 1387/1387/1387
f 1390/1390/1390 1391/1391/1391 1392/1392/1392
f 1391/1391/1391 1393/1393/1393 1392/1392/1392
f 1394/1394/1394 1395/1395/1395 1396/1396/1396
f 1396/1396/1396 1395/1395/1395 1397/1397/1397
f 1397/1397/1397 1395/1395/1395 1398/1398/1398
f 1398/1398/1398 1395/1395/1395 1399/1399/1399
f 1399/1399/1399 1395/1395/1395 1400/1400/1400
f 1400/1400/1400 1395/1395/1395 1401/1401/1401
f 1401/1401/1401 1395/1395/1395 1402/1402/1402
f 1402/1402/1402 1395/1395/1395 1403/1403/1403
f 1403/1403/1403 1395/1395/1395 1404/1404/1404
f 1404/1404/1404 1395/1395/1395 1405/1405/1405
f 1405/1405/1405 1395/1395/1395 1406/1406/1406
f 1406/1406/1406 1395/1395/1395 1407/1407/1407
f 1407/1407/1407 1395/1395/1395 1408/1408/1408
f 1408/1408/1408 1395/1395/1395 1409/1409/1409
f 1409/1409/1409 1395/1395/1395 1410/1410/1410
f 1410/1410/1410 1395/1395/1395 1411/1411/1411
f 1411/1411/1411 1395/1395/1395 1412/1412/1412
f 1412/1412/1412 1395/1395/1395 1413/1413/1413
f 1413/1413/1413 1395/1395/1395 1414/1414/1414
f 1414/1414/1414 1395/1395/1395 1415/1415/1415
f 1415/1415/1415 1395/1395/1395 1416/1416/1416
f 1416/1416/1416 1395/1395/1395 1417/1417/1417
f 1417/1417/1417 1395/1395/1395 1418/1418/1418
f 1395/1395/1395 1394/1394/1394 1418/1418/1418
f 1419/1419/1419 1420/1420/1420 1421/1421/1421
f 1421/1421/1421 1420/1420/1420 1422/1422/1422
f 1422/1422/1422 1420/1420/1420 1423/1423/1423
f 1423/1423/1423 1420/1420/1420 1424/1424/1424
f 1424/1424/1424 1420/1420/1420 1425/1425/1425
f 1425/1425/1425 1420/1420/1420 1426/1426/1426
f 1426/1426/1426 1420/1420/1420 1427/1427/1427
f 1427/1427/1427 1420/1420/1420 1428/1428/1428
f 1428/1428/1428 1420/1420/1420 1429/1429/1429
f 1429/1429/1429 1420/1420/1420 1430/1430/1430
f 1430/1430/1430 1420/1420/1420 1431/1431/1431
f 1420/1420/1420 1419/1419/1419 1431/1431/1431
f 1432/1432/1432 1433/1433/1433 1434/1434/1434
f 1434/1434/1434 1433/1433/1433 1435/1435/1435
f 1435/1435/1435 1433/1433/1433 1436/1436/1436
f 1436/1436/1436 1433/1433/1433 1437/1437/1437
f 1437/1437/1437 1433/1433/1433 1438/1438/1438
f 1438/1438/1438 1433/1433/1433 1439/1439/1439
f 1439/1439/1439 1433/1433/1433 1440/1440/1440
f 1440/1440/1440 1433/1433/1433 1441/1441/1441
f 1441/1441/1441 1433/1433/1433 1442/1442/1442
f 1442/1442/1442 1433/1433/1433 1443/1443/1443
f 1443/1443/1443 1433/1433/1433 1444/1444/1444
f 1433/1433/1433 1432/1432/1432 1444/1444/1444
f 1445/1445/1445 1446/1446/1446 1447/1447/1447
f 1446/1446/1446 1448/1448/1448 1447/1447/1447
f 1449/1449/1449 1450/1450/1450 1451/1451/1451
f 1450/1450/1450 1452/1452/1452 1451/1451/1451
f 1451/1451/1451 1452/1452/1452 1453/1453/1453
f 1452/1452/1452 1454/1454/1454 1453/1453/1453
f 1455/1455/1455 1456/1456/1456 1457/1457/1457
f 1456/1456/1456 1458/1458/1458 1457/1457/1457
f 1457/1457/1457 1458/1458/1458 1459/1459/1459
f 1458/1458/1458 1460/1460/1460 1459/1459/1459
f 1461/1461/1461 1462/1462/1462 1463/1463/1463
f 1462/1462/1462 1464/1464/1464 1463/1463/1463
f 1463/1463/1463 1464/1464/1464 1465/1465/1465
f 1464/1464/1464 1466/1466/1466 1465/1465/1465
f 1467/1467/1467 1468/1468/1468 1469/1469/1469
f 1468/1468/1468 1470/1470/1470 1469/1469/1469
f 1471/1471/1471 1472/1472/1472 1473/1473/1473
f 1472/1472/1472 1474/1474/1474 1473/1473/1473
f 1473/1473/1473 1474/1474/1474 1475/1475/1475
f 1474/1474/1474 1476/1476/1476 1475/1475/1475
f 1477/1477/1477 1478/1478/1478 1479/1479/1479
f 1478/1478/1478 1480/1480/1480 1479/1479/1479
f 1481/1481/1481 1482/1482/1482 1483/1483/1483
f 1482/1482/1482 1484/1484/1484 1483/1483/1483
f 1485/1485/1485 1486/1486/1486 1487/1487/1487
f 1487/1487/1487 1486/1486/1486 1488/1488/1488
f 1486/1486/1486 1489/1489/1489 1488/1488/1488
f 1488/1488/1488 1489/1489/1489 1490/1490/1490
f 1489/1489/1489 1491/1491/1491 1490/1490/1490
f 1490/1490/1490 1491/1491/1491 1492/1492/1492
f 1491/1491/1491 1493/1493/1493 1492/1492/1492
f 1492/1492/1492 1493/1493/1493 1494/1494/1494
f 1493/1493/1493 1495/1495/1495 1494/1494/1494
f 1494/1494/1494 1495/1495/1495 1496/1496/1496
f 1495/1495/1495 1497/1497/1497 1496/1496/1496
f 1496/1496/1496 1497/1497/1497 1498/1498/1498
f 1497/1497/1497 1499/1499/1499 1498/1498/1498
f 1498/1498/1498 1499/1499/1499 1500/1500/1500
f 1499/1499/1499 1501/1501/1501 1500/1500/1500
f 1500/1500/1500 1501/1501/1501 1502/1502/1502
f 1501/1501/1501 1503/1503/1503 1502/1502/1502
f 1502/1502/1502 1503/1503/1503 1504/1504/1504
f 1503/1503/1503 1505/1505/1505 1504/1504/1504
f 1504/1504/1504 1505/1505/1505 1506/1506/1506
f 1505/1505/1505 1507/1507/1507 1506/1506/1506
f 1506/1506/1506 1507/1507/1507 1508/1508/1508
f 1507/1507/1507 1485/1485/1485 1508/1508/1508
f 1485/1485/1485 1487/1487/1487 1508/1508/1508
f 1509/1509/1509 1510/1510/1510 1511/1511/1511
f 1510/1510/1510 1512/1512/1512 1511/1511/1511
f 1513/1513/1513 1514/1514/1514 1515/1515/1515
f 1514/1514/1514 1516/1516/1516 1515/1515/1515
f 1515/1515/1515 1516/1516/1516 1517/1517/1517
f 1516/1516/1516 1518/1518/1518 1517/1517/1517
f 1519/1519/1519 1520/1520/1520 1521/1521/1521
f 1520/1520/1520 1522/1522/1522 1521/1521/1521
f 1523/1523/1523 1524/1524/1524 1525/1525/1525
f 1524/1524/1524 1526/1526/1526 1525/1525/1525
f 1527/1527/1527 1528/1528/1528 1529/1529/1529
f 1528/1528/1528 1530/1530/1530 1529/1529/1529
f 1529/1529/1529 1530/1530/1530 1531/1531/1531
f 1530/1530/1530 1532/1532/1532 1531/1531/1531
f 1533/1533/1533 1534/1534/1534 1535/1535/1535
f 1534/1534/1534 1536/1536/1536 1535/1535/1535
f 1535/1535/1535 1536/1536/1536 1537/1537/1537
f 1536/1536/1536 1538/1538/1538 1537/1537/1537
f 1537/1537/1537 1538/1538/1538 1539/1539/1539
f 1538/1538/1538 1540/1540/1540 1539/1539/1539
f 1541/1541/1541 1542/1542/1542 1543/1543/1543
f 1542/1542/1542 1544/1544/1544 1543/1543/1543
f 1543/1543/1543 1544/1544/1544 1545/1545/1545
f 1544/1544/1544 1546/1546/1546 1545/1545/1545
f 1547/1547/1547 1548/1548/1548 1549/1549/1549
f 1549/1549/1549 1548/1548/1548 1550/1550/1550
f 1548/1548/1548 1551/1551/1551 1550/1550/1550
f 1550/1550/1550 1551/1551/1551 1552/1552/1552
f 1551/1551/1551 1553/1553/1553 1552/1552/1552
f 1552/1552/1552 1553/1553/1553 1554/1554/1554
f 1553/1553/1553 1555/1555/1555 1554/1554/1554
f 1554/1554/1554 1555/1555/1555 1556/1556/1556
f 1555/1555/1555 1557/1557/1557 1556/1556/1556
f 1556/1556/1556 1557/1557/1557 1558/1558/1558
f 1557/1557/1557 1559/1559/1559 1558/1558/1558
f 1558/1558/1558 1559/1559/1559 1560/1560/1560
f 1559/1559/1559 1561/1561/1561 1560/1560/1560
f 1560/1560/1560 1561/1561/1561 1562/1562/1562
f 1561/1561/1561 1563/1563/1563 1562/1562/1562
f 1562/1562/1562 1563/1563/1563 1564/1564/1564
f 1563/1563/1563 1565/1565/1565 1564/1564/1564
f 1564/1564/1564 1565/1565/1565 1566/1566/1566
f 1565/1565/1565 1567/1567/1567 1566/1566/1566
f 1566/1566/1566 1567/1567/1567 1568/1568/1568
f 1567/1567/1567 1569/1569/1569 1568/1568/1568
f 1568/1568/1568 1569/1569/1569 1570/1570/1570
f 1569/1569/1569 1547/1547/1547 1570/1570/1570
f 1547/1547/1547 1549/1549/1549 1570/1570/1570
f 1571/1571/1571 1572/1572/1572 1573/1573/1573
f 1572/1572/1572 1574/1574/1574 1573/1573/1573
f 1575/1575/1575 1576/1576/1576 1577/1577/1577
f 1577/1577/1577 1576/1576/1576 1578/1578/1578
f 1576/1576/1576 1579/1579/1579 1578/1578/1578
f 1579/1579/1579 1580/1580/1580 1578/1578/1578
f 1581/1581/1581 1582/1582/1582 1583/1583/1583
f 1582/1582/1582 1584/1584/1584 1583/1583/1583
f 1585/1585/1585 1586/1586/1586 1587/1587/1587
f 1587/1587/1587 1586/1586/1586 1588/1588/1588
f 1586/1586/1586 1589/1589/1589 1588/1588/1588
f 1589/1589/1589 1590/1590/1590 1588/1588/1588
f 1591/1591/1591 1592/1592/1592 1593/1593/1593
f 1592/1592/1592 1594/1594/1594 1593/1593/1593
f 1595/1595/1595 1596/1596/1596 1597/1597/1597
f 1597/1597/1597 1596/1596/1596 1598/1598/1598
f 1596/1596/1596 1599/1599/1599 1598/1598/1598
f 1599/1599/1599 1600/1600/1600 1598/1598/1598
f 1601/1601/1601 1602/1602/1602 1603/1603/1603
f 1602/1602/1602 1604/1604/1604 1603/1603/1603
f 1605/1605/1605 1606/1606/1606 1607/1607/1607
f 1607/1607/1607 1606/1606/1606 1608/1608/1608
f 1606/1606/1606 1609/1609/1609 1608/1608/1608
f 1609/1609/1609 1610/1610/1610 1608/1608/1608
f 1611/1611/1611 1612/1612/1612 1613/1613/1613
f 1612/1612/1612 1614/1614/1614 1613/1613/1613
f 1615/1615/1615 1616/1616/1616 1617/1617/1617
f 1616/1616/1616 1618/1618/1618 1617/1617/1617
f 1619/1619/1619 1620/1620/1620 1621/1621/1621
f 1620/1620/1620 1622/1622/1622 1621/1621/1621
f 1623/1623/1623 1624/1624/1624 1625/1625/1625
f 1626/1626/1626 1627/1627/1627 1628/1628/1628
f 1627/1627/1627 1625/1625/1625 1628/1628/1628
f 1625/1625/1625 1624/1624/1624 1628/1628/1628
f 1629/1629/1629 1630/1630/1630 1631/1631/1631
f 1630/1630/1630 1632/1632/1632 1631/1631/1631
f 1633/1633/1633 1634/1634/1634 1635/1635/1635
f 1636/1636/1636 1637/1637/1637 1638/1638/1638
f 1638/1638/1638 1637/1637/1637 1639/1639/1639
f 1640/1640/1640 1639/1639/1639 1641/1641/1641
f 1639/1639/1639 1637/1637/1637 1641/1641/1641
f 1641/1641/1641 1637/1637/1637 1642/1642/1642
f 1637/1637/1637 1635/1635/1635 1642/1642/1642
f 1635/1635/1635 1634/1634/1634 1642/1642/1642
f 1643/1643/1643 1644/1644/1644 1645/1645/1645
f 1645/1645/1645 1644/1644/1644 1646/1646/1646
f 1644/1644/1644 1647/1647/1647 1646/1646/1646
f 1647/1647/1647 1648/1648/1648 1646/1646/1646
f 1646/1646/1646 1648/1648/1648 1649/1649/1649
f 1648/1648/1648 1650/1650/1650 1649/1649/1649
f 1649/1649/1649 1650/1650/1650 1651/1651/1651
f 1650/1650/1650 1652/1652/1652 1651/1651/1651
f 1653/1653/1653 1654/1654/1654 1655/1655/1655
f 1655/1655/1655 1654/1654/1654 1656/1656/1656
f 1654/1654/1654 1657/1657/1657 1656/1656/1656
f 1657/1657/1657 1658/1658/1658 1656/1656/1656
f 1659/1659/1659 1660/1660/1660 1661/1661/1661
f 1660/1660/1660 1662/1662/1662 1661/1661/1661
f 1663/1663/1663 1664/1664/1664 1665/1665/1665
f 1664/1664/1664 1666/1666/1666 1665/1665/1665
f 1667/1667/1667 1668/1668/1668 1669/1669/1669
f 1668/1668/1668 1670/1670/1670 1669/1669/1669
f 1671/1671/1671 1672/1672/1672 1673/1673/1673
f 1672/1672/1672 1674/1674/1674 1673/1673/1673
f 1675/1675/1675 1676/1676/1676 1677/1677/1677
f 1678/1678/1678 1679/1679/1679 1680/1680/1680
f 1679/1679/1679 1677/1677/1677 1680/1680/1680
f 1677/1677/1677 1676/1676/1676 1680/1680/1680
f 1681/1681/1681 1682/1682/1682 1683/1683/1683
f 1682/1682/1682 1684/1684/1684 1683/1683/1683
f 1685/1685/1685 1686/1686/1686 1687/1687/1687
f 1688/1688/1688 1689/1689/1689 1690/1690/1690
f 1690/1690/1690 1689/1689/1689 1691/1691/1691
f 1692/1692/1692 1691/1691/1691 1693/1693/1693
f 1691/1691/1691 1689/1689/1689 1693/1693/1693
f 1693/1693/1693 1689/1689/1689 1694/1694/1694
f 1689/1689/1689 1687/1687/1687 1694/1694/1694
f 1687/1687/1687 1686/1686/1686 1694/1694/1694
f 1695/1695/1695 1696/1696/1696 1697/1697/1697
f 1697/1697/1697 1696/1696/1696 1698/1698/1698
f 1696/1696/1696 1699/1699/1699 1698/1698/1698
f 1699/1699/1699 1700/1700/1700 1698/1698/1698
f 1698/1698/1698 1700/1700/1700 1701/1701/1701
f 1700/1700/1700 1702/1702/1702 1701/1701/1701
f 1701/1701/1701 1702/1702/1702 1703/1703/1703
f 1702/1702/1702 1704/1704/1704 1703/1703/1703
f 1705/1705/1705 1706/1706/1706 1707/1707/1707
f 1707/1707/1707 1706/1706/1706 1708/1708/1708
f 1706/1706/1706 1709/1709/1709 1708/1708/1708
f 1709/1709/1709 1710/1710/1710 1708/1708/1708
f 1711/1711/1711 1712/1712/1712 1713/1713/1713
f 1712/1712/1712 1714/1714/1714 1713/1713/1713
f 1715/1715/1715 1716/1716/1716 1717/1717/1717
f 1716/1716/1716 1718/1718/1718 1717/1717/1717
f 1719/1719/1719 1720/1720/1720 1721/1721/1721
f 1720/1720/1720 1722/1722/1722 1721/1721/1721
f 1723/1723/1723 1724/1724/1724 1725/1725/1725
f 1724/1724/1724 1726/1726/1726 1725/1725/1725
f 1727/1727/1727 1728/1728/1728 1729/1729/1729
f 1730/1730/1730 1731/1731/1731 1732/1732/1732
f 1731/1731/1731 1729/1729/1729 1732/1732/1732
f 1729/1729/1729 1728/1728/1728 1732/1732/1732
f 1733/1733/1733 1734/1734/1734 1735/1735/1735
f 1734/1734/1734 1736/1736/1736 1735/1735/1735
f 1737/1737/1737 1738/1738/1738 1739/1739/1739
f 1740/1740/1740 1741/1741/1741 1742/1742/1742
f 1742/1742/1742 1741/1741/1741 1743/1743/1743
f 1744/1744/1744 1743/1743/1743 1745/1745/1745
f 1743/1743/1743 1741/1741/1741 1745/1745/1745
f 1745/1745/1745 1741/1741/1741 1746/1746/1746
f 1741/1741/1741 1739/1739/1739 1746/1746/1746
f 1739/1739/1739 1738/1738/1738 1746/1746/1746
f 1747/1747/1747 1748/1748/1748 1749/1749/1749
f 1749/1749/1749 1748/1748/1748 1750/1750/1750
f 1748/1748/1748 1751/1751/1751 1750/1750/1750
f 1751/1751/1751 1752/1752/1752 1750/1750/1750
f 1750/1750/1750 1752/1752/1752 1753/1753/1753
f 1752/1752/1752 1754/1754/1754 1753/1753/1753
f 1753/1753/1753 1754/1754/1754 1755/1755/1755
f 1754/1754/1754 1756/1756/1756 1755/1755/1755
f 1757/1757/1757 1758/1758/1758 1759/1759/1759
f 1759/1759/1759 1758/1758/1758 1760/1760/1760
f 1758/1758/1758 1761/1761/1761 1760/1760/1760
f 1761/1761/1761 1762/1762/1762 1760/1760/1760
f 1763/1763/1763 1764/1764/1764 1765/1765/1765
f 1764/1764/1764 1766/1766/1766 1765/1765/1765
f 1767/1767/1767 1768/1768/1768 1769/1769/1769
f 1769/1769/1769 1768/1768/1768 1770/1770/1770
f 1770/1770/1770 1768/1768/1768 1771/1771/1771
f 1771/1771/1771 1768/1768/1768 1772/1772/1772
f 1772/1772/1772 1768/1768/1768 1773/1773/1773
f 1773/1773/1773 1768/1768/1768 1774/1774/1774
f 1774/1774/1774 1768/1768/1768 1775/1775/1775
f 1775/1775/1775 1768/1768/1768 1776/1776/1776
f 1776/1776/1776 1768/1768/1768 1777/1777/1777
f 1777/1777/1777 1768/1768/1768 1778/1778/1778
f 1778/1778/1778 1768/1768/1768 1779/1779/1779
f 1779/1779/1779 1768/1768/1768 1780/1780/1780
f 1780/1780/1780 1768/1768/1768 1781/1781/1781
f 1781/1781/1781 1768/1768/1768 1782/1782/1782
f 1782/1782/1782 1768/1768/1768 1783/1783/1783
f 1768/1768/1768 1767/1767/1767 1783/1783/1783
f 1784/1784/1784 1785/1785/1785 1786/1786/1786
f 1786/1786/1786 1785/1785/1785 1787/1787/1787
f 1787/1787/1787 1785/1785/1785 1788/1788/1788
f 1788/1788/1788 1785/1785/1785 1789/1789/1789
f 1789/1789/1789 1785/1785/1785 1790/1790/1790
f 1790/1790/1790 1785/1785/1785 1791/1791/1791
f 1791/1791/1791 1785/1785/1785 1792/1792/1792
f 1792/1792/1792 1785/1785/1785 1793/1793/1793
f 1793/1793/1793 1785/1785/1785 1794/1794/1794
f 1794/1794/1794 1785/1785/1785 1795/1795/1795
f 1795/1795/1795 1785/1785/1785 1796/1796/1796
f 1796/1796/1796 1785/1785/1785 1797/1797/1797
f 1797/1797/1797 1785/1785/1785 1798/1798/1798
f 1798/1798/1798 1785/1785/1785 1799/1799/1799
f 1799/1799/1799 1785/1785/1785 1800/1800/1800
f 1785/1785/1785 1784/1784/1784 1800/1800/1800
o foil_silver
usemtl foil_silver
v 0.04673182964324951 -1.899591863155365 0.11279737949371338
v -0.00000762939453125 -1.9093481302261353 0.000032961368560791016
v 0.0678325891494751 -1.899591863155365 0.10156631469726562
v 0.08632409572601318 -1.899591863155365 0.08636468648910522
v 0.10152578353881836 -1.899591863155365 0.06787312030792236
v 0.11275684833526611 -1.899591863155365 0.04677236080169678
v 0.11979043483734131 -1.899591863155365 0.02385646104812622
v 0.12205934524536133 -1.899591863155365 0.000032961368560791016
v 0.11979043483734131 -1.899591863155365 -0.023790478706359863
v 0.11275684833526611 -1.899591863155365 -0.04670637845993042
v 0.10152578353881836 -1.899591863155365 -0.06780719757080078
v 0.08632409572601318 -1.899591863155365 -0.08629870414733887
v 0.0678325891494751 -1.899591863155365 -0.10150039196014404
v 0.04673182964324951 -1.899591863155365 -0.11284488439559937
v 0.02381587028503418 -1.899591863155365 -0.11976504325866699
v -0.00000762939453125 -1.899591863155365 -0.12214738130569458
v -0.02383100986480713 -1.899591863155365 -0.11976504325866699
v -0.04674696922302246 -1.899591863155365 -0.11284488439559937
v -0.06784772872924805 -1.899591863155365 -0.10150039196014404
v -0.08633935451507568 -1.899591863155365 -0.08629870414733887
v -0.10154092311859131 -1.899591863155365 -0.06780719757080078
v -0.11277198791503906 -1.899591863155365 -0.04670637845993042
v -0.11980557441711426 -1.899591863155365 -0.023790478706359863
v -0.12207448482513428 -1.899591863155365 0.000032961368560791016
v -0.11980557441711426 -1.899591863155365 0.02385646104812622
v -0.11277198791503906 -1.899591863155365 0.04677236080169678
v -0.10154092311859131 -1.899591863155365 0.06787312030792236
v -0.08633935451507568 -1.899591863155365 0.08636468648910522
v -0.06784772872924805 -1.899591863155365 0.10156631469726562
v -0.04674696922302246 -1.899591863155365 0.11279737949371338
v -0.02383100986480713 -1.899591863155365 0.119717538356781
v -0.00000762939453125 -1.899591863155365 0.1220998764038086
v 0.02381587028503418 -1.899591863155365 0.119717538356781
v 0.04673182964324951 -1.8707767724990845 0.23486429452896118
v 0.09165608882904053 -1.8707767724990845 0.22125089168548584
v 0.1330634355545044 -1.8707767724990845 0.1991291046142578
v 0.16936588287353516 -1.8707767724990845 0.1694064736366272
v 0.19920194149017334 -1.8707767724990845 0.1331040859222412
v 0.22132372856140137 -1.8707767724990845 0.09169661998748779
v 0.23493719100952148 -1.8707767724990845 0.04677236080169678
v 0.23947501182556152 -1.8707767724990845 0.000032961368560791016
v 0.23493719100952148 -1.8707767724990845 -0.04670637845993042
v 0.22132372856140137 -1.8707767724990845 -0.09163063764572144
v 0.19920194149017334 -1.8707767724990845 -0.13303810358047485
v 0.16936588287353516 -1.8707767724990845 -0.16934055089950562
v 0.1330634355545044 -1.8707767724990845 -0.1991765797138214
v 0.09165608882904053 -1.8707767724990845 -0.22129836678504944
v 0.04673182964324951 -1.8707767724990845 -0.23491179943084717
v -0.00000762939453125 -1.8707767724990845 -0.23956304788589478
v -0.04674696922302246 -1.8707767724990845 -0.23491179943084717
v -0.09167122840881348 -1.8707767724990845 -0.22129836678504944
v -0.1330786943435669 -1.8707767724990845 -0.1991765797138214
v -0.16938108205795288 -1.8707767724990845 -0.16934055089950562
v -0.1991037130355835 -1.8707767724990845 -0.13303810358047485
v -0.2213389277458191 -1.8707767724990845 -0.09163063764572144
v -0.2349523901939392 -1.8707767724990845 -0.04670637845993042
v -0.23949015140533447 -1.8707767724990845 0.000032961368560791016
v -0.2349523901939392 -1.8707767724990845 0.04677236080169678
v -0.2213389277458191 -1.8707767724990845 0.09169661998748779
v -0.1991037130355835 -1.8707767724990845 0.1331040859222412
v -0.16938108205795288 -1.8707767724990845 0.1694064736366272
v -0.1330786943435669 -1.8707767724990845 0.1991291046142578
v -0.09167122840881348 -1.8707767724990845 0.22125089168548584
v -0.04674696922302246 -1.8707767724990845 0.23486429452896118
v -0.00000762939453125 -1.8707767724990845 0.2395155429840088
v -0.00000762939453125 -1.8239240050315857 0.34774214029312134
v 0.0678325891494751 -1.8239240050315857 0.3410488963127136
v 0.1330634355545044 -1.8239240050315857 0.3213094472885132
v 0.19318938255310059 -1.8239240050315857 0.2890910506248474
v 0.24582791328430176 -1.8239240050315857 0.2458685040473938
v 0.2891639471054077 -1.8239240050315857 0.19322997331619263
v 0.3212689161300659 -1.8239240050315857 0.1331040859222412
v 0.3410083055496216 -1.8239240050315857 0.06787312030792236
v 0.3477015495300293 -1.8239240050315857 0.000032961368560791016
v 0.3410083055496216 -1.8239240050315857 -0.06780719757080078
v 0.3212689161300659 -1.8239240050315857 -0.13303810358047485
v 0.2891639471054077 -1.8239240050315857 -0.19316399097442627
v 0.24582791328430176 -1.8239240050315857 -0.245915949344635
v 0.19318938255310059 -1.8239240050315857 -0.289138525724411
v 0.1330634355545044 -1.8239240050315857 -0.3212434947490692
v 0.0678325891494751 -1.8239240050315857 -0.3410964012145996
v -0.00000762939453125 -1.8239240050315857 -0.34767621755599976
v -0.06784772872924805 -1.8239240050315857 -0.3410964012145996
v -0.1330786943435669 -1.8239240050315857 -0.3212434947490692
v -0.1932045817375183 -1.8239240050315857 -0.289138525724411
v -0.24584311246871948 -1.8239240050315857 -0.245915949344635
v -0.2890656590461731 -1.8239240050315857 -0.19316399097442627
v -0.32128405570983887 -1.8239240050315857 -0.13303810358047485
v -0.3410235047340393 -1.8239240050315857 -0.06780719757080078
v -0.3477168083190918 -1.8239240050315857 0.000032961368560791016
v -0.3410235047340393 -1.8239240050315857 0.06787312030792236
v -0.32128405570983887 -1.8239240050315857 0.1331040859222412
v -0.2890656590461731 -1.8239240050315857 0.19322997331619263
v -0.24584311246871948 -1.8239240050315857 0.2458685040473938
v -0.1932045817375183 -1.8239240050315857 0.2890910506248474
v -0.1330786943435669 -1.8239240050315857 0.3213094472885132
v -0.06784772872924805 -1.8239240050315857 0.3410488963127136
v -0.08633935451507568 -1.7608485221862793 0.43407386541366577
v -0.00000762939453125 -1.7608485221862793 0.44258230924606323
v 0.08632409572601318 -1.7608485221862793 0.43407386541366577
v 0.16936588287353516 -1.7608485221862793 0.40888911485671997
v 0.24582791328430176 -1.7608485221862793 0.3679353594779968
v 0.31298744678497314 -1.7608485221862793 0.31291455030441284
v 0.36800825595855713 -1.7608485221862793 0.2458685040473938
v 0.40884852409362793 -1.7608485221862793 0.1694064736366272
v 0.43403327465057373 -1.7608485221862793 0.08636468648910522
v 0.4425417184829712 -1.7608485221862793 0.000032961368560791016
v 0.43403327465057373 -1.7608485221862793 -0.08629870414733887
v 0.40884852409362793 -1.7608485221862793 -0.16934055089950562
v 0.36800825595855713 -1.7608485221862793 -0.245915949344635
v 0.31298744678497314 -1.7608485221862793 -0.31296199560165405
v 0.24582791328430176 -1.7608485221862793 -0.3679828643798828
v 0.16936588287353516 -1.7608485221862793 -0.4088231027126312
v 0.08632409572601318 -1.7608485221862793 -0.4340079128742218
v -0.00000762939453125 -1.7608485221862793 -0.4425162971019745
v -0.08633935451507568 -1.7608485221862793 -0.4340079128742218
v -0.16938108205795288 -1.7608485221862793 -0.4088231027126312
v -0.24584311246871948 -1.7608485221862793 -0.3679828643798828
v -0.3128891587257385 -1.7608485221862793 -0.31296199560165405
v -0.36802345514297485 -1.7608485221862793 -0.245915949344635
v -0.4088636636734009 -1.7608485221862793 -0.16934055089950562
v -0.43404847383499146 -1.7608485221862793 -0.08629870414733887
v -0.44255685806274414 -1.7608485221862793 0.000032961368560791016
v -0.43404847383499146 -1.7608485221862793 0.08636468648910522
v -0.4088636636734009 -1.7608485221862793 0.1694064736366272
v -0.36802345514297485 -1.7608485221862793 0.2458685040473938
v -0.3128891587257385 -1.7608485221862793 0.31291455030441284
v -0.24584311246871948 -1.7608485221862793 0.3679353594779968
v -0.16938108205795288 -1.7608485221862793 0.40888911485671997
v -0.1991037130355835 -1.7159242630004883 0.480813205242157
v -0.10154092311859131 -1.7159242630004883 0.51042240858078
v -0.00000762939453125 -1.7159242630004883 0.5204055905342102
v 0.10152578353881836 -1.7159242630004883 0.51042240858078
v 0.19920194149017334 -1.7159242630004883 0.480813205242157
v 0.2891639471054077 -1.7159242630004883 0.43271249532699585
v 0.36800825595855713 -1.7159242630004883 0.3679353594779968
v 0.43267202377319336 -1.7159242630004883 0.2890910506248474
v 0.4807727336883545 -1.7159242630004883 0.1991291046142578
v 0.510381817817688 -1.7159242630004883 0.10156631469726562
v 0.5203649997711182 -1.7159242630004883 0.000032961368560791016
v 0.510381817817688 -1.7159242630004883 -0.10150039196014404
v 0.4807727336883545 -1.7159242630004883 -0.1991765797138214
v 0.43267202377319336 -1.7159242630004883 -0.289138525724411
v 0.36800825595855713 -1.7159242630004883 -0.3679828643798828
v 0.2891639471054077 -1.7159242630004883 -0.43264657258987427
v 0.19920194149017334 -1.7159242630004883 -0.4807472825050354
v 0.10152578353881836 -1.7159242630004883 -0.5103564262390137
v -0.00000762939453125 -1.7159242630004883 -0.5204530954360962
v -0.10154092311859131 -1.7159242630004883 -0.5103564262390137
v -0.1991037130355835 -1.7159242630004883 -0.4807472825050354
v -0.2890656590461731 -1.7159242630004883 -0.43264657258987427
v -0.36802345514297485 -1.7159242630004883 -0.3679828643798828
v -0.4326871633529663 -1.7159242630004883 -0.289138525724411
v -0.48078787326812744 -1.7159242630004883 -0.1991765797138214
v -0.5103970170021057 -1.7159242630004883 -0.10150039196014404
v -0.5203801989555359 -1.7159242630004883 0.000032961368560791016
v -0.5103970170021057 -1.7159242630004883 0.10156631469726562
v -0.48078787326812744 -1.7159242630004883 0.1991291046142578
v -0.4326871633529663 -1.7159242630004883 0.2890910506248474
v -0.36802345514297485 -1.7159242630004883 0.3679353594779968
v -0.2890656590461731 -1.7159242630004883 0.43271249532699585
v -0.00000762939453125 -1.6839327216148376 0.6748043894767761
v 0.6621713638305664 -1.6839327216148376 0.6748043894767761
v 0.6621713638305664 -1.6839327216148376 0.000032961368560791016
v 0.6621713638305664 -1.6839327216148376 -0.6748518347740173
v -0.00000762939453125 -1.6839327216148376 -0.6748518347740173
v -0.6621865630149841 -1.6839327216148376 -0.6748518347740173
v -0.6621865630149841 -1.6839327216148376 0.000032961368560791016
v -0.6621865630149841 -1.6839327216148376 0.6748043894767761
v -0.676594078540802 -1.4502358734607697 -0.5966881513595581
v -0.676594078540802 -1.4502358734607697 -0.39645758271217346
v -1.0727443099021912 -1.3440512418746948 -0.5966881513595581
v -1.0545931458473206 -1.2763245701789856 -0.5966881513595581
v -1.0545931458473206 -1.2763245701789856 -0.39645758271217346
v -1.0727443099021912 -1.3440512418746948 -0.39645758271217346
v -0.658442884683609 -1.382509171962738 -0.1527775526046753
v -1.051530122756958 -1.2772321105003357 -0.1527775526046753
v -0.658442884683609 -1.382509171962738 -0.39645758271217346
v -1.051530122756958 -1.2772321105003357 -0.39645758271217346
v -0.7984340786933899 -0.16705846786499023 0.2362256646156311
v -0.9501101970672607 -0.12644517421722412 0.2362256646156311
v -0.7849341034889221 -0.11691570281982422 0.2362256646156311
v -0.936610221862793 -0.0763024091720581 0.2362256646156311
v -0.9765428900718689 -0.11929810047149658 0.24030965566635132
v -0.9631564021110535 -0.06915533542633057 0.24030965566635132
v -1.0021814703941345 -0.11249136924743652 0.2519945502281189
v -0.9886814951896667 -0.06234872341156006 0.2519945502281189
v -1.0278200507164001 -0.10557126998901367 0.27638518810272217
v -1.0143201351165771 -0.055428504943847656 0.27638518810272217
v -1.045177161693573 -0.10091996192932129 0.31348174810409546
v -1.0316771864891052 -0.050777316093444824 0.31348174810409546
v -1.045177161693573 -0.10091996192932129 0.36283034086227417
v -1.0316771864891052 -0.050777316093444824 0.36283034086227417
v -1.0278200507164001 -0.10557126998901367 0.39992696046829224
v -1.0143201351165771 -0.055428504943847656 0.39992696046829224
v -1.0021814703941345 -0.11249136924743652 0.42420417070388794
v -0.9886814951896667 -0.06234872341156006 0.42420417070388794
v -0.9765428900718689 -0.11929810047149658 0.4358890652656555
v -0.9631564021110535 -0.06915533542633057 0.4358890652656555
v -0.9501101970672607 -0.12644517421722412 0.4400864243507385
v -0.936610221862793 -0.0763024091720581 0.4400864243507385
v -0.7984340786933899 -0.16705846786499023 0.4400864243507385
v -0.7849341034889221 -0.11691570281982422 0.4400864243507385
v -0.8253206014633179 -0.26745736598968506 0.2362256646156311
v -0.976996660232544 -0.2267305850982666 0.2362256646156311
v -0.8118206262588501 -0.21720123291015625 0.2362256646156311
v -0.963496744632721 -0.17658782005310059 0.2362256646156311
v -1.003429353237152 -0.2196969985961914 0.24030965566635132
v -0.9900428652763367 -0.1695542335510254 0.24030965566635132
v -1.0290679931640625 -0.21277689933776855 0.2519945502281189
v -1.0155680179595947 -0.16263413429260254 0.2519945502281189
v -1.0547065734863281 -0.2059701681137085 0.27638518810272217
v -1.0412065982818604 -0.15582740306854248 0.27638518810272217
v -1.072063684463501 -0.2013188600540161 0.31348174810409546
v -1.0585637092590332 -0.15117621421813965 0.31348174810409546
v -1.072063684463501 -0.2013188600540161 0.36283034086227417
v -1.0585637092590332 -0.15117621421813965 0.36283034086227417
v -1.0547065734863281 -0.2059701681137085 0.39992696046829224
v -1.0412065982818604 -0.15582740306854248 0.39992696046829224
v -1.0290679931640625 -0.21277689933776855 0.42420417070388794
v -1.0155680179595947 -0.16263413429260254 0.42420417070388794
v -1.003429353237152 -0.2196969985961914 0.4358890652656555
v -0.9900428652763367 -0.1695542335510254 0.4358890652656555
v -0.976996660232544 -0.2267305850982666 0.4400864243507385
v -0.963496744632721 -0.17658782005310059 0.4400864243507385
v -0.8253206014633179 -0.26745736598968506 0.4400864243507385
v -0.8118206262588501 -0.21720123291015625 0.4400864243507385
v -0.8522070646286011 -0.3677428960800171 0.2362256646156311
v -1.003883183002472 -0.3271294832229614 0.2362256646156311
v -0.8387071490287781 -0.3176001310348511 0.2362256646156311
v -0.9903832077980042 -0.2769867181777954 0.2362256646156311
v -1.03031587600708 -0.3199824094772339 0.24030965566635132
v -1.0169293284416199 -0.2698397636413574 0.24030965566635132
v -1.0559544563293457 -0.3131757974624634 0.2519945502281189
v -1.042454481124878 -0.26303303241729736 0.2519945502281189
v -1.0815930366516113 -0.306255578994751 0.27638518810272217
v -1.0680930614471436 -0.2561129331588745 0.27638518810272217
v -1.0989501476287842 -0.30160439014434814 0.31348174810409546
v -1.0854501724243164 -0.25146162509918213 0.31348174810409546
v -1.0989501476287842 -0.30160439014434814 0.36283034086227417
v -1.0854501724243164 -0.25146162509918213 0.36283034086227417
v -1.0815930366516113 -0.306255578994751 0.39992696046829224
v -1.0680930614471436 -0.2561129331588745 0.39992696046829224
v -1.0559544563293457 -0.3131757974624634 0.42420417070388794
v -1.042454481124878 -0.26303303241729736 0.42420417070388794
v -1.03031587600708 -0.3199824094772339 0.4358890652656555
v -1.0169293284416199 -0.2698397636413574 0.4358890652656555
v -1.003883183002472 -0.3271294832229614 0.4400864243507385
v -0.9903832077980042 -0.2769867181777954 0.4400864243507385
v -0.8522070646286011 -0.3677428960800171 0.4400864243507385
v -0.8387071490287781 -0.3176001310348511 0.4400864243507385
vt 0.5496944189071655 0.5649127960205078
vt 0.5129395127296448 0.581204891204834
vt 0.5455236434936523 0.5581353008747101
vt 0.5400495529174805 0.5522701442241669
vt 0.5336630344390869 0.5475780069828033
vt 0.526624858379364 0.5441892743110657
vt 0.518934965133667 0.5422342121601105
vt 0.511114776134491 0.5418432056903839
vt 0.5032945871353149 0.5428858995437622
vt 0.4958654046058655 0.5453622937202454
vt 0.48908787965774536 0.549142062664032
vt 0.48309242725372314 0.5543555319309235
vt 0.47826993465423584 0.5604813396930695
vt 0.474620521068573 0.5676498711109161
vt 0.4725351333618164 0.575209379196167
vt 0.47188347578048706 0.5832902789115906
vt 0.4727958142757416 0.5912408232688904
vt 0.4754025340080261 0.5989306569099426
vt 0.4793126583099365 0.6059688329696655
vt 0.4846564531326294 0.6122249960899353
vt 0.49117326736450195 0.6173081398010254
vt 0.4984721541404724 0.6209575533866882
vt 0.5064226984977722 0.6230429410934448
vt 0.5146338939666748 0.6235643029212952
vt 0.5228450894355774 0.6223912835121155
vt 0.5305349826812744 0.6197845339775085
vt 0.5375731587409973 0.615483433008194
vt 0.5435686111450195 0.6100093126296997
vt 0.5483911037445068 0.6034924387931824
vt 0.5516495108604431 0.5961936116218567
vt 0.5534741878509521 0.5882430672645569
vt 0.5537348985671997 0.5802925229072571
vt 0.5524315237998962 0.5723419785499573
vt 0.5886651277542114 0.5653038024902344
vt 0.583060622215271 0.5510970950126648
vt 0.5748494267463684 0.5381937623023987
vt 0.5644224882125854 0.5272454917430878
vt 0.5521708726882935 0.5185129344463348
vt 0.5386158227920532 0.5122567713260651
vt 0.5241484642028809 0.5086073577404022
vt 0.5094203948974609 0.5076949894428253
vt 0.4946923851966858 0.5096500515937805
vt 0.4804856777191162 0.5143421590328217
vt 0.4675823450088501 0.5215106904506683
vt 0.45611271262168884 0.5311555862426758
vt 0.4465981423854828 0.5427555739879608
vt 0.4394296407699585 0.5561802387237549
vt 0.43499815464019775 0.570777952671051
vt 0.4335644841194153 0.5861576795578003
vt 0.43499815464019775 0.6016677618026733
vt 0.4396902918815613 0.616786777973175
vt 0.44711947441101074 0.6307328343391418
vt 0.4574160873889923 0.6431148052215576
vt 0.47005873918533325 0.653150737285614
vt 0.4843957722187042 0.6604495942592621
vt 0.5000361800193787 0.6648810505867004
vt 0.516197919845581 0.6659237146377563
vt 0.5322293043136597 0.663577675819397
vt 0.5474787354469299 0.6581035256385803
vt 0.5611640810966492 0.649761974811554
vt 0.5727640390396118 0.6386833786964417
vt 0.5818876028060913 0.6257800459861755
vt 0.5881437659263611 0.6113126575946808
vt 0.5914021730422974 0.5959329307079315
vt 0.5915325284004211 0.5804228782653809
vt 0.6237256526947021 0.5817262232303619
vt 0.61942458152771 0.5603510141372681
vt 0.6110830307006836 0.540409505367279
vt 0.5993527173995972 0.5225533843040466
vt 0.5844943523406982 0.5074343085289001
vt 0.567420244216919 0.49544334411621094
vt 0.5485213994979858 0.486710786819458
vt 0.528319239616394 0.4817579984664917
vt 0.5077260732650757 0.480584979057312
vt 0.48726320266723633 0.48319172859191895
vt 0.4677127003669739 0.4895781874656677
vt 0.4494655430316925 0.4994838237762451
vt 0.4333037734031677 0.5127781331539154
vt 0.41974878311157227 0.5289398729801178
vt 0.4095825254917145 0.5475780069828033
vt 0.40293532609939575 0.5680408775806427
vt 0.4003286063671112 0.5898070931434631
vt 0.4021533131599426 0.6118339896202087
vt 0.408279150724411 0.6334698796272278
vt 0.41870608925819397 0.6536720991134644
vt 0.4331734776496887 0.6715282201766968
vt 0.45102959871292114 0.6862562596797943
vt 0.4716227650642395 0.6970742046833038
vt 0.49417102336883545 0.7033303678035736
vt 0.5175012946128845 0.7048943936824799
vt 0.540570855140686 0.7015056610107422
vt 0.5623371601104736 0.6935551166534424
vt 0.5818876028060913 0.6811731159687042
vt 0.5983100533485413 0.665272057056427
vt 0.6110830307006836 0.6463732123374939
vt 0.6196852922439575 0.6256496906280518
vt 0.6238560676574707 0.6037531495094299
vt 0.6494020223617554 0.6110519766807556
vt 0.6487503051757812 0.5838116109371185
vt 0.6430155038833618 0.5576139390468597
vt 0.6325886249542236 0.5332409739494324
vt 0.6179908514022827 0.5117354393005371
vt 0.5998740792274475 0.49335795640945435
vt 0.5788898468017578 0.4787602424621582
vt 0.5558202862739563 0.468463659286499
vt 0.5314472913742065 0.46246814727783203
vt 0.5064226984977722 0.4610344171524048
vt 0.4815283715724945 0.46416252851486206
vt 0.4576767683029175 0.4718524217605591
vt 0.4355195164680481 0.4837130308151245
vt 0.41570836305618286 0.4997444152832031
vt 0.3990252614021301 0.519294947385788
vt 0.386121928691864 0.5419735312461853
vt 0.37778037786483765 0.5671285092830658
vt 0.3742612600326538 0.5938475430011749
vt 0.37595564126968384 0.621087908744812
vt 0.3832544982433319 0.6479372680187225
vt 0.39576682448387146 0.6732226014137268
vt 0.4134926199913025 0.695640504360199
vt 0.4355195164680481 0.7141483128070831
vt 0.46119582653045654 0.7278336584568024
vt 0.48921823501586914 0.7359145283699036
vt 0.5182833075523376 0.7378695905208588
vt 0.5470877289772034 0.7335684895515442
vt 0.5741977691650391 0.723402202129364
vt 0.598440408706665 0.707761824131012
vt 0.6187728643417358 0.6876899600028992
vt 0.6342829465866089 0.6640990376472473
vt 0.6445795297622681 0.6381620168685913
vt 0.6616536378860474 0.6483282744884491
vt 0.6668671369552612 0.6174384951591492
vt 0.6659548282623291 0.5865486860275269
vt 0.659177303314209 0.5570926070213318
vt 0.647186279296875 0.5297218859195709
vt 0.6305031776428223 0.5054792761802673
vt 0.6100403070449829 0.485016405582428
vt 0.586449384689331 0.4688546657562256
vt 0.5606427192687988 0.45725464820861816
vt 0.5332720279693604 0.4506075382232666
vt 0.5053799748420715 0.44904351234436035
vt 0.4774879217147827 0.4525625705718994
vt 0.45076891779899597 0.4610344171524048
vt 0.42587459087371826 0.47432875633239746
vt 0.4034566879272461 0.49218493700027466
vt 0.38468819856643677 0.5140814781188965
vt 0.36996015906333923 0.5394971370697021
vt 0.360184907913208 0.5677801966667175
vt 0.35588380694389343 0.5978879928588867
vt 0.35757818818092346 0.628908097743988
vt 0.3655287027359009 0.6594069004058838
vt 0.3794747591018677 0.6883416473865509
vt 0.3994162678718567 0.7140179574489594
vt 0.4244409203529358 0.7353931665420532
vt 0.4535059928894043 0.7511639297008514
vt 0.4854384660720825 0.7604178190231323
vt 0.5186743140220642 0.7626335620880127
vt 0.5515191555023193 0.7576807588338852
vt 0.5825393199920654 0.74595046043396
vt 0.6100403070449829 0.7280943393707275
vt 0.6328492760658264 0.7048943936824799
vt 0.6503143906593323 0.6779147088527679
vt 0.7115726470947266 0.5849846601486206
vt 0.6842019557952881 0.40798741579055786
vt 0.5038159489631653 0.4139828681945801
vt 0.3221265971660614 0.41984808444976807
vt 0.30961427092552185 0.5995823740959167
vt 0.2939738631248474 0.8241524696350098
vt 0.5208900570869446 0.8147682249546051
vt 0.7457208633422852 0.8056446611881256
vt 0.26556047797203064 0.2962889075279236
vt 0.34767258167266846 0.29042375087738037
vt 0.3068771958351135 0.3756639361381531
vt 0.3101356327533722 0.40525031089782715
vt 0.4003286063671112 0.39312905073165894
vt 0.39993759989738464 0.3647156357765198
vt 0.41362297534942627 0.30893152952194214
vt 0.47305649518966675 0.37800997495651245
vt 0.32655805349349976 0.3164910674095154
vt 0.3763466477394104 0.39091330766677856
vt 0.38781630992889404 0.6517170369625092
vt 0.31847718358039856 0.6123553514480591
vt 0.388337641954422 0.685213565826416
vt 0.3178254961967468 0.647546261548996
vt 0.3079198896884918 0.6038834452629089
vt 0.3070075511932373 0.6394653916358948
vt 0.3021850883960724 0.5937172174453735
vt 0.3012727200984955 0.6296901106834412
vt 0.3041401505470276 0.5802925229072571
vt 0.3032277822494507 0.6165261268615723
vt 0.31873783469200134 0.5656948089599609
vt 0.3180861473083496 0.6023194193840027
vt 0.35080066323280334 0.5531824827194214
vt 0.35080066323280334 0.5899374485015869
vt 0.38390618562698364 0.5494027435779572
vt 0.384427547454834 0.5860273241996765
vt 0.4123196005821228 0.5516184568405151
vt 0.4133622646331787 0.5879823863506317
vt 0.43187010288238525 0.556962251663208
vt 0.4333037734031677 0.5929352045059204
vt 0.4465981423854828 0.5642611086368561
vt 0.44829249382019043 0.5999733805656433
vt 0.5098114013671875 0.6081845760345459
vt 0.5124181509017944 0.6423327922821045
vt 0.38664326071739197 0.5875913798809052
vt 0.31965020298957825 0.545231968164444
vt 0.3872949481010437 0.6191328763961792
vt 0.3189985156059265 0.5782071352005005
vt 0.3093535900115967 0.5362387299537659
vt 0.30870193243026733 0.5694745779037476
vt 0.3038794696331024 0.5255511105060577
vt 0.3029671013355255 0.5590476393699646
vt 0.30583450198173523 0.5114747583866119
vt 0.3050524890422821 0.545231968164444
vt 0.3200412094593048 0.49635571241378784
vt 0.3193895220756531 0.5303735733032227
vt 0.3509310185909271 0.4837130308151245
vt 0.35080066323280334 0.5178612470626831
vt 0.38286349177360535 0.48019397258758545
vt 0.3833848536014557 0.5142118334770203
vt 0.4102342128753662 0.4828007221221924
vt 0.4112768769264221 0.5165578722953796
vt 0.42913302779197693 0.4885355234146118
vt 0.4305667281150818 0.5221623778343201
vt 0.4434700608253479 0.49635571241378784
vt 0.44503408670425415 0.5297218859195709
vt 0.5047283172607422 0.5434072315692902
vt 0.5072047114372253 0.5753397345542908
vt 0.38573092222213745 0.5275061726570129
vt 0.32069289684295654 0.4825400114059448
vt 0.3862522542476654 0.5570926070213318
vt 0.3201715350151062 0.5134297907352448
vt 0.3109176456928253 0.4731557369232178
vt 0.3101356327533722 0.5041759014129639
vt 0.30557385087013245 0.46194684505462646
vt 0.30466148257255554 0.49322760105133057
vt 0.30752888321876526 0.44721877574920654
vt 0.30674687027931213 0.4787602424621582
vt 0.3210839033126831 0.4317086935043335
vt 0.32056257128715515 0.4635108709335327
vt 0.3509310185909271 0.41893571615219116
vt 0.3509310185909271 0.4507378339767456
vt 0.38182079792022705 0.4155469536781311
vt 0.3823421597480774 0.44734907150268555
vt 0.408279150724411 0.4185447096824646
vt 0.4091914892196655 0.45008617639541626
vt 0.4266566038131714 0.4248008728027344
vt 0.42782965302467346 0.4560816287994385
vt 0.4404723048210144 0.43301206827163696
vt 0.44190603494644165 0.46416252851486206
vt 0.5000361800193787 0.4825400114059448
vt 0.502382218837738 0.5125174522399902
vn 0.06342420309934722 -0.9865980095571512 0.15033874417155485
vn 0 -1 0
vn 0.09031423599385115 -0.986327135617277 0.13784817852211342
vn 0.11700842753722855 -0.986214001001066 0.11700842753722855
vn 0.13784817852211342 -0.986327135617277 0.09031423599385115
vn 0.1526557768318882 -0.9863912008851157 0.061062366612113936
vn 0.16169035880036783 -0.9863115507804373 0.03233809932721999
vn 0.16439897763973865 -0.9863939254430801 0
vn 0.16169035880036783 -0.9863115507804373 -0.03233809932721999
vn 0.15265585026121317 -0.9863911939293596 -0.06106229540099866
vn 0.137848104504506 -0.986327139110403 -0.090314310819507
vn 0.11700842753722855 -0.986214001001066 -0.11700842753722855
vn 0.090314310819507 -0.986327139110403 -0.137848104504506
vn 0.06342420309934722 -0.9865980095571512 -0.15033874417155485
vn 0.03233802830906989 -0.9863115435324354 -0.1616904172168117
vn 0 -0.9863939254430801 -0.16439897763973865
vn -0.032338102817794576 -0.9863115380336157 -0.1616904358578732
vn -0.06342420309934722 -0.9865980095571512 -0.15033874417155485
vn -0.090314310819507 -0.986327139110403 -0.137848104504506
vn -0.11700842753722855 -0.986214001001066 -0.11700842753722855
vn -0.137848104504506 -0.986327139110403 -0.090314310819507
vn -0.15265585026121317 -0.9863911939293596 -0.06106229540099866
vn -0.1616904358578732 -0.9863115380336157 -0.032338102817794576
vn -0.16439897763973865 -0.9863939254430801 0
vn -0.16169035880036783 -0.9863115507804373 0.03233809932721999
vn -0.15265585026121317 -0.9863911939293596 0.06106229540099866
vn -0.137848104504506 -0.986327139110403 0.090314310819507
vn -0.11700842753722855 -0.986214001001066 0.11700842753722855
vn -0.090314310819507 -0.986327139110403 0.137848104504506
vn -0.06342420309934722 -0.9865980095571512 0.15033874417155485
vn -0.03233802830906989 -0.9863115435324354 0.1616904172168117
vn 6.859260303846038e-8 -0.986393937525098 0.16439890514759703
vn 0.03233809932721999 -0.9863115507804373 0.16169035880036783
vn 0.06234262622194185 -0.9455310901808528 0.3195064231860747
vn 0.12326241803326138 -0.9459048931952327 0.30011715933933003
vn 0.1803837323064998 -0.9456482214170425 0.2705755910091689
vn 0.22820725661089505 -0.9458226427280477 0.23095665509584504
vn 0.27057560698745803 -0.9456482176557176 0.18038372805753033
vn 0.3001171494176352 -0.9459048962500618 0.12326241874793961
vn 0.31711844966147135 -0.9461569897611698 0.06498337949342478
vn 0.32292677124386643 -0.9464239538462725 0
vn 0.3171184961932023 -0.946156980070514 -0.06498329351461975
vn 0.3001171494176352 -0.9459048962500618 -0.12326241874793961
vn 0.27057560698745803 -0.9456482176557176 -0.18038372805753033
vn 0.22820716888215514 -0.9458226453748203 -0.23095673094103214
vn 0.1803837323064998 -0.9456482214170425 -0.2705755910091689
vn 0.12326241803326138 -0.9459048931952327 -0.30011715933933003
vn 0.06234262622194185 -0.9455310901808528 -0.3195064231860747
vn 0 -0.9464239538462725 -0.32292677124386643
vn -0.06234262622194185 -0.9455310901808528 -0.3195064231860747
vn -0.12326241803326138 -0.9459048931952327 -0.30011715933933003
vn -0.1803838317660443 -0.945648195998703 -0.27057561353861537
vn -0.22820725661089505 -0.9458226427280477 -0.23095665509584504
vn -0.2705757007637194 -0.9456481883732024 -0.1803837409045018
vn -0.3001171494176352 -0.9459048962500618 -0.12326241874793961
vn -0.3171184961932023 -0.946156980070514 -0.06498329351461975
vn -0.32292677124386643 -0.9464239538462725 0
vn -0.3171184961932023 -0.946156980070514 0.06498329351461975
vn -0.3001171494176352 -0.9459048962500618 0.12326241874793961
vn -0.27057560698745803 -0.9456482176557176 0.18038372805753033
vn -0.2282071602546858 -0.945822671376629 0.23095663298218863
vn -0.1803837323064998 -0.9456482214170425 0.2705755910091689
vn -0.12326241803326138 -0.9459048931952327 0.30011715933933003
vn -0.06234262622194185 -0.9455310901808528 0.3195064231860747
vn 0 -0.9464239538462725 0.32292677124386643
vn 0 -0.8767762994211447 0.48089845162296296
vn 0.093184360102948 -0.8753675291093346 0.4743926264321804
vn 0.18579392730439961 -0.8758852166435316 0.44531528588419395
vn 0.269024702720986 -0.8765971155627856 0.39900276479354
vn 0.34110691393987536 -0.8771320388719752 0.33806132527502486
vn 0.40186416106299017 -0.8762448808822697 0.26589491304038887
vn 0.4453153649584999 -0.8758851963203445 0.1857938335864504
vn 0.4720736034685539 -0.8763043035004622 0.09611077241800042
vn 0.48089845162296296 -0.8767762994211447 0
vn 0.4720736034685539 -0.8763043035004622 -0.09611077241800042
vn 0.4453153649584999 -0.8758851963203445 -0.1857938335864504
vn 0.40186407654132195 -0.8762448915344194 -0.2658950056797303
vn 0.34110691393987536 -0.8771320388719752 -0.33806132527502486
vn 0.26902460698866715 -0.8765970949520907 -0.39900287462140965
vn 0.1857938335864504 -0.8758851963203445 -0.4453153649584999
vn 0.09318426631354436 -0.8753674983266613 -0.4743927016564747
vn -8.092372720213813e-8 -0.8767762868552793 -0.4808984745330998
vn -0.09318426631354436 -0.8753674983266613 -0.4743927016564747
vn -0.1857938335864504 -0.8758851963203445 -0.4453153649584999
vn -0.269024702720986 -0.8765971155627856 -0.39900276479354
vn -0.34110691393987536 -0.8771320388719752 -0.33806132527502486
vn -0.40186407654132195 -0.8762448915344194 -0.2658950056797303
vn -0.4453153649584999 -0.8758851963203445 -0.1857938335864504
vn -0.4720736034685539 -0.8763043035004622 -0.09611077241800042
vn -0.48089852257496557 -0.8767762605050475 0
vn -0.47207348467172505 -0.8763043681537139 0.09611076643443667
vn -0.44531527003294663 -0.8758852450705508 0.18579383128399377
vn -0.40186407654132195 -0.8762448915344194 0.2658950056797303
vn -0.34110691393987536 -0.8771320388719752 0.33806132527502486
vn -0.269024702720986 -0.8765971155627856 0.39900276479354
vn -0.18579373756604878 -0.8758852247473574 0.44531534910724696
vn -0.09318417900035902 -0.8753675179955773 0.4743926825134338
vn -0.10351277488975334 -0.8511055379991393 0.5146887104083582
vn 0 -0.8510104498799266 0.5251487543498172
vn 0.10351287278511778 -0.8511054869276834 0.514688775173272
vn 0.20155590035926607 -0.8513483093938924 0.484335911452503
vn 0.29060973264116535 -0.8501879423611587 0.43900620264174994
vn 0.37105886896071005 -0.8512524679741922 0.37105869014678167
vn 0.4361105538164582 -0.8505701362858556 0.2938333338962125
vn 0.484335911452503 -0.8513483093938924 0.20155590035926607
vn 0.5146888502587228 -0.8511054529225842 0.10351277904102943
vn 0.5251487543498172 -0.8510104498799266 0
vn 0.514688775173272 -0.8511054869276834 -0.10351287278511778
vn 0.484335911452503 -0.8513483093938924 -0.20155590035926607
vn 0.4361105538164582 -0.8505701362858556 -0.2938333338962125
vn 0.37105877955374883 -0.851252467974199 -0.37105877955374883
vn 0.29060973264116535 -0.8501879423611587 -0.43900620264174994
vn 0.20155590035926607 -0.8513483093938924 -0.484335911452503
vn 0.10351287278511778 -0.8511054869276834 -0.514688775173272
vn 0 -0.8510104498799266 -0.5251487543498172
vn -0.10351287278511778 -0.8511054869276834 -0.514688775173272
vn -0.20155602204418993 -0.8513482602460481 -0.48433594720374507
vn -0.29060973264116535 -0.8501879423611587 -0.43900620264174994
vn -0.37105877955374883 -0.851252467974199 -0.37105877955374883
vn -0.4361105538164582 -0.8505701362858556 -0.2938333338962125
vn -0.4843360258201464 -0.851348241278788 -0.20155591324558272
vn -0.5146888502587228 -0.8511054529225842 -0.10351277904102943
vn -0.5251487543498172 -0.8510104498799266 0
vn -0.5146887104083582 -0.8511055379991393 0.10351277488975334
vn -0.484335911452503 -0.8513483093938924 0.20155590035926607
vn -0.4361105538164582 -0.8505701362858556 0.2938333338962125
vn -0.37105877955374883 -0.851252467974199 0.37105877955374883
vn -0.29060973264116535 -0.8501879423611587 0.43900620264174994
vn -0.20155590035926607 -0.8513483093938924 0.484335911452503
vn -0.10054715535404103 -0.9472590018174392 0.30428712267534275
vn -0.07729489818498604 -0.932869102197758 0.3518248667722649
vn -7.658343784941316e-8 -0.9378700262922681 0.34698676312293913
vn 0.07729489818498604 -0.932869102197758 0.3518248667722649
vn 0.10054706287222231 -0.9472590218661435 0.3042870908220826
vn 0.14630817430469803 -0.9549932841196132 0.25803438805334045
vn 0.1993306252113024 -0.9594449270607676 0.19933071461826835
vn 0.2637600886671754 -0.953798885748791 0.14386904173813192
vn 0.3106291752092904 -0.9451619562665597 0.10088801680658423
vn 0.3647108137918517 -0.9278674278103725 0.07776926585643186
vn 0.3561003811846709 -0.934447707750483 0
vn 0.3647108137918517 -0.9278674278103725 -0.07776926585643186
vn 0.3106291187875155 -0.9451619659511797 -0.10088809979671898
vn 0.26376000208747497 -0.9537988959726443 -0.1438691326872444
vn 0.1993306252113024 -0.9594449270607676 -0.19933071461826835
vn 0.14630817430469803 -0.9549932841196132 -0.25803438805334045
vn 0.10054706287222231 -0.9472590218661435 -0.3042870908220826
vn 0.07729481428689568 -0.9328690787633498 -0.35182494734110814
vn 0 -0.9378700334686586 -0.3469867437258906
vn -0.07729489818498604 -0.932869102197758 -0.3518248667722649
vn -0.10054706287222231 -0.9472590218661435 -0.3042870908220826
vn -0.14630817430469803 -0.9549932841196132 -0.25803438805334045
vn -0.1993306252113024 -0.9594449270607676 -0.19933071461826835
vn -0.26376000208747497 -0.9537988959726443 -0.1438691326872444
vn -0.3106291187875155 -0.9451619659511797 -0.10088809979671898
vn -0.36471089109511706 -0.927867397017128 -0.07776927072607463
vn -0.3561003811846709 -0.934447707750483 0
vn -0.3647108137918517 -0.9278674278103725 0.07776926585643186
vn -0.3106291187875155 -0.9451619659511797 0.10088809979671898
vn -0.26376008527445616 -0.953798873480173 0.1438691292945247
vn -0.19933055134796862 -0.9594449422728497 0.1993307152607523
vn -0.1463080733545044 -0.9549933060378089 0.2580343641732026
vn 0 -0.9841595354169853 0.1772851061082785
vn 0.07107795122488116 -0.9950912873460165 0.06885676944005482
vn 0.19302182431078826 -0.9811944635696509 0
vn 0.07107795122488116 -0.9950912873460165 -0.06885676944005482
vn 0 -0.9841595354169853 -0.1772851061082785
vn -0.07107795122488116 -0.9950912873460165 -0.06885676944005482
vn -0.19302189909803835 -0.981194448857405 0
vn -0.07107795122488116 -0.9950912873460165 0.06885676944005482
vn -0.2588559442914909 -0.9659159384257828 0
vn -0.2588559442914909 -0.9659159384257828 0
vn -0.8660965314957368 -0.4998767829486123 0
vn -0.9659159384257828 0.2588559442914909 0
vn -0.9659159384257828 0.2588559442914909 0
vn -0.8660965314957368 -0.4998767829486123 0
vn -0.2588559442914909 -0.9659159384257828 0
vn -0.2588559442914909 -0.9659159384257828 0
vn -0.2588559442914909 -0.9659159384257828 0
vn -0.2588559442914909 -0.9659159384257828 0
vn 0 0 -1
vn -0.0724453345852989 0.01917668462898708 -0.9971880104892279
vn 0 0 -1
vn -0.0724453345852989 0.01917668462898708 -0.9971880104892279
vn -0.2699823366355283 0.07131615246339262 -0.9602205706516802
vn -0.2699823366355283 0.07131615246339262 -0.9602205706516802
vn -0.5278398812605057 0.14154365181371803 -0.8374666885208821
vn -0.5278398812605057 0.14154365181371803 -0.8374666885208821
vn -0.7755673695771111 0.20702390720418312 -0.5963525443000595
vn -0.7755673695771111 0.20702390720418312 -0.5963525443000595
vn -0.9410750392226143 0.2526190153753152 -0.22485863030571326
vn -0.9410750392226143 0.2526190153753152 -0.22485863030571326
vn -0.9410750392226143 0.2526190153753152 0.22485863030571326
vn -0.9410750392226143 0.2526190153753152 0.22485863030571326
vn -0.7755673695771111 0.20702390720418312 0.5963525443000595
vn -0.7755673695771111 0.20702390720418312 0.5963525443000595
vn -0.5278398812605057 0.14154365181371803 0.8374666885208821
vn -0.5278398812605057 0.14154365181371803 0.8374666885208821
vn -0.2699823366355283 0.07131615246339262 0.9602205706516802
vn -0.2699823366355283 0.07131615246339262 0.9602205706516802
vn -0.07244526779143656 0.019176749890745137 0.9971880140867392
vn -0.07244526779143656 0.019176749890745137 0.9971880140867392
vn 0 0 1
vn 0 0 1
vn 0 0 -1
vn -0.0724453345852989 0.01917668462898708 -0.9971880104892279
vn 0 0 -1
vn -0.0724453345852989 0.01917668462898708 -0.9971880104892279
vn -0.2699823366355283 0.07131615246339262 -0.9602205706516802
vn -0.2699823366355283 0.07131615246339262 -0.9602205706516802
vn -0.5278398812605057 0.14154365181371803 -0.8374666885208821
vn -0.5278398812605057 0.14154365181371803 -0.8374666885208821
vn -0.7755673695771111 0.20702390720418312 -0.5963525443000595
vn -0.7755673695771111 0.20702390720418312 -0.5963525443000595
vn -0.9410750392226143 0.2526190153753152 -0.22485863030571326
vn -0.9410750392226143 0.2526190153753152 -0.22485863030571326
vn -0.9410750392226143 0.2526190153753152 0.22485863030571326
vn -0.9410750392226143 0.2526190153753152 0.22485863030571326
vn -0.7755673695771111 0.20702390720418312 0.5963525443000595
vn -0.7755673695771111 0.20702390720418312 0.5963525443000595
vn -0.5278398812605057 0.14154365181371803 0.8374666885208821
vn -0.5278398812605057 0.14154365181371803 0.8374666885208821
vn -0.2699823366355283 0.07131615246339262 0.9602205706516802
vn -0.2699823366355283 0.07131615246339262 0.9602205706516802
vn -0.07244526779143656 0.019176749890745137 0.9971880140867392
vn -0.07244526779143656 0.019176749890745137 0.9971880140867392
vn 0 0 1
vn 0 0 1
vn 0 0 -1
vn -0.0724453345852989 0.01917668462898708 -0.9971880104892279
vn 0 0 -1
vn -0.0724453345852989 0.01917668462898708 -0.9971880104892279
vn -0.2699823366355283 0.07131615246339262 -0.9602205706516802
vn -0.2699823366355283 0.07131615246339262 -0.9602205706516802
vn -0.5278398812605057 0.14154365181371803 -0.8374666885208821
vn -0.5278398812605057 0.14154365181371803 -0.8374666885208821
vn -0.7755673695771111 0.20702390720418312 -0.5963525443000595
vn -0.7755673695771111 0.20702390720418312 -0.5963525443000595
vn -0.9410750392226143 0.2526190153753152 -0.22485863030571326
vn -0.9410750392226143 0.2526190153753152 -0.22485863030571326
vn -0.9410750392226143 0.2526190153753152 0.22485863030571326
vn -0.9410750392226143 0.2526190153753152 0.22485863030571326
vn -0.7755673695771111 0.20702390720418312 0.5963525443000595
vn -0.7755673695771111 0.20702390720418312 0.5963525443000595
vn -0.5278398812605057 0.14154365181371803 0.8374666885208821
vn -0.5278398812605057 0.14154365181371803 0.8374666885208821
vn -0.2699823366355283 0.07131615246339262 0.9602205706516802
vn -0.2699823366355283 0.07131615246339262 0.9602205706516802
vn -0.07244526779143656 0.019176749890745137 0.9971880140867392
vn -0.07244526779143656 0.019176749890745137 0.9971880140867392
vn 0 0 1
vn 0 0 1
f 1801/1801/1801 1802/1802/1802 1803/1803/1803
f 1803/1803/1803 1802/1802/1802 1804/1804/1804
f 1804/1804/1804 1802/1802/1802 1805/1805/1805
f 1805/1805/1805 1802/1802/1802 1806/1806/1806
f 1806/1806/1806 1802/1802/1802 1807/1807/1807
f 1807/1807/1807 1802/1802/1802 1808/1808/1808
f 1808/1808/1808 1802/1802/1802 1809/1809/1809
f 1809/1809/1809 1802/1802/1802 1810/1810/1810
f 1810/1810/1810 1802/1802/1802 1811/1811/1811
f 1811/1811/1811 1802/1802/1802 1812/1812/1812
f 1812/1812/1812 1802/1802/1802 1813/1813/1813
f 1813/1813/1813 1802/1802/1802 1814/1814/1814
f 1814/1814/1814 1802/1802/1802 1815/1815/1815
f 1815/1815/1815 1802/1802/1802 1816/1816/1816
f 1816/1816/1816 1802/1802/1802 1817/1817/1817
f 1817/1817/1817 1802/1802/1802 1818/1818/1818
f 1818/1818/1818 1802/1802/1802 1819/1819/1819
f 1819/1819/1819 1802/1802/1802 1820/1820/1820
f 1820/1820/1820 1802/1802/1802 1821/1821/1821
f 1821/1821/1821 1802/1802/1802 1822/1822/1822
f 1822/1822/1822 1802/1802/1802 1823/1823/1823
f 1823/1823/1823 1802/1802/1802 1824/1824/1824
f 1824/1824/1824 1802/1802/1802 1825/1825/1825
f 1825/1825/1825 1802/1802/1802 1826/1826/1826
f 1826/1826/1826 1802/1802/1802 1827/1827/1827
f 1827/1827/1827 1802/1802/1802 1828/1828/1828
f 1828/1828/1828 1802/1802/1802 1829/1829/1829
f 1829/1829/1829 1802/1802/1802 1830/1830/1830
f 1830/1830/1830 1802/1802/1802 1831/1831/1831
f 1831/1831/1831 1802/1802/1802 1832/1832/1832
f 1832/1832/1832 1802/1802/1802 1833/1833/1833
f 1802/1802/1802 1801/1801/1801 1833/1833/1833
f 1833/1833/1833 1801/1801/1801 1834/1834/1834
f 1834/1834/1834 1801/1801/1801 1835/1835/1835
f 1801/1801/1801 1803/1803/1803 1835/1835/1835
f 1835/1835/1835 1803/1803/1803 1836/1836/1836
f 1803/1803/1803 1804/1804/1804 1836/1836/1836
f 1836/1836/1836 1804/1804/1804 1837/1837/1837
f 1804/1804/1804 1805/1805/1805 1837/1837/1837
f 1837/1837/1837 1805/1805/1805 1838/1838/1838
f 1805/1805/1805 1806/1806/1806 1838/1838/1838
f 1838/1838/1838 1806/1806/1806 1839/1839/1839
f 1806/1806/1806 1807/1807/1807 1839/1839/1839
f 1839/1839/1839 1807/1807/1807 1840/1840/1840
f 1807/1807/1807 1808/1808/1808 1840/1840/1840
f 1840/1840/1840 1808/1808/1808 1841/1841/1841
f 1808/1808/1808 1809/1809/1809 1841/1841/1841
f 1841/1841/1841 1809/1809/1809 1842/1842/1842
f 1809/1809/1809 1810/1810/1810 1842/1842/1842
f 1842/1842/1842 1810/1810/1810 1843/1843/1843
f 1810/1810/1810 1811/1811/1811 1843/1843/1843
f 1843/1843/1843 1811/1811/1811 1844/1844/1844
f 1811/1811/1811 1812/1812/1812 1844/1844/1844
f 1844/1844/1844 1812/1812/1812 1845/1845/1845
f 1812/1812/1812 1813/1813/1813 1845/1845/1845
f 1845/1845/1845 1813/1813/1813 1846/1846/1846
f 1813/1813/1813 1814/1814/1814 1846/1846/1846
f 1846/1846/1846 1814/1814/1814 1847/1847/1847
f 1814/1814/1814 1815/1815/1815 1847/1847/1847
f 1847/1847/1847 1815/1815/1815 1848/1848/1848
f 1815/1815/1815 1816/1816/1816 1848/1848/1848
f 1848/1848/1848 1816/1816/1816 1849/1849/1849
f 1816/1816/1816 1817/1817/1817 1849/1849/1849
f 1849/1849/1849 1817/1817/1817 1850/1850/1850
f 1817/1817/1817 1818/1818/1818 1850/1850/1850
f 1850/1850/1850 1818/1818/1818 1851/1851/1851
f 1818/1818/1818 1819/1819/1819 1851/1851/1851
f 1851/1851/1851 1819/1819/1819 1852/1852/1852
f 1819/1819/1819 1820/1820/1820 1852/1852/1852
f 1852/1852/1852 1820/1820/1820 1853/1853/1853
f 1820/1820/1820 1821/1821/1821 1853/1853/1853
f 1853/1853/1853 1821/1821/1821 1854/1854/1854
f 1821/1821/1821 1822/1822/1822 1854/1854/1854
f 1854/1854/1854 1822/1822/1822 1855/1855/1855
f 1822/1822/1822 1823/1823/1823 1855/1855/1855
f 1855/1855/1855 1823/1823/1823 1856/1856/1856
f 1823/1823/1823 1824/1824/1824 1856/1856/1856
f 1856/1856/1856 1824/1824/1824 1857/1857/1857
f 1824/1824/1824 1825/1825/1825 1857/1857/1857
f 1857/1857/1857 1825/1825/1825 1858/1858/1858
f 1825/1825/1825 1826/1826/1826 1858/1858/1858
f 1858/1858/1858 1826/1826/1826 1859/1859/1859
f 1826/1826/1826 1827/1827/1827 1859/1859/1859
f 1859/1859/1859 1827/1827/1827 1860/1860/1860
f 1827/1827/1827 1828/1828/1828 1860/1860/1860
f 1860/1860/1860 1828/1828/1828 1861/1861/1861
f 1828/1828/1828 1829/1829/1829 1861/1861/1861
f 1861/1861/1861 1829/1829/1829 1862/1862/1862
f 1829/1829/1829 1830/1830/1830 1862/1862/1862
f 1862/1862/1862 1830/1830/1830 1863/1863/1863
f 1830/1830/1830 1831/1831/1831 1863/1863/1863
f 1863/1863/1863 1831/1831/1831 1864/1864/1864
f 1831/1831/1831 1832/1832/1832 1864/1864/1864
f 1864/1864/1864 1832/1832/1832 1865/1865/1865
f 1832/1832/1832 1833/1833/1833 1865/1865/1865
f 1833/1833/1833 1834/1834/1834 1865/1865/1865
f 1865/1865/1865 1834/1834/1834 1866/1866/1866
f 1866/1866/1866 1834/1834/1834 1867/1867/1867
f 1834/1834/1834 1835/1835/1835 1867/1867/1867
f 1867/1867/1867 1835/1835/1835 1868/1868/1868
f 1835/1835/1835 1836/1836/1836 1868/1868/1868
f 1868/1868/1868 1836/1836/1836 1869/1869/1869
f 1836/1836/1836 1837/1837/1837 1869/1869/1869
f 1869/1869/1869 1837/1837/1837 1870/1870/1870
f 1837/1837/1837 1838/1838/1838 1870/1870/1870
f 1870/1870/1870 1838/1838/1838 1871/1871/1871
f 1838/1838/1838 1839/1839/1839 1871/1871/1871
f 1871/1871/1871 1839/1839/1839 1872/1872/1872
f 1839/1839/1839 1840/1840/1840 1872/1872/1872
f 1872/1872/1872 1840/1840/1840 1873/1873/1873
f 1840/1840/1840 1841/1841/1841 1873/1873/1873
f 1873/1873/1873 1841/1841/1841 1874/1874/1874
f 1841/1841/1841 1842/1842/1842 1874/1874/1874
f 1874/1874/1874 1842/1842/1842 1875/1875/1875
f 1842/1842/1842 1843/1843/1843 1875/1875/1875
f 1875/1875/1875 1843/1843/1843 1876/1876/1876
f 1843/1843/1843 1844/1844/1844 1876/1876/1876
f 1876/1876/1876 1844/1844/1844 1877/1877/1877
f 1844/1844/1844 1845/1845/1845 1877/1877/1877
f 1877/1877/1877 1845/1845/1845 1878/1878/1878
f 1845/1845/1845 1846/1846/1846 1878/1878/1878
f 1878/1878/1878 1846/1846/1846 1879/1879/1879
f 1846/1846/1846 1847/1847/1847 1879/1879/1879
f 1879/1879/1879 1847/1847/1847 1880/1880/1880
f 1847/1847/1847 1848/1848/1848 1880/1880/1880
f 1880/1880/1880 1848/1848/1848 1881/1881/1881
f 1848/1848/1848 1849/1849/1849 1881/1881/1881
f 1881/1881/1881 1849/1849/1849 1882/1882/1882
f 1849/1849/1849 1850/1850/1850 1882/1882/1882
f 1882/1882/1882 1850/1850/1850 1883/1883/1883
f 1850/1850/1850 1851/1851/1851 1883/1883/1883
f 1883/1883/1883 1851/1851/1851 1884/1884/1884
f 1851/1851/1851 1852/1852/1852 1884/1884/1884
f 1884/1884/1884 1852/1852/1852 1885/1885/1885
f 1852/1852/1852 1853/1853/1853 1885/1885/1885
f 1885/1885/1885 1853/1853/1853 1886/1886/1886
f 1853/1853/1853 1854/1854/1854 1886/1886/1886
f 1886/1886/1886 1854/1854/1854 1887/1887/1887
f 1854/1854/1854 1855/1855/1855 1887/1887/1887
f 1887/1887/1887 1855/1855/1855 1888/1888/1888
f 1855/1855/1855 1856/1856/1856 1888/1888/1888
f 1888/1888/1888 1856/1856/1856 1889/1889/1889
f 1856/1856/1856 1857/1857/1857 1889/1889/1889
f 1889/1889/1889 1857/1857/1857 1890/1890/1890
f 1857/1857/1857 1858/1858/1858 1890/1890/1890
f 1890/1890/1890 1858/1858/1858 1891/1891/1891
f 1858/1858/1858 1859/1859/1859 1891/1891/1891
f 1891/1891/1891 1859/1859/1859 1892/1892/1892
f 1859/1859/1859 1860/1860/1860 1892/1892/1892
f 1892/1892/1892 1860/1860/1860 1893/1893/1893
f 1860/1860/1860 1861/1861/1861 1893/1893/1893
f 1893/1893/1893 1861/1861/1861 1894/1894/1894
f 1861/1861/1861 1862/1862/1862 1894/1894/1894
f 1894/1894/1894 1862/1862/1862 1895/1895/1895
f 1862/1862/1862 1863/1863/1863 1895/1895/1895
f 1895/1895/1895 1863/1863/1863 1896/1896/1896
f 1863/1863/1863 1864/1864/1864 1896/1896/1896
f 1896/1896/1896 1864/1864/1864 1897/1897/1897
f 1864/1864/1864 1865/1865/1865 1897/1897/1897
f 1865/1865/1865 1866/1866/1866 1897/1897/1897
f 1897/1897/1897 1866/1866/1866 1898/1898/1898
f 1898/1898/1898 1866/1866/1866 1899/1899/1899
f 1866/1866/1866 1867/1867/1867 1899/1899/1899
f 1899/1899/1899 1867/1867/1867 1900/1900/1900
f 1867/1867/1867 1868/1868/1868 1900/1900/1900
f 1900/1900/1900 1868/1868/1868 1901/1901/1901
f 1868/1868/1868 1869/1869/1869 1901/1901/1901
f 1901/1901/1901 1869/1869/1869 1902/1902/1902
f 1869/1869/1869 1870/1870/1870 1902/1902/1902
f 1902/1902/1902 1870/1870/1870 1903/1903/1903
f 1870/1870/1870 1871/1871/1871 1903/1903/1903
f 1903/1903/1903 1871/1871/1871 1904/1904/1904
f 1871/1871/1871 1872/1872/1872 1904/1904/1904
f 1904/1904/1904 1872/1872/1872 1905/1905/1905
f 1872/1872/1872 1873/1873/1873 1905/1905/1905
f 1905/1905/1905 1873/1873/1873 1906/1906/1906
f 1873/1873/1873 1874/1874/1874 1906/1906/1906
f 1906/1906/1906 1874/1874/1874 1907/1907/1907
f 1874/1874/1874 1875/1875/1875 1907/1907/1907
f 1907/1907/1907 1875/1875/1875 1908/1908/1908
f 1875/1875/1875 1876/1876/1876 1908/1908/1908
f 1908/1908/1908 1876/1876/1876 1909/1909/1909
f 1876/1876/1876 1877/1877/1877 1909/1909/1909
f 1909/1909/1909 1877/1877/1877 1910/1910/1910
f 1877/1877/1877 1878/1878/1878 1910/1910/1910
f 1910/1910/1910 1878/1878/1878 1911/1911/1911
f 1878/1878/1878 1879/1879/1879 1911/1911/1911
f 1911/1911/1911 1879/1879/1879 1912/1912/1912
f 1879/1879/1879 1880/1880/1880 1912/1912/1912
f 1912/1912/1912 1880/1880/1880 1913/1913/1913
f 1880/1880/1880 1881/1881/1881 1913/1913/1913
f 1913/1913/1913 1881/1881/1881 1914/1914/1914
f 1881/1881/1881 1882/1882/1882 1914/1914/1914
f 1914/1914/1914 1882/1882/1882 1915/1915/1915
f 1882/1882/1882 1883/1883/1883 1915/1915/1915
f 1915/1915/1915 1883/1883/1883 1916/1916/1916
f 1883/1883/1883 1884/1884/1884 1916/1916/1916
f 1916/1916/1916 1884/1884/1884 1917/1917/1917
f 1884/1884/1884 1885/1885/1885 1917/1917/1917
f 1917/1917/1917 1885/1885/1885 1918/1918/1918
f 1885/1885/1885 1886/1886/1886 1918/1918/1918
f 1918/1918/1918 1886/1886/1886 1919/1919/1919
f 1886/1886/1886 1887/1887/1887 1919/1919/1919
f 1919/1919/1919 1887/1887/1887 1920/1920/1920
f 1887/1887/1887 1888/1888/1888 1920/1920/1920
f 1920/1920/1920 1888/1888/1888 1921/1921/1921
f 1888/1888/1888 1889/1889/1889 1921/1921/1921
f 1921/1921/1921 1889/1889/1889 1922/1922/1922
f 1889/1889/1889 1890/1890/1890 1922/1922/1922
f 1922/1922/1922 1890/1890/1890 1923/1923/1923
f 1890/1890/1890 1891/1891/1891 1923/1923/1923
f 1923/1923/1923 1891/1891/1891 1924/1924/1924
f 1891/1891/1891 1892/1892/1892 1924/1924/1924
f 1924/1924/1924 1892/1892/1892 1925/1925/1925
f 1892/1892/1892 1893/1893/1893 1925/1925/1925
f 1925/1925/1925 1893/1893/1893 1926/1926/1926
f 1893/1893/1893 1894/1894/1894 1926/1926/1926
f 1926/1926/1926 1894/1894/1894 1927/1927/1927
f 1894/1894/1894 1895/1895/1895 1927/1927/1927
f 1927/1927/1927 1895/1895/1895 1928/1928/1928
f 1895/1895/1895 1896/1896/1896 1928/1928/1928
f 1928/1928/1928 1896/1896/1896 1929/1929/1929
f 1896/1896/1896 1897/1897/1897 1929/1929/1929
f 1897/1897/1897 1898/1898/1898 1929/1929/1929
f 1929/1929/1929 1898/1898/1898 1930/1930/1930
f 1930/1930/1930 1898/1898/1898 1931/1931/1931
f 1898/1898/1898 1899/1899/1899 1931/1931/1931
f 1931/1931/1931 1899/1899/1899 1932/1932/1932
f 1899/1899/1899 1900/1900/1900 1932/1932/1932
f 1932/1932/1932 1900/1900/1900 1933/1933/1933
f 1900/1900/1900 1901/1901/1901 1933/1933/1933
f 1933/1933/1933 1901/1901/1901 1934/1934/1934
f 1901/1901/1901 1902/1902/1902 1934/1934/1934
f 1934/1934/1934 1902/1902/1902 1935/1935/1935
f 1902/1902/1902 1903/1903/1903 1935/1935/1935
f 1935/1935/1935 1903/1903/1903 1936/1936/1936
f 1903/1903/1903 1904/1904/1904 1936/1936/1936
f 1936/1936/1936 1904/1904/1904 1937/1937/1937
f 1904/1904/1904 1905/1905/1905 1937/1937/1937
f 1937/1937/1937 1905/1905/1905 1938/1938/1938
f 1905/1905/1905 1906/1906/1906 1938/1938/1938
f 1938/1938/1938 1906/1906/1906 1939/1939/1939
f 1906/1906/1906 1907/1907/1907 1939/1939/1939
f 1939/1939/1939 1907/1907/1907 1940/1940/1940
f 1907/1907/1907 1908/1908/1908 1940/1940/1940
f 1940/1940/1940 1908/1908/1908 1941/1941/1941
f 1908/1908/1908 1909/1909/1909 1941/1941/1941
f 1941/1941/1941 1909/1909/1909 1942/1942/1942
f 1909/1909/1909 1910/1910/1910 1942/1942/1942
f 1942/1942/1942 1910/1910/1910 1943/1943/1943
f 1910/1910/1910 1911/1911/1911 1943/1943/1943
f 1943/1943/1943 1911/1911/1911 1944/1944/1944
f 1911/1911/1911 1912/1912/1912 1944/1944/1944
f 1944/1944/1944 1912/1912/1912 1945/1945/1945
f 1912/1912/1912 1913/1913/1913 1945/1945/1945
f 1945/1945/1945 1913/1913/1913 1946/1946/1946
f 1913/1913/1913 1914/1914/1914 1946/1946/1946
f 1946/1946/1946 1914/1914/1914 1947/1947/1947
f 1914/1914/1914 1915/1915/1915 1947/1947/1947
f 1947/1947/1947 1915/1915/1915 1948/1948/1948
f 1915/1915/1915 1916/1916/1916 1948/1948/1948
f 1948/1948/1948 1916/1916/1916 1949/1949/1949
f 1916/1916/1916 1917/1917/1917 1949/1949/1949
f 1949/1949/1949 1917/1917/1917 1950/1950/1950
f 1917/1917/1917 1918/1918/1918 1950/1950/1950
f 1950/1950/1950 1918/1918/1918 1951/1951/1951
f 1918/1918/1918 1919/1919/1919 1951/1951/1951
f 1951/1951/1951 1919/1919/1919 1952/1952/1952
f 1919/1919/1919 1920/1920/1920 1952/1952/1952
f 1952/1952/1952 1920/1920/1920 1953/1953/1953
f 1920/1920/1920 1921/1921/1921 1953/1953/1953
f 1953/1953/1953 1921/1921/1921 1954/1954/1954
f 1921/1921/1921 1922/1922/1922 1954/1954/1954
f 1954/1954/1954 1922/1922/1922 1955/1955/1955
f 1922/1922/1922 1923/1923/1923 1955/1955/1955
f 1955/1955/1955 1923/1923/1923 1956/1956/1956
f 1923/1923/1923 1924/1924/1924 1956/1956/1956
f 1956/1956/1956 1924/1924/1924 1957/1957/1957
f 1924/1924/1924 1925/1925/1925 1957/1957/1957
f 1957/1957/1957 1925/1925/1925 1958/1958/1958
f 1925/1925/1925 1926/1926/1926 1958/1958/1958
f 1958/1958/1958 1926/1926/1926 1959/1959/1959
f 1926/1926/1926 1927/1927/1927 1959/1959/1959
f 1959/1959/1959 1927/1927/1927 1960/1960/1960
f 1927/1927/1927 1928/1928/1928 1960/1960/1960
f 1960/1960/1960 1928/1928/1928 1961/1961/1961
f 1928/1928/1928 1929/1929/1929 1961/1961/1961
f 1929/1929/1929 1930/1930/1930 1961/1961/1961
f 1961/1961/1961 1930/1930/1930 1962/1962/1962
f 1930/1930/1930 1931/1931/1931 1962/1962/1962
f 1931/1931/1931 1932/1932/1932 1962/1962/1962
f 1932/1932/1932 1933/1933/1933 1962/1962/1962
f 1933/1933/1933 1934/1934/1934 1962/1962/1962
f 1962/1962/1962 1934/1934/1934 1963/1963/1963
f 1934/1934/1934 1935/1935/1935 1963/1963/1963
f 1935/1935/1935 1936/1936/1936 1963/1963/1963
f 1936/1936/1936 1937/1937/1937 1963/1963/1963
f 1963/1963/1963 1937/1937/1937 1964/1964/1964
f 1937/1937/1937 1938/1938/1938 1964/1964/1964
f 1938/1938/1938 1939/1939/1939 1964/1964/1964
f 1939/1939/1939 1940/1940/1940 1964/1964/1964
f 1940/1940/1940 1941/1941/1941 1964/1964/1964
f 1941/1941/1941 1942/1942/1942 1964/1964/1964
f 1964/1964/1964 1942/1942/1942 1965/1965/1965
f 1942/1942/1942 1943/1943/1943 1965/1965/1965
f 1943/1943/1943 1944/1944/1944 1965/1965/1965
f 1944/1944/1944 1945/1945/1945 1965/1965/1965
f 1965/1965/1965 1945/1945/1945 1966/1966/1966
f 1945/1945/1945 1946/1946/1946 1966/1966/1966
f 1946/1946/1946 1947/1947/1947 1966/1966/1966
f 1947/1947/1947 1948/1948/1948 1966/1966/1966
f 1948/1948/1948 1949/1949/1949 1966/1966/1966
f 1949/1949/1949 1950/1950/1950 1966/1966/1966
f 1966/1966/1966 1950/1950/1950 1967/1967/1967
f 1950/1950/1950 1951/1951/1951 1967/1967/1967
f 1951/1951/1951 1952/1952/1952 1967/1967/1967
f 1952/1952/1952 1953/1953/1953 1967/1967/1967
f 1967/1967/1967 1953/1953/1953 1968/1968/1968
f 1953/1953/1953 1954/1954/1954 1968/1968/1968
f 1954/1954/1954 1955/1955/1955 1968/1968/1968
f 1955/1955/1955 1956/1956/1956 1968/1968/1968
f 1956/1956/1956 1957/1957/1957 1968/1968/1968
f 1957/1957/1957 1958/1958/1958 1968/1968/1968
f 1968/1968/1968 1958/1958/1958 1969/1969/1969
f 1958/1958/1958 1959/1959/1959 1969/1969/1969
f 1959/1959/1959 1960/1960/1960 1969/1969/1969
f 1960/1960/1960 1961/1961/1961 1969/1969/1969
f 1961/1961/1961 1962/1962/1962 1969/1969/1969
f 1970/1970/1970 1971/1971/1971 1972/1972/1972
f 1973/1973/1973 1972/1972/1972 1974/1974/1974
f 1974/1974/1974 1972/1972/1972 1975/1975/1975
f 1972/1972/1972 1971/1971/1971 1975/1975/1975
f 1976/1976/1976 1977/1977/1977 1978/1978/1978
f 1977/1977/1977 1979/1979/1979 1978/1978/1978
f 1980/1980/1980 1981/1981/1981 1982/1982/1982
f 1982/1982/1982 1981/1981/1981 1983/1983/1983
f 1981/1981/1981 1984/1984/1984 1983/1983/1983
f 1983/1983/1983 1984/1984/1984 1985/1985/1985
f 1984/1984/1984 1986/1986/1986 1985/1985/1985
f 1985/1985/1985 1986/1986/1986 1987/1987/1987
f 1986/1986/1986 1988/1988/1988 1987/1987/1987
f 1987/1987/1987 1988/1988/1988 1989/1989/1989
f 1988/1988/1988 1990/1990/1990 1989/1989/1989
f 1989/1989/1989 1990/1990/1990 1991/1991/1991
f 1990/1990/1990 1992/1992/1992 1991/1991/1991
f 1991/1991/1991 1992/1992/1992 1993/1993/1993
f 1992/1992/1992 1994/1994/1994 1993/1993/1993
f 1993/1993/1993 1994/1994/1994 1995/1995/1995
f 1994/1994/1994 1996/1996/1996 1995/1995/1995
f 1995/1995/1995 1996/1996/1996 1997/1997/1997
f 1996/1996/1996 1998/1998/1998 1997/1997/1997
f 1997/1997/1997 1998/1998/1998 1999/1999/1999
f 1998/1998/1998 2000/2000/2000 1999/1999/1999
f 1999/1999/1999 2000/2000/2000 2001/2001/2001
f 2000/2000/2000 2002/2002/2002 2001/2001/2001
f 2002/2002/2002 2003/2003/2003 2001/2001/2001
f 2004/2004/2004 2005/2005/2005 2006/2006/2006
f 2006/2006/2006 2005/2005/2005 2007/2007/2007
f 2005/2005/2005 2008/2008/2008 2007/2007/2007
f 2007/2007/2007 2008/2008/2008 2009/2009/2009
f 2008/2008/2008 2010/2010/2010 2009/2009/2009
f 2009/2009/2009 2010/2010/2010 2011/2011/2011
f 2010/2010/2010 2012/2012/2012 2011/2011/2011
f 2011/2011/2011 2012/2012/2012 2013/2013/2013
f 2012/2012/2012 2014/2014/2014 2013/2013/2013
f 2013/2013/2013 2014/2014/2014 2015/2015/2015
f 2014/2014/2014 2016/2016/2016 2015/2015/2015
f 2015/2015/2015 2016/2016/2016 2017/2017/2017
f 2016/2016/2016 2018/2018/2018 2017/2017/2017
f 2017/2017/2017 2018/2018/2018 2019/2019/2019
f 2018/2018/2018 2020/2020/2020 2019/2019/2019
f 2019/2019/2019 2020/2020/2020 2021/2021/2021
f 2020/2020/2020 2022/2022/2022 2021/2021/2021
f 2021/2021/2021 2022/2022/2022 2023/2023/2023
f 2022/2022/2022 2024/2024/2024 2023/2023/2023
f 2023/2023/2023 2024/2024/2024 2025/2025/2025
f 2024/2024/2024 2026/2026/2026 2025/2025/2025
f 2026/2026/2026 2027/2027/2027 2025/2025/2025
f 2028/2028/2028 2029/2029/2029 2030/2030/2030
f 2030/2030/2030 2029/2029/2029 2031/2031/2031
f 2029/2029/2029 2032/2032/2032 2031/2031/2031
f 2031/2031/2031 2032/2032/2032 2033/2033/2033
f 2032/2032/2032 2034/2034/2034 2033/2033/2033
f 2033/2033/2033 2034/2034/2034 2035/2035/2035
f 2034/2034/2034 2036/2036/2036 2035/2035/2035
f 2035/2035/2035 2036/2036/2036 2037/2037/2037
f 2036/2036/2036 2038/2038/2038 2037/2037/2037
f 2037/2037/2037 2038/2038/2038 2039/2039/2039
f 2038/2038/2038 2040/2040/2040 2039/2039/2039
f 2039/2039/2039 2040/2040/2040 2041/2041/2041
f 2040/2040/2040 2042/2042/2042 2041/2041/2041
f 2041/2041/2041 2042/2042/2042 2043/2043/2043
f 2042/2042/2042 2044/2044/2044 2043/2043/2043
f 2043/2043/2043 2044/2044/2044 2045/2045/2045
f 2044/2044/2044 2046/2046/2046 2045/2045/2045
f 2045/2045/2045 2046/2046/2046 2047/2047/2047
f 2046/2046/2046 2048/2048/2048 2047/2047/2047
f 2047/2047/2047 2048/2048/2048 2049/2049/2049
f 2048/2048/2048 2050/2050/2050 2049/2049/2049
f 2050/2050/2050 2051/2051/2051 2049/2049/2049
o shiny_panel
usemtl shiny_panel
v -0.9256955683231354 -1.138839602470398 0.8905234336853027
v 0.892865389585495 -1.138839602470398 0.8905234336853027
v -0.9256955683231354 -1.138839602470398 3.3011531829833984
v 0.892865389585495 -1.138839602470398 3.3011531829833984
v -0.9256955683231354 -1.138839602470398 3.3759500980377197
v 0.892865389585495 -1.138839602470398 3.3759500980377197
v -0.9256955683231354 -1.138839602470398 5.787030220031738
v 0.892865389585495 -1.138839602470398 5.787030220031738
v -0.9256955683231354 -1.138839602470398 5.861827373504639
v 0.892865389585495 -1.138839602470398 5.861827373504639
v -0.9256955683231354 -1.138839602470398 8.272457122802734
v 0.892865389585495 -1.138839602470398 8.272457122802734
vt 0.013663236051797867 0.9909725785255432
vt 0.013663236051797867 0.6228691339492798
vt 0.6137363314628601 0.9909725785255432
vt 0.6137363314628601 0.6228691339492798
vt 0.013663236051797867 0.9909725785255432
vt 0.013663236051797867 0.6228691339492798
vt 0.6137363314628601 0.9909725785255432
vt 0.6137363314628601 0.6228691339492798
vt 0.013663236051797867 0.9909725785255432
vt 0.013663236051797867 0.6228691339492798
vt 0.6137363314628601 0.9909725785255432
vt 0.6137363314628601 0.6228691339492798
vn 0 -1 0
vn 0 -1 0
vn 0 -1 0
vn 0 -1 0
vn 0 -1 0
vn 0 -1 0
vn 0 -1 0
vn 0 -1 0
vn 0 -1 0
vn 0 -1 0
vn 0 -1 0
vn 0 -1 0
f 2052/2052/2052 2053/2053/2053 2054/2054/2054
f 2053/2053/2053 2055/2055/2055 2054/2054/2054
f 2056/2056/2056 2057/2057/2057 2058/2058/2058
f 2057/2057/2057 2059/2059/2059 2058/2058/2058
f 2060/2060/2060 2061/2061/2061 2062/2062/2062
f 2061/2061/2061 2063/2063/2063 2062/2062/2062
o tex_01
usemtl tex_01
v -0.0072724223136901855 -1.0823214054107666 0.8819494247436523
v -0.0072724223136901855 -1.0741188526153564 0.874840497970581
v -0.0072724223136901855 -1.092711329460144 0.885230541229248
v -0.0072724223136901855 -1.0691972970962524 0.866091251373291
v -0.0072724223136901855 -1.1025543212890625 0.885230541229248
v -0.0072724223136901855 -1.0675567388534546 0.8562479019165039
v -0.0072724223136901855 -1.0691972970962524 0.845858097076416
v -0.006725609302520752 -1.111850619316101 0.8814024925231934
v -0.0072724223136901855 -1.0746656656265259 0.836561918258667
v -0.006725609302520752 -1.1200531721115112 0.8742938041687012
v -0.006725609302520752 -1.1249747276306152 0.8644504547119141
v -0.006725609302520752 -1.0823214054107666 0.8305468559265137
v -0.006725609302520752 -1.106929063796997 0.8125009536743164
v -0.006725609302520752 -1.126068353652954 0.8546075820922852
v -0.006725609302520752 -1.1233341693878174 0.8250784873962402
v -0.006725609302520752 -1.1233341693878174 0.8250784873962402
v 0.004757940769195557 -1.1233341693878174 0.8250784873962402
v -0.006725609302520752 -1.126068353652954 0.8546075820922852
v 0.004757940769195557 -1.126068353652954 0.8546075820922852
v -0.006725609302520752 -1.1249747276306152 0.8644504547119141
v 0.004757940769195557 -1.1249747276306152 0.8644504547119141
v -0.006725609302520752 -1.1200531721115112 0.8742938041687012
v 0.004757940769195557 -1.1200531721115112 0.8742938041687012
v -0.006725609302520752 -1.111850619316101 0.8814024925231934
v 0.004757940769195557 -1.111850619316101 0.8814024925231934
v -0.0072724223136901855 -1.1025543212890625 0.885230541229248
v 0.004757940769195557 -1.1025543212890625 0.885230541229248
v -0.0072724223136901855 -1.092711329460144 0.885230541229248
v 0.004757940769195557 -1.092711329460144 0.885230541229248
v -0.0072724223136901855 -1.0823214054107666 0.8819494247436523
v 0.004757940769195557 -1.106929063796997 0.8125009536743164
v -0.006725609302520752 -1.106929063796997 0.8125009536743164
v 0.004757940769195557 -1.0823214054107666 0.8305468559265137
v -0.006725609302520752 -1.0823214054107666 0.8305468559265137
v 0.004757940769195557 -1.0746656656265259 0.836561918258667
v -0.0072724223136901855 -1.0746656656265259 0.836561918258667
v 0.004757940769195557 -1.0691972970962524 0.845858097076416
v -0.0072724223136901855 -1.0691972970962524 0.845858097076416
v 0.004757940769195557 -1.0675567388534546 0.8562479019165039
v -0.0072724223136901855 -1.0675567388534546 0.8562479019165039
v 0.004757940769195557 -1.0691972970962524 0.866091251373291
v -0.0072724223136901855 -1.0691972970962524 0.866091251373291
v 0.004757940769195557 -1.0741188526153564 0.874840497970581
v -0.0072724223136901855 -1.0741188526153564 0.874840497970581
v 0.004757940769195557 -1.0823214054107666 0.8819494247436523
v 0.004757940769195557 -1.1233341693878174 0.8250784873962402
v 0.004757940769195557 -1.106929063796997 0.8125009536743164
v 0.004757940769195557 -1.126068353652954 0.8546075820922852
v 0.004757940769195557 -1.1249747276306152 0.8644504547119141
v 0.004757940769195557 -1.0823214054107666 0.8305468559265137
v 0.004757940769195557 -1.0746656656265259 0.836561918258667
v 0.004757940769195557 -1.1200531721115112 0.8742938041687012
v 0.004757940769195557 -1.111850619316101 0.8814024925231934
v 0.004757940769195557 -1.0691972970962524 0.845858097076416
v 0.004757940769195557 -1.1025543212890625 0.885230541229248
v 0.004757940769195557 -1.0675567388534546 0.8562479019165039
v 0.004757940769195557 -1.0691972970962524 0.866091251373291
v 0.004757940769195557 -1.092711329460144 0.885230541229248
v 0.004757940769195557 -1.0741188526153564 0.874840497970581
v 0.004757940769195557 -1.0823214054107666 0.8819494247436523
v 0.09936076402664185 -1.082868218421936 0.8425769805908203
v 0.09936076402664185 -1.077946662902832 0.8513264656066895
v 0.09936076402664185 -1.0899771451950073 0.8382024765014648
v 0.09936076402664185 -1.0981796979904175 0.836561918258667
v 0.09936076402664185 -1.1074758768081665 0.8398427963256836
v 0.09936076402664185 -1.077946662902832 0.8606228828430176
v 0.09936076402664185 -1.0817745923995972 0.8682785034179688
v 0.09936076402664185 -1.1134910583496094 0.846951961517334
v 0.09936076402664185 -1.106929063796997 0.8989014625549316
v 0.09936076402664185 -1.116225242614746 0.8551545143127441
v 0.09936076402664185 -1.1156784296035767 0.895073413848877
v 0.0873304009437561 -1.082868218421936 0.8425769805908203
v 0.0873304009437561 -1.0899771451950073 0.8382024765014648
v 0.0873304009437561 -1.077946662902832 0.8513264656066895
v 0.0873304009437561 -1.1156784296035767 0.895073413848877
v 0.0873304009437561 -1.106929063796997 0.8989014625549316
v 0.0873304009437561 -1.116225242614746 0.8551545143127441
v 0.0873304009437561 -1.1134910583496094 0.846951961517334
v 0.0873304009437561 -1.0817745923995972 0.8682785034179688
v 0.0873304009437561 -1.1074758768081665 0.8398427963256836
v 0.0873304009437561 -1.077946662902832 0.8606228828430176
v 0.0873304009437561 -1.0981796979904175 0.836561918258667
v 0.0873304009437561 -1.106929063796997 0.8989014625549316
v 0.09936076402664185 -1.106929063796997 0.8989014625549316
v 0.0873304009437561 -1.0817745923995972 0.8682785034179688
v 0.09936076402664185 -1.0817745923995972 0.8682785034179688
v 0.0873304009437561 -1.077946662902832 0.8606228828430176
v 0.09936076402664185 -1.077946662902832 0.8606228828430176
v 0.0873304009437561 -1.077946662902832 0.8513264656066895
v 0.09936076402664185 -1.077946662902832 0.8513264656066895
v 0.0873304009437561 -1.082868218421936 0.8425769805908203
v 0.09936076402664185 -1.082868218421936 0.8425769805908203
v 0.0873304009437561 -1.0899771451950073 0.8382024765014648
v 0.09936076402664185 -1.0899771451950073 0.8382024765014648
v 0.0873304009437561 -1.0981796979904175 0.836561918258667
v 0.09936076402664185 -1.0981796979904175 0.836561918258667
v 0.0873304009437561 -1.1074758768081665 0.8398427963256836
v 0.09936076402664185 -1.1074758768081665 0.8398427963256836
v 0.0873304009437561 -1.1134910583496094 0.846951961517334
v 0.09936076402664185 -1.1134910583496094 0.846951961517334
v 0.0873304009437561 -1.116225242614746 0.8551545143127441
v 0.09936076402664185 -1.116225242614746 0.8551545143127441
v 0.0873304009437561 -1.1156784296035767 0.895073413848877
v 0.09936076402664185 -1.1156784296035767 0.895073413848877
v 0.0873304009437561 -1.106929063796997 0.8989014625549316
v 0.09936076402664185 -1.106929063796997 0.8989014625549316
v -0.11992096900939941 -1.0757594108581543 0.8682785034179688
v -0.11992096900939941 -1.0965391397476196 0.8562479019165039
v -0.11992096900939941 -1.0845087766647339 0.8770279884338379
v -0.11992096900939941 -1.0965391397476196 0.8797621726989746
v -0.11992096900939941 -1.108569622039795 0.8770279884338379
v -0.11992096900939941 -1.1173189878463745 0.8682785034179688
v -0.11992096900939941 -1.1205999851226807 0.8562479019165039
v -0.11992096900939941 -1.1173189878463745 0.8442177772521973
v -0.11992096900939941 -1.108569622039795 0.8354682922363281
v -0.11992096900939941 -1.0965391397476196 0.8321871757507324
v -0.11992096900939941 -1.0845087766647339 0.8354682922363281
v -0.11992096900939941 -1.0757594108581543 0.8442177772521973
v -0.11992096900939941 -1.0730252265930176 0.8562479019165039
v -0.01930290460586548 -1.0730252265930176 0.8562479019165039
v -0.01930290460586548 -1.0763062238693237 0.8442177772521973
v -0.11992096900939941 -1.0730252265930176 0.8562479019165039
v -0.11992096900939941 -1.0757594108581543 0.8442177772521973
v -0.01930290460586548 -1.0850555896759033 0.8354682922363281
v -0.11992096900939941 -1.0845087766647339 0.8354682922363281
v -0.01930290460586548 -1.0965391397476196 0.8321871757507324
v -0.11992096900939941 -1.0965391397476196 0.8321871757507324
v -0.01930290460586548 -1.108569622039795 0.8354682922363281
v -0.11992096900939941 -1.108569622039795 0.8354682922363281
v -0.01930290460586548 -1.1173189878463745 0.8442177772521973
v -0.11992096900939941 -1.1173189878463745 0.8442177772521973
v -0.01930290460586548 -1.1205999851226807 0.8562479019165039
v -0.11992096900939941 -1.1205999851226807 0.8562479019165039
v -0.01930290460586548 -1.1173189878463745 0.8677315711975098
v -0.11992096900939941 -1.1173189878463745 0.8682785034179688
v -0.01930290460586548 -1.108569622039795 0.8764810562133789
v -0.11992096900939941 -1.108569622039795 0.8770279884338379
v -0.01930290460586548 -1.0965391397476196 0.8797621726989746
v -0.11992096900939941 -1.0965391397476196 0.8797621726989746
v -0.01930290460586548 -1.0850555896759033 0.8764810562133789
v -0.11992096900939941 -1.0845087766647339 0.8770279884338379
v -0.01930290460586548 -1.0763062238693237 0.8677315711975098
v -0.11992096900939941 -1.0757594108581543 0.8682785034179688
v -0.01930290460586548 -1.0670099258422852 0.8562479019165039
v -0.01930290460586548 -1.0708378553390503 0.8409366607666016
v -0.01930290460586548 -1.0763062238693237 0.8442177772521973
v -0.01930290460586548 -1.0850555896759033 0.8354682922363281
v -0.01930290460586548 -1.0817745923995972 0.8299999237060547
v -0.01930290460586548 -1.0965391397476196 0.8321871757507324
v -0.01930290460586548 -1.0965391397476196 0.826171875
v -0.01930290460586548 -1.108569622039795 0.8354682922363281
v -0.01930290460586548 -1.111850619316101 0.8299999237060547
v -0.01930290460586548 -1.1173189878463745 0.8442177772521973
v -0.01930290460586548 -1.122787356376648 0.8409366607666016
v -0.01930290460586548 -1.1205999851226807 0.8562479019165039
v -0.01930290460586548 -1.1266151666641235 0.8562479019165039
v -0.01930290460586548 -1.1173189878463745 0.8677315711975098
v -0.01930290460586548 -1.122787356376648 0.8710126876831055
v -0.01930290460586548 -1.108569622039795 0.8764810562133789
v -0.01930290460586548 -1.111850619316101 0.8819494247436523
v -0.01930290460586548 -1.0965391397476196 0.8797621726989746
v -0.01930290460586548 -1.0965391397476196 0.8863241672515869
v -0.01930290460586548 -1.0850555896759033 0.8764810562133789
v -0.01930290460586548 -1.0817745923995972 0.8819494247436523
v -0.01930290460586548 -1.0763062238693237 0.8677315711975098
v -0.01930290460586548 -1.0708378553390503 0.8710126876831055
v -0.01930290460586548 -1.0730252265930176 0.8562479019165039
v -0.008366167545318604 -1.0708378553390503 0.8710126876831055
v -0.008366167545318604 -1.0670099258422852 0.8562479019165039
v -0.01930290460586548 -1.0670099258422852 0.8562479019165039
v -0.01930290460586548 -1.0708378553390503 0.8409366607666016
v -0.008366167545318604 -1.0708378553390503 0.8409366607666016
v -0.01930290460586548 -1.0817745923995972 0.8299999237060547
v -0.008366167545318604 -1.0817745923995972 0.8299999237060547
v -0.01930290460586548 -1.0965391397476196 0.826171875
v -0.008366167545318604 -1.0965391397476196 0.826171875
v -0.01930290460586548 -1.111850619316101 0.8299999237060547
v -0.008366167545318604 -1.111850619316101 0.8299999237060547
v -0.01930290460586548 -1.122787356376648 0.8409366607666016
v -0.008366167545318604 -1.122787356376648 0.8409366607666016
v -0.01930290460586548 -1.1266151666641235 0.8562479019165039
v -0.008366167545318604 -1.1266151666641235 0.8562479019165039
v -0.01930290460586548 -1.122787356376648 0.8710126876831055
v -0.008366167545318604 -1.122787356376648 0.8710126876831055
v -0.01930290460586548 -1.111850619316101 0.8819494247436523
v -0.008366167545318604 -1.111850619316101 0.8819494247436523
v -0.01930290460586548 -1.0965391397476196 0.8863241672515869
v -0.008366167545318604 -1.0965391397476196 0.8863241672515869
v -0.01930290460586548 -1.0817745923995972 0.8819494247436523
v -0.008366167545318604 -1.0817745923995972 0.8819494247436523
v -0.01930290460586548 -1.0708378553390503 0.8710126876831055
v -0.008366167545318604 -1.0806808471679688 0.8562479019165039
v -0.008366167545318604 -1.082868218421936 0.8480453491210938
v -0.008366167545318604 -1.0708378553390503 0.8409366607666016
v -0.008366167545318604 -1.0817745923995972 0.8299999237060547
v -0.008366167545318604 -1.088883399963379 0.8420302867889404
v -0.008366167545318604 -1.0965391397476196 0.826171875
v -0.008366167545318604 -1.0965391397476196 0.8398427963256836
v -0.008366167545318604 -1.111850619316101 0.8299999237060547
v -0.008366167545318604 -1.1047416925430298 0.8420302867889404
v -0.008366167545318604 -1.122787356376648 0.8409366607666016
v -0.008366167545318604 -1.1107568740844727 0.8480453491210938
v -0.008366167545318604 -1.1266151666641235 0.8562479019165039
v -0.008366167545318604 -1.11294424533844 0.8562479019165039
v -0.008366167545318604 -1.122787356376648 0.8710126876831055
v -0.008366167545318604 -1.1107568740844727 0.8639037609100342
v -0.008366167545318604 -1.111850619316101 0.8819494247436523
v -0.008366167545318604 -1.1047416925430298 0.8699188232421875
v -0.008366167545318604 -1.0965391397476196 0.8863241672515869
v -0.008366167545318604 -1.0965391397476196 0.8721063137054443
v -0.008366167545318604 -1.0817745923995972 0.8819494247436523
v -0.008366167545318604 -1.088883399963379 0.8699188232421875
v -0.008366167545318604 -1.0708378553390503 0.8710126876831055
v -0.008366167545318604 -1.082868218421936 0.8639037609100342
v -0.008366167545318604 -1.0670099258422852 0.8562479019165039
v -0.008366167545318604 -1.0806808471679688 0.8562479019165039
v -0.008366167545318604 -1.082868218421936 0.8639037609100342
v 0.0873304009437561 -1.082868218421936 0.8639037609100342
v 0.0873304009437561 -1.088883399963379 0.8699188232421875
v -0.008366167545318604 -1.088883399963379 0.8699188232421875
v 0.0873304009437561 -1.0965391397476196 0.8721063137054443
v -0.008366167545318604 -1.0965391397476196 0.8721063137054443
v 0.0873304009437561 -1.1047416925430298 0.8699188232421875
v -0.008366167545318604 -1.1047416925430298 0.8699188232421875
v 0.0873304009437561 -1.1107568740844727 0.8639037609100342
v -0.008366167545318604 -1.1107568740844727 0.8639037609100342
v 0.0873304009437561 -1.11294424533844 0.8562479019165039
v -0.008366167545318604 -1.11294424533844 0.8562479019165039
v 0.0873304009437561 -1.1107568740844727 0.8480453491210938
v -0.008366167545318604 -1.1107568740844727 0.8480453491210938
v 0.0873304009437561 -1.1047416925430298 0.8420302867889404
v -0.008366167545318604 -1.1047416925430298 0.8420302867889404
v 0.0873304009437561 -1.0965391397476196 0.8398427963256836
v -0.008366167545318604 -1.0965391397476196 0.8398427963256836
v 0.0873304009437561 -1.088883399963379 0.8420302867889404
v -0.008366167545318604 -1.088883399963379 0.8420302867889404
v 0.0873304009437561 -1.082868218421936 0.8480453491210938
v -0.008366167545318604 -1.082868218421936 0.8480453491210938
v 0.0873304009437561 -1.0806808471679688 0.855701208114624
v 0.2453663945198059 -1.122787356376648 3.29459547996521
v 0.2453663945198059 -1.097632884979248 3.3268589973449707
v 0.25849050283432007 -1.1233341693878174 3.29459547996521
v 0.25849050283432007 -1.097632884979248 3.3268589973449707
v 0.2453663945198059 -1.093804955482483 3.333967685699463
v 0.25849050283432007 -1.093804955482483 3.333967685699463
v 0.2453663945198059 -1.093804955482483 3.342717170715332
v 0.25849050283432007 -1.093804955482483 3.342717170715332
v 0.2453663945198059 -1.097632884979248 3.350372791290283
v 0.25849050283432007 -1.097632884979248 3.350372791290283
v 0.2453663945198059 -1.103648066520691 3.3558411598205566
v 0.25849050283432007 -1.103648066520691 3.3558411598205566
v 0.2453663945198059 -1.1113038063049316 3.3580284118652344
v 0.25849050283432007 -1.1113038063049316 3.3574819564819336
v 0.2453663945198059 -1.1200531721115112 3.3563880920410156
v 0.25849050283432007 -1.1200531721115112 3.3563880920410156
v 0.2453663945198059 -1.1271620988845825 3.350919723510742
v 0.25849050283432007 -1.1271620988845825 3.350919723510742
v 0.2453663945198059 -1.130989909172058 3.34381103515625
v 0.25849050283432007 -1.130989909172058 3.34381103515625
v 0.2453663945198059 -1.1331772804260254 3.3405299186706543
v 0.25849050283432007 -1.1331772804260254 3.3405299186706543
v 0.25849050283432007 -1.1386456489562988 3.3383426666259766
v 0.2453663945198059 -1.1386456489562988 3.3383426666259766
v 0.25849050283432007 -1.103648066520691 3.3558411598205566
v 0.25849050283432007 -1.1113038063049316 3.3574819564819336
v 0.25849050283432007 -1.097632884979248 3.350372791290283
v 0.25849050283432007 -1.093804955482483 3.342717170715332
v 0.25849050283432007 -1.093804955482483 3.333967685699463
v 0.25849050283432007 -1.1200531721115112 3.3563880920410156
v 0.25849050283432007 -1.097632884979248 3.3268589973449707
v 0.25849050283432007 -1.1271620988845825 3.350919723510742
v 0.25849050283432007 -1.130989909172058 3.34381103515625
v 0.25849050283432007 -1.1233341693878174 3.29459547996521
v 0.25849050283432007 -1.1331772804260254 3.3405299186706543
v 0.25849050283432007 -1.1386456489562988 3.3383426666259766
v 0.25849050283432007 -1.1233341693878174 3.29459547996521
v 0.25849050283432007 -1.1386456489562988 3.3077197074890137
v 0.25849050283432007 -1.1386456489562988 3.3383426666259766
v 0.2453663945198059 -1.103648066520691 3.3558411598205566
v 0.2453663945198059 -1.097632884979248 3.350372791290283
v 0.2453663945198059 -1.1113038063049316 3.3580284118652344
v 0.2453663945198059 -1.093804955482483 3.342717170715332
v 0.2453663945198059 -1.093804955482483 3.333967685699463
v 0.2453663945198059 -1.1200531721115112 3.3563880920410156
v 0.2453663945198059 -1.097632884979248 3.3268589973449707
v 0.2453663945198059 -1.1271620988845825 3.350919723510742
v 0.2453663945198059 -1.130989909172058 3.34381103515625
v 0.2453663945198059 -1.122787356376648 3.29459547996521
v 0.2453663945198059 -1.1331772804260254 3.3405299186706543
v 0.2453663945198059 -1.1386456489562988 3.3383426666259766
v 0.2453663945198059 -1.122787356376648 3.29459547996521
v 0.2453663945198059 -1.1386456489562988 3.3077197074890137
v 0.2453663945198059 -1.1386456489562988 3.3383426666259766
v 0.3049716353416443 -1.1463013887405396 3.3383426666259766
v 0.19888514280319214 -1.1463013887405396 3.3383426666259766
v 0.3049716353416443 -1.1463013887405396 3.2913146018981934
v 0.19888514280319214 -1.1463013887405396 3.2913146018981934
v 0.19888514280319214 -1.1386456489562988 3.2913146018981934
v 0.19888514280319214 -1.1463013887405396 3.2913146018981934
v 0.3049716353416443 -1.1386456489562988 3.2913146018981934
v 0.3049716353416443 -1.1463013887405396 3.2913146018981934
v 0.3049716353416443 -1.1463013887405396 3.3383426666259766
v 0.3049716353416443 -1.1463013887405396 3.2913146018981934
v 0.3049716353416443 -1.1386456489562988 3.3383426666259766
v 0.3049716353416443 -1.1386456489562988 3.2913146018981934
v 0.19888514280319214 -1.1463013887405396 3.2913146018981934
v 0.19888514280319214 -1.1463013887405396 3.3383426666259766
v 0.19888514280319214 -1.1386456489562988 3.2913146018981934
v 0.19888514280319214 -1.1386456489562988 3.3383426666259766
v 0.3049716353416443 -1.1386456489562988 3.3383426666259766
v 0.19888514280319214 -1.1386456489562988 3.3383426666259766
v 0.3049716353416443 -1.1463013887405396 3.3383426666259766
v 0.19888514280319214 -1.1463013887405396 3.3383426666259766
v 0.2606777548789978 -1.1391924619674683 3.3383426666259766
v 0.24317902326583862 -1.1391924619674683 3.3383426666259766
v 0.2606777548789978 -1.13755202293396 3.3673248291015625
v 0.24317902326583862 -1.13755202293396 3.3673248291015625
v 0.2606777548789978 -1.0992733240127563 3.330686569213867
v 0.2606777548789978 -1.1031012535095215 3.3263120651245117
v 0.2606777548789978 -1.097632884979248 3.33560848236084
v 0.2606777548789978 -1.1074758768081665 3.323577880859375
v 0.2606777548789978 -1.097632884979248 3.341623306274414
v 0.2606777548789978 -1.1134910583496094 3.323030948638916
v 0.2606777548789978 -1.1189594268798828 3.324124813079834
v 0.2606777548789978 -1.0992733240127563 3.3465452194213867
v 0.2606777548789978 -1.1233341693878174 3.3274059295654297
v 0.2606777548789978 -1.122787356376648 3.3853707313537598
v 0.2606777548789978 -1.132630467414856 3.3361549377441406
v 0.2606777548789978 -1.1348178386688232 3.3377957344055176
v 0.2606777548789978 -1.1315367221832275 3.3771681785583496
v 0.2606777548789978 -1.13755202293396 3.3673248291015625
v 0.2606777548789978 -1.1391924619674683 3.3383426666259766
v 0.2606777548789978 -1.1391924619674683 3.3383426666259766
v 0.2683334946632385 -1.1391924619674683 3.3383426666259766
v 0.2606777548789978 -1.1463013887405396 3.3383426666259766
v 0.2683334946632385 -1.1463013887405396 3.3383426666259766
v 0.2606777548789978 -1.122787356376648 3.3853707313537598
v 0.2683334946632385 -1.1233341693878174 3.3853707313537598
v 0.2606777548789978 -1.0992733240127563 3.3465452194213867
v 0.2683334946632385 -1.0992733240127563 3.3465452194213867
v 0.2606777548789978 -1.097632884979248 3.341623306274414
v 0.2683334946632385 -1.097632884979248 3.341623306274414
v 0.2606777548789978 -1.097632884979248 3.33560848236084
v 0.2683334946632385 -1.097632884979248 3.33560848236084
v 0.2606777548789978 -1.0992733240127563 3.330686569213867
v 0.2683334946632385 -1.0992733240127563 3.330686569213867
v 0.2606777548789978 -1.1031012535095215 3.3263120651245117
v 0.2683334946632385 -1.1031012535095215 3.3263120651245117
v 0.2606777548789978 -1.1074758768081665 3.323577880859375
v 0.2683334946632385 -1.1074758768081665 3.323577880859375
v 0.2606777548789978 -1.1134910583496094 3.323030948638916
v 0.2683334946632385 -1.1134910583496094 3.323030948638916
v 0.2606777548789978 -1.1189594268798828 3.324124813079834
v 0.2683334946632385 -1.1189594268798828 3.324124813079834
v 0.2606777548789978 -1.1233341693878174 3.3274059295654297
v 0.2683334946632385 -1.1233341693878174 3.3274059295654297
v 0.2606777548789978 -1.132630467414856 3.3361549377441406
v 0.2683334946632385 -1.132630467414856 3.3361549377441406
v 0.2606777548789978 -1.1348178386688232 3.3377957344055176
v 0.2683334946632385 -1.1348178386688232 3.3377957344055176
v 0.2606777548789978 -1.1391924619674683 3.3383426666259766
v 0.2683334946632385 -1.1391924619674683 3.3383426666259766
v 0.2683334946632385 -1.1463013887405396 3.3383426666259766
v 0.2683334946632385 -1.1391924619674683 3.3383426666259766
v 0.2683334946632385 -1.1463013887405396 3.3673248291015625
v 0.2683334946632385 -1.13755202293396 3.3673248291015625
v 0.2683334946632385 -1.1348178386688232 3.3377957344055176
v 0.2683334946632385 -1.1315367221832275 3.3771681785583496
v 0.2683334946632385 -1.1233341693878174 3.3853707313537598
v 0.2683334946632385 -1.132630467414856 3.3361549377441406
v 0.2683334946632385 -1.1233341693878174 3.3274059295654297
v 0.2683334946632385 -1.0992733240127563 3.3465452194213867
v 0.2683334946632385 -1.1189594268798828 3.324124813079834
v 0.2683334946632385 -1.097632884979248 3.341623306274414
v 0.2683334946632385 -1.1134910583496094 3.323030948638916
v 0.2683334946632385 -1.1074758768081665 3.323577880859375
v 0.2683334946632385 -1.097632884979248 3.33560848236084
v 0.2683334946632385 -1.0992733240127563 3.330686569213867
v 0.2683334946632385 -1.1031012535095215 3.3263120651245117
v 0.2355232834815979 -1.0992733240127563 3.330686569213867
v 0.2355232834815979 -1.1031012535095215 3.3263120651245117
v 0.2355232834815979 -1.097632884979248 3.33560848236084
v 0.2355232834815979 -1.1074758768081665 3.323577880859375
v 0.2355232834815979 -1.097632884979248 3.341623306274414
v 0.2355232834815979 -1.1134910583496094 3.323030948638916
v 0.2355232834815979 -1.1189594268798828 3.324124813079834
v 0.2355232834815979 -1.0992733240127563 3.3465452194213867
v 0.2355232834815979 -1.1233341693878174 3.3274059295654297
v 0.2355232834815979 -1.122787356376648 3.3853707313537598
v 0.2355232834815979 -1.132630467414856 3.3361549377441406
v 0.2355232834815979 -1.1348178386688232 3.3377957344055176
v 0.2355232834815979 -1.130989909172058 3.3771681785583496
v 0.2355232834815979 -1.13755202293396 3.3673248291015625
v 0.2355232834815979 -1.1463013887405396 3.3383426666259766
v 0.2355232834815979 -1.1463013887405396 3.3673248291015625
v 0.2355232834815979 -1.1391924619674683 3.3383426666259766
v 0.2355232834815979 -1.1391924619674683 3.3383426666259766
v 0.24317902326583862 -1.1391924619674683 3.3383426666259766
v 0.2355232834815979 -1.1463013887405396 3.3383426666259766
v 0.24317902326583862 -1.1463013887405396 3.3383426666259766
v 0.2683334946632385 -1.1463013887405396 3.3673248291015625
v 0.2606777548789978 -1.1463013887405396 3.3673248291015625
v 0.2683334946632385 -1.1463013887405396 3.3383426666259766
v 0.2606777548789978 -1.1463013887405396 3.3383426666259766
v 0.24317902326583862 -1.1463013887405396 3.3673248291015625
v 0.24317902326583862 -1.1463013887405396 3.3383426666259766
v 0.2355232834815979 -1.1463013887405396 3.3383426666259766
v 0.2355232834815979 -1.1463013887405396 3.3673248291015625
v 0.2355232834815979 -1.122787356376648 3.3853707313537598
v 0.24317902326583862 -1.122787356376648 3.3853707313537598
v 0.2355232834815979 -1.0992733240127563 3.3465452194213867
v 0.24317902326583862 -1.0992733240127563 3.3465452194213867
v 0.2355232834815979 -1.097632884979248 3.341623306274414
v 0.24317902326583862 -1.097632884979248 3.341623306274414
v 0.2355232834815979 -1.097632884979248 3.33560848236084
v 0.24317902326583862 -1.097632884979248 3.33560848236084
v 0.2355232834815979 -1.0992733240127563 3.330686569213867
v 0.24317902326583862 -1.0992733240127563 3.330686569213867
v 0.2355232834815979 -1.1031012535095215 3.3263120651245117
v 0.24317902326583862 -1.1031012535095215 3.3263120651245117
v 0.2355232834815979 -1.1074758768081665 3.323577880859375
v 0.24317902326583862 -1.1074758768081665 3.323577880859375
v 0.2355232834815979 -1.1134910583496094 3.323030948638916
v 0.24317902326583862 -1.1134910583496094 3.323030948638916
v 0.2355232834815979 -1.1189594268798828 3.324124813079834
v 0.24317902326583862 -1.1189594268798828 3.324124813079834
v 0.2355232834815979 -1.1233341693878174 3.3274059295654297
v 0.24317902326583862 -1.1233341693878174 3.3274059295654297
v 0.2355232834815979 -1.132630467414856 3.3361549377441406
v 0.24317902326583862 -1.132630467414856 3.3361549377441406
v 0.2355232834815979 -1.1348178386688232 3.3377957344055176
v 0.24317902326583862 -1.1348178386688232 3.3377957344055176
v 0.2355232834815979 -1.1391924619674683 3.3383426666259766
v 0.24317902326583862 -1.1391924619674683 3.3383426666259766
v 0.2683334946632385 -1.1315367221832275 3.3771681785583496
v 0.2606777548789978 -1.1315367221832275 3.3771681785583496
v 0.2683334946632385 -1.13755202293396 3.3673248291015625
v 0.2606777548789978 -1.13755202293396 3.3673248291015625
v 0.2683334946632385 -1.1463013887405396 3.3673248291015625
v 0.2606777548789978 -1.1463013887405396 3.3673248291015625
v 0.24317902326583862 -1.1463013887405396 3.3673248291015625
v 0.24317902326583862 -1.13755202293396 3.3673248291015625
v 0.2355232834815979 -1.1463013887405396 3.3673248291015625
v 0.2355232834815979 -1.13755202293396 3.3673248291015625
v 0.2355232834815979 -1.130989909172058 3.3771681785583496
v 0.24317902326583862 -1.1315367221832275 3.3771681785583496
v 0.24317902326583862 -1.1391924619674683 3.3383426666259766
v 0.24317902326583862 -1.1348178386688232 3.3377957344055176
v 0.24317902326583862 -1.13755202293396 3.3673248291015625
v 0.24317902326583862 -1.1315367221832275 3.3771681785583496
v 0.24317902326583862 -1.122787356376648 3.3853707313537598
v 0.24317902326583862 -1.132630467414856 3.3361549377441406
v 0.24317902326583862 -1.1233341693878174 3.3274059295654297
v 0.24317902326583862 -1.0992733240127563 3.3465452194213867
v 0.24317902326583862 -1.1189594268798828 3.324124813079834
v 0.24317902326583862 -1.097632884979248 3.341623306274414
v 0.24317902326583862 -1.1134910583496094 3.323030948638916
v 0.24317902326583862 -1.1074758768081665 3.323577880859375
v 0.24317902326583862 -1.097632884979248 3.33560848236084
v 0.24317902326583862 -1.0992733240127563 3.330686569213867
v 0.24317902326583862 -1.1031012535095215 3.3263120651245117
v 0.2606777548789978 -1.1463013887405396 3.3383426666259766
v 0.24317902326583862 -1.1463013887405396 3.3383426666259766
v 0.2606777548789978 -1.1391924619674683 3.3383426666259766
v 0.24317902326583862 -1.1391924619674683 3.3383426666259766
v -0.1888224482536316 -1.0981796979904175 3.3252182006835938
v -0.1888224482536316 -1.093804955482483 3.333967685699463
v -0.1888224482536316 -1.1052885055541992 3.3208436965942383
v -0.1888224482536316 -1.1140379905700684 3.3192033767700195
v -0.1888224482536316 -1.122787356376648 3.322484016418457
v -0.1888224482536316 -1.093804955482483 3.343264102935791
v -0.1888224482536316 -1.097632884979248 3.350919723510742
v -0.1888224482536316 -1.1293493509292603 3.3295931816101074
v -0.1888224482536316 -1.122787356376648 3.381542682647705
v -0.1888224482536316 -1.1315367221832275 3.3377957344055176
v -0.1888224482536316 -1.1315367221832275 3.3777146339416504
v -0.2008528709411621 -1.0981796979904175 3.3252182006835938
v -0.2008528709411621 -1.1052885055541992 3.3208436965942383
v -0.2008528709411621 -1.093804955482483 3.333967685699463
v -0.2008528709411621 -1.1315367221832275 3.3777146339416504
v -0.2008528709411621 -1.122787356376648 3.381542682647705
v -0.2008528709411621 -1.1315367221832275 3.3377957344055176
v -0.2008528709411621 -1.1293493509292603 3.3295931816101074
v -0.2008528709411621 -1.097632884979248 3.350919723510742
v -0.2008528709411621 -1.122787356376648 3.322484016418457
v -0.2008528709411621 -1.093804955482483 3.343264102935791
v -0.2008528709411621 -1.1140379905700684 3.3192033767700195
v -0.2008528709411621 -1.122787356376648 3.381542682647705
v -0.1888224482536316 -1.122787356376648 3.381542682647705
v -0.2008528709411621 -1.097632884979248 3.350919723510742
v -0.1888224482536316 -1.097632884979248 3.350919723510742
v -0.2008528709411621 -1.093804955482483 3.343264102935791
v -0.1888224482536316 -1.093804955482483 3.343264102935791
v -0.2008528709411621 -1.093804955482483 3.333967685699463
v -0.1888224482536316 -1.093804955482483 3.333967685699463
v -0.2008528709411621 -1.0981796979904175 3.3252182006835938
v -0.1888224482536316 -1.0981796979904175 3.3252182006835938
v -0.2008528709411621 -1.1052885055541992 3.3208436965942383
v -0.1888224482536316 -1.1052885055541992 3.3208436965942383
v -0.2008528709411621 -1.1140379905700684 3.3192033767700195
v -0.1888224482536316 -1.1140379905700684 3.3192033767700195
v -0.2008528709411621 -1.122787356376648 3.322484016418457
v -0.1888224482536316 -1.122787356376648 3.322484016418457
v -0.2008528709411621 -1.1293493509292603 3.3295931816101074
v -0.1888224482536316 -1.1293493509292603 3.3295931816101074
v -0.2008528709411621 -1.1315367221832275 3.3377957344055176
v -0.1888224482536316 -1.1315367221832275 3.3377957344055176
v -0.2008528709411621 -1.1315367221832275 3.3777146339416504
v -0.1888224482536316 -1.1315367221832275 3.3777146339416504
v -0.2008528709411621 -1.122787356376648 3.381542682647705
v -0.1888224482536316 -1.122787356376648 3.381542682647705
v -0.40810418128967285 -1.0916175842285156 3.350919723510742
v -0.40810418128967285 -1.1123974323272705 3.3388891220092773
v -0.40810418128967285 -1.1003670692443848 3.3596692085266113
v -0.40810418128967285 -1.1123974323272705 3.362403392791748
v -0.40810418128967285 -1.1244279146194458 3.3596692085266113
v -0.40810418128967285 -1.132630467414856 3.350919723510742
v -0.40810418128967285 -1.135911464691162 3.3388891220092773
v -0.40810418128967285 -1.132630467414856 3.3268589973449707
v -0.40810418128967285 -1.1238809823989868 3.3181095123291016
v -0.40810418128967285 -1.1123974323272705 3.314828395843506
v -0.40810418128967285 -1.1003670692443848 3.3181095123291016
v -0.40810418128967285 -1.0916175842285156 3.3268589973449707
v -0.40810418128967285 -1.0883365869522095 3.3388891220092773
v -0.3074861168861389 -1.0883365869522095 3.3388891220092773
v -0.3074861168861389 -1.0916175842285156 3.3268589973449707
v -0.40810418128967285 -1.0883365869522095 3.3388891220092773
v -0.40810418128967285 -1.0916175842285156 3.3268589973449707
v -0.3074861168861389 -1.1003670692443848 3.3181095123291016
v -0.40810418128967285 -1.1003670692443848 3.3181095123291016
v -0.3074861168861389 -1.1123974323272705 3.314828395843506
v -0.40810418128967285 -1.1123974323272705 3.314828395843506
v -0.3074861168861389 -1.1244279146194458 3.3181095123291016
v -0.40810418128967285 -1.1238809823989868 3.3181095123291016
v -0.3074861168861389 -1.1331772804260254 3.3268589973449707
v -0.40810418128967285 -1.132630467414856 3.3268589973449707
v -0.3074861168861389 -1.135911464691162 3.3388891220092773
v -0.40810418128967285 -1.135911464691162 3.3388891220092773
v -0.3074861168861389 -1.1331772804260254 3.350919723510742
v -0.40810418128967285 -1.132630467414856 3.350919723510742
v -0.3074861168861389 -1.1244279146194458 3.3596692085266113
v -0.40810418128967285 -1.1244279146194458 3.3596692085266113
v -0.3074861168861389 -1.1123974323272705 3.362403392791748
v -0.40810418128967285 -1.1123974323272705 3.362403392791748
v -0.3074861168861389 -1.1003670692443848 3.3596692085266113
v -0.40810418128967285 -1.1003670692443848 3.3596692085266113
v -0.3074861168861389 -1.0916175842285156 3.350919723510742
v -0.40810418128967285 -1.0916175842285156 3.350919723510742
v -0.3074861168861389 -1.0823214054107666 3.3388891220092773
v -0.3074861168861389 -1.0861492156982422 3.323577880859375
v -0.3074861168861389 -1.0916175842285156 3.3268589973449707
v -0.3074861168861389 -1.1003670692443848 3.3181095123291016
v -0.3074861168861389 -1.097085952758789 3.312641143798828
v -0.3074861168861389 -1.1123974323272705 3.314828395843506
v -0.3074861168861389 -1.1123974323272705 3.3088133335113525
v -0.3074861168861389 -1.1244279146194458 3.3181095123291016
v -0.3074861168861389 -1.1271620988845825 3.312641143798828
v -0.3074861168861389 -1.1331772804260254 3.3268589973449707
v -0.3074861168861389 -1.1380988359451294 3.323577880859375
v -0.3074861168861389 -1.135911464691162 3.3388891220092773
v -0.3074861168861389 -1.1424734592437744 3.3388891220092773
v -0.3074861168861389 -1.1331772804260254 3.350919723510742
v -0.3074861168861389 -1.1380988359451294 3.353653907775879
v -0.3074861168861389 -1.1244279146194458 3.3596692085266113
v -0.3074861168861389 -1.1271620988845825 3.364590644836426
v -0.3074861168861389 -1.1123974323272705 3.362403392791748
v -0.3074861168861389 -1.1123974323272705 3.3689651489257812
v -0.3074861168861389 -1.1003670692443848 3.3596692085266113
v -0.3074861168861389 -1.097085952758789 3.364590644836426
v -0.3074861168861389 -1.0916175842285156 3.350919723510742
v -0.3074861168861389 -1.0861492156982422 3.353653907775879
v -0.3074861168861389 -1.0883365869522095 3.3388891220092773
v -0.29654937982559204 -1.0861492156982422 3.353653907775879
v -0.29654937982559204 -1.0823214054107666 3.3388891220092773
v -0.3074861168861389 -1.0823214054107666 3.3388891220092773
v -0.3074861168861389 -1.0861492156982422 3.323577880859375
v -0.29654937982559204 -1.0861492156982422 3.323577880859375
v -0.3074861168861389 -1.097085952758789 3.312641143798828
v -0.29654937982559204 -1.097085952758789 3.312641143798828
v -0.3074861168861389 -1.1123974323272705 3.3088133335113525
v -0.29654937982559204 -1.1123974323272705 3.3088133335113525
v -0.3074861168861389 -1.1271620988845825 3.312641143798828
v -0.29654937982559204 -1.1271620988845825 3.312641143798828
v -0.3074861168861389 -1.1380988359451294 3.323577880859375
v -0.29654937982559204 -1.1380988359451294 3.323577880859375
v -0.3074861168861389 -1.1424734592437744 3.3388891220092773
v -0.29654937982559204 -1.1424734592437744 3.3388891220092773
v -0.3074861168861389 -1.1380988359451294 3.353653907775879
v -0.29654937982559204 -1.1380988359451294 3.353653907775879
v -0.3074861168861389 -1.1271620988845825 3.364590644836426
v -0.29654937982559204 -1.1271620988845825 3.364590644836426
v -0.3074861168861389 -1.1123974323272705 3.3689651489257812
v -0.29654937982559204 -1.1123974323272705 3.3689651489257812
v -0.3074861168861389 -1.097085952758789 3.364590644836426
v -0.29654937982559204 -1.097085952758789 3.364590644836426
v -0.3074861168861389 -1.0861492156982422 3.353653907775879
v -0.29654937982559204 -1.0959923267364502 3.3388891220092773
v -0.29654937982559204 -1.0981796979904175 3.330686569213867
v -0.29654937982559204 -1.0861492156982422 3.323577880859375
v -0.29654937982559204 -1.097085952758789 3.312641143798828
v -0.29654937982559204 -1.1041948795318604 3.324671745300293
v -0.29654937982559204 -1.1123974323272705 3.3088133335113525
v -0.29654937982559204 -1.1123974323272705 3.322484016418457
v -0.29654937982559204 -1.1271620988845825 3.312641143798828
v -0.29654937982559204 -1.1205999851226807 3.324671745300293
v -0.29654937982559204 -1.1380988359451294 3.323577880859375
v -0.29654937982559204 -1.126068353652954 3.330686569213867
v -0.29654937982559204 -1.1424734592437744 3.3388891220092773
v -0.29654937982559204 -1.1282557249069214 3.3388891220092773
v -0.29654937982559204 -1.1380988359451294 3.353653907775879
v -0.29654937982559204 -1.126068353652954 3.3465452194213867
v -0.29654937982559204 -1.1271620988845825 3.364590644836426
v -0.29654937982559204 -1.1205999851226807 3.352560043334961
v -0.29654937982559204 -1.1123974323272705 3.3689651489257812
v -0.29654937982559204 -1.1123974323272705 3.354747772216797
v -0.29654937982559204 -1.097085952758789 3.364590644836426
v -0.29654937982559204 -1.1041948795318604 3.352560043334961
v -0.29654937982559204 -1.0861492156982422 3.353653907775879
v -0.29654937982559204 -1.0981796979904175 3.3465452194213867
v -0.29654937982559204 -1.0823214054107666 3.3388891220092773
v -0.29654937982559204 -1.0959923267364502 3.3388891220092773
v -0.29654937982559204 -1.0981796979904175 3.3465452194213867
v -0.2008528709411621 -1.0981796979904175 3.3465452194213867
v -0.2008528709411621 -1.1041948795318604 3.352560043334961
v -0.29654937982559204 -1.1041948795318604 3.352560043334961
v -0.2008528709411621 -1.1123974323272705 3.354747772216797
v -0.29654937982559204 -1.1123974323272705 3.354747772216797
v -0.2008528709411621 -1.1205999851226807 3.352560043334961
v -0.29654937982559204 -1.1205999851226807 3.352560043334961
v -0.2008528709411621 -1.126068353652954 3.3465452194213867
v -0.29654937982559204 -1.126068353652954 3.3465452194213867
v -0.2008528709411621 -1.1282557249069214 3.3388891220092773
v -0.29654937982559204 -1.1282557249069214 3.3388891220092773
v -0.2008528709411621 -1.126068353652954 3.330686569213867
v -0.29654937982559204 -1.126068353652954 3.330686569213867
v -0.2008528709411621 -1.1205999851226807 3.324671745300293
v -0.29654937982559204 -1.1205999851226807 3.324671745300293
v -0.2008528709411621 -1.1123974323272705 3.322484016418457
v -0.29654937982559204 -1.1123974323272705 3.322484016418457
v -0.2008528709411621 -1.1041948795318604 3.324671745300293
v -0.29654937982559204 -1.1041948795318604 3.324671745300293
v -0.2008528709411621 -1.0981796979904175 3.330686569213867
v -0.29654937982559204 -1.0981796979904175 3.330686569213867
v -0.2008528709411621 -1.0959923267364502 3.3388891220092773
v -0.2954556941986084 -1.0981796979904175 3.364590644836426
v -0.2954556941986084 -1.0899771451950073 3.3574819564819336
v -0.2954556941986084 -1.108022689819336 3.3678717613220215
v -0.2954556941986084 -1.0845087766647339 3.3492794036865234
v -0.2954556941986084 -1.1184126138687134 3.3678717613220215
v -0.2954556941986084 -1.082868218421936 3.3394360542297363
v -0.2954556941986084 -1.0845087766647339 3.3284993171691895
v -0.2954556941986084 -1.127708911895752 3.364043712615967
v -0.2954556941986084 -1.0899771451950073 3.3192033767700195
v -0.2954556941986084 -1.1353646516799927 3.3569350242614746
v -0.2954556941986084 -1.1402862071990967 3.3476386070251465
v -0.2954556941986084 -1.097632884979248 3.313188076019287
v -0.2954556941986084 -1.122787356376648 3.295142412185669
v -0.2954556941986084 -1.141926646232605 3.3372488021850586
v -0.2954556941986084 -1.1386456489562988 3.3077197074890137
v -0.2954556941986084 -1.1386456489562988 3.3077197074890137
v -0.2834252715110779 -1.1386456489562988 3.3077197074890137
v -0.2954556941986084 -1.141926646232605 3.3372488021850586
v -0.2834252715110779 -1.141926646232605 3.3372488021850586
v -0.2954556941986084 -1.1402862071990967 3.3476386070251465
v -0.2834252715110779 -1.1402862071990967 3.3476386070251465
v -0.2954556941986084 -1.1353646516799927 3.3569350242614746
v -0.2834252715110779 -1.1353646516799927 3.3569350242614746
v -0.2954556941986084 -1.127708911895752 3.364043712615967
v -0.2834252715110779 -1.127708911895752 3.364043712615967
v -0.2954556941986084 -1.1184126138687134 3.3678717613220215
v -0.2834252715110779 -1.1184126138687134 3.3678717613220215
v -0.2954556941986084 -1.108022689819336 3.3678717613220215
v -0.2834252715110779 -1.108022689819336 3.3678717613220215
v -0.2954556941986084 -1.0981796979904175 3.364590644836426
v -0.2834252715110779 -1.122787356376648 3.295142412185669
v -0.2954556941986084 -1.122787356376648 3.295142412185669
v -0.2834252715110779 -1.097632884979248 3.313188076019287
v -0.2954556941986084 -1.097632884979248 3.313188076019287
v -0.2834252715110779 -1.0899771451950073 3.3192033767700195
v -0.2954556941986084 -1.0899771451950073 3.3192033767700195
v -0.2834252715110779 -1.0845087766647339 3.3284993171691895
v -0.2954556941986084 -1.0845087766647339 3.3284993171691895
v -0.2834252715110779 -1.082868218421936 3.3394360542297363
v -0.2954556941986084 -1.082868218421936 3.3394360542297363
v -0.2834252715110779 -1.0845087766647339 3.3492794036865234
v -0.2954556941986084 -1.0845087766647339 3.3492794036865234
v -0.2834252715110779 -1.0899771451950073 3.3574819564819336
v -0.2954556941986084 -1.0899771451950073 3.3574819564819336
v -0.2834252715110779 -1.0981796979904175 3.364590644836426
v -0.2834252715110779 -1.1386456489562988 3.3077197074890137
v -0.2834252715110779 -1.122787356376648 3.295142412185669
v -0.2834252715110779 -1.141926646232605 3.3372488021850586
v -0.2834252715110779 -1.1402862071990967 3.3476386070251465
v -0.2834252715110779 -1.097632884979248 3.313188076019287
v -0.2834252715110779 -1.0899771451950073 3.3192033767700195
v -0.2834252715110779 -1.1353646516799927 3.3569350242614746
v -0.2834252715110779 -1.127708911895752 3.364043712615967
v -0.2834252715110779 -1.0845087766647339 3.3284993171691895
v -0.2834252715110779 -1.1184126138687134 3.3678717613220215
v -0.2834252715110779 -1.082868218421936 3.3394360542297363
v -0.2834252715110779 -1.0845087766647339 3.3492794036865234
v -0.2834252715110779 -1.108022689819336 3.3678717613220215
v -0.2834252715110779 -1.0899771451950073 3.3574819564819336
v -0.2834252715110779 -1.0981796979904175 3.364590644836426
v 0.1562318205833435 -1.1255215406417847 5.811140537261963
v 0.1562318205833435 -1.1298962831497192 5.819343090057373
v 0.1562318205833435 -1.1184126138687134 5.806219100952148
v 0.1562318205833435 -1.1096632480621338 5.805125713348389
v 0.1562318205833435 -1.1009138822555542 5.807859897613525
v 0.1562318205833435 -1.1298962831497192 5.82918643951416
v 0.1562318205833435 -1.126068353652954 5.836295127868652
v 0.1562318205833435 -1.0943517684936523 5.814968585968018
v 0.1562318205833435 -1.1009138822555542 5.867465019226074
v 0.1562318205833435 -1.0921645164489746 5.823171138763428
v 0.1562318205833435 -1.0921645164489746 5.8630900382995605
v 0.1682623028755188 -1.1255215406417847 5.811140537261963
v 0.1682623028755188 -1.1184126138687134 5.806219100952148
v 0.1682623028755188 -1.1298962831497192 5.819343090057373
v 0.1682623028755188 -1.0921645164489746 5.8630900382995605
v 0.1682623028755188 -1.1009138822555542 5.867465019226074
v 0.1682623028755188 -1.0921645164489746 5.823171138763428
v 0.1682623028755188 -1.0943517684936523 5.814968585968018
v 0.1682623028755188 -1.126068353652954 5.836295127868652
v 0.1682623028755188 -1.1009138822555542 5.807859897613525
v 0.1682623028755188 -1.1298962831497192 5.82918643951416
v 0.1682623028755188 -1.1102100610733032 5.805125713348389
v 0.1682623028755188 -1.1009138822555542 5.867465019226074
v 0.1562318205833435 -1.1009138822555542 5.867465019226074
v 0.1682623028755188 -1.126068353652954 5.836295127868652
v 0.1562318205833435 -1.126068353652954 5.836295127868652
v 0.1682623028755188 -1.1298962831497192 5.82918643951416
v 0.1562318205833435 -1.1298962831497192 5.82918643951416
v 0.1682623028755188 -1.1298962831497192 5.819343090057373
v 0.1562318205833435 -1.1298962831497192 5.819343090057373
v 0.1682623028755188 -1.1255215406417847 5.811140537261963
v 0.1562318205833435 -1.1255215406417847 5.811140537261963
v 0.1682623028755188 -1.1184126138687134 5.806219100952148
v 0.1562318205833435 -1.1184126138687134 5.806219100952148
v 0.1682623028755188 -1.1102100610733032 5.805125713348389
v 0.1562318205833435 -1.1096632480621338 5.805125713348389
v 0.1682623028755188 -1.1009138822555542 5.807859897613525
v 0.1562318205833435 -1.1009138822555542 5.807859897613525
v 0.1682623028755188 -1.0943517684936523 5.814968585968018
v 0.1562318205833435 -1.0943517684936523 5.814968585968018
v 0.1682623028755188 -1.0921645164489746 5.823171138763428
v 0.1562318205833435 -1.0921645164489746 5.823171138763428
v 0.1682623028755188 -1.0921645164489746 5.8630900382995605
v 0.1562318205833435 -1.0921645164489746 5.8630900382995605
v 0.1682623028755188 -1.1009138822555542 5.867465019226074
v 0.1562318205833435 -1.1009138822555542 5.867465019226074
v 0.37551361322402954 -1.132083535194397 5.836295127868652
v 0.37551361322402954 -1.1113038063049316 5.824265003204346
v 0.37551361322402954 -1.1233341693878174 5.8450446128845215
v 0.37551361322402954 -1.1113038063049316 5.848325729370117
v 0.37551361322402954 -1.0998201370239258 5.8450446128845215
v 0.37551361322402954 -1.0910707712173462 5.836295127868652
v 0.37551361322402954 -1.08778977394104 5.824265003204346
v 0.37551361322402954 -1.0910707712173462 5.812234401702881
v 0.37551361322402954 -1.0998201370239258 5.803484916687012
v 0.37551361322402954 -1.1113038063049316 5.800203800201416
v 0.37551361322402954 -1.1233341693878174 5.803484916687012
v 0.37551361322402954 -1.132083535194397 5.812234401702881
v 0.37551361322402954 -1.1353646516799927 5.824265003204346
v 0.2748956084251404 -1.1353646516799927 5.824265003204346
v 0.2748956084251404 -1.132083535194397 5.812234401702881
v 0.37551361322402954 -1.1353646516799927 5.824265003204346
v 0.37551361322402954 -1.132083535194397 5.812234401702881
v 0.2748956084251404 -1.1233341693878174 5.803484916687012
v 0.37551361322402954 -1.1233341693878174 5.803484916687012
v 0.2748956084251404 -1.1113038063049316 5.800203800201416
v 0.37551361322402954 -1.1113038063049316 5.800203800201416
v 0.2748956084251404 -1.0992733240127563 5.803484916687012
v 0.37551361322402954 -1.0998201370239258 5.803484916687012
v 0.2748956084251404 -1.0905239582061768 5.812234401702881
v 0.37551361322402954 -1.0910707712173462 5.812234401702881
v 0.2748956084251404 -1.08778977394104 5.824265003204346
v 0.37551361322402954 -1.08778977394104 5.824265003204346
v 0.2748956084251404 -1.0905239582061768 5.836295127868652
v 0.37551361322402954 -1.0910707712173462 5.836295127868652
v 0.2748956084251404 -1.0992733240127563 5.8450446128845215
v 0.37551361322402954 -1.0998201370239258 5.8450446128845215
v 0.2748956084251404 -1.1113038063049316 5.848325729370117
v 0.37551361322402954 -1.1113038063049316 5.848325729370117
v 0.2748956084251404 -1.1233341693878174 5.8450446128845215
v 0.37551361322402954 -1.1233341693878174 5.8450446128845215
v 0.2748956084251404 -1.132083535194397 5.836295127868652
v 0.37551361322402954 -1.132083535194397 5.836295127868652
v 0.2748956084251404 -1.1413798332214355 5.824265003204346
v 0.2748956084251404 -1.13755202293396 5.809500217437744
v 0.2748956084251404 -1.132083535194397 5.812234401702881
v 0.2748956084251404 -1.1233341693878174 5.803484916687012
v 0.2748956084251404 -1.1266151666641235 5.798016548156738
v 0.2748956084251404 -1.1113038063049316 5.800203800201416
v 0.2748956084251404 -1.1113038063049316 5.794188976287842
v 0.2748956084251404 -1.0992733240127563 5.803484916687012
v 0.2748956084251404 -1.0965391397476196 5.798016548156738
v 0.2748956084251404 -1.0905239582061768 5.812234401702881
v 0.2748956084251404 -1.0856024026870728 5.809500217437744
v 0.2748956084251404 -1.08778977394104 5.824265003204346
v 0.2748956084251404 -1.0812277793884277 5.824265003204346
v 0.2748956084251404 -1.0905239582061768 5.836295127868652
v 0.2748956084251404 -1.0856024026870728 5.839576244354248
v 0.2748956084251404 -1.0992733240127563 5.8450446128845215
v 0.2748956084251404 -1.0965391397476196 5.850512981414795
v 0.2748956084251404 -1.1113038063049316 5.848325729370117
v 0.2748956084251404 -1.1113038063049316 5.85434103012085
v 0.2748956084251404 -1.1233341693878174 5.8450446128845215
v 0.2748956084251404 -1.1266151666641235 5.850512981414795
v 0.2748956084251404 -1.132083535194397 5.836295127868652
v 0.2748956084251404 -1.13755202293396 5.839576244354248
v 0.2748956084251404 -1.1353646516799927 5.824265003204346
v 0.2639588713645935 -1.13755202293396 5.839576244354248
v 0.2639588713645935 -1.1413798332214355 5.824265003204346
v 0.2748956084251404 -1.1413798332214355 5.824265003204346
v 0.2748956084251404 -1.13755202293396 5.809500217437744
v 0.2639588713645935 -1.13755202293396 5.809500217437744
v 0.2748956084251404 -1.1266151666641235 5.798016548156738
v 0.2639588713645935 -1.1266151666641235 5.798016548156738
v 0.2748956084251404 -1.1113038063049316 5.794188976287842
v 0.2639588713645935 -1.1113038063049316 5.794188976287842
v 0.2748956084251404 -1.0965391397476196 5.798016548156738
v 0.2639588713645935 -1.0965391397476196 5.798016548156738
v 0.2748956084251404 -1.0856024026870728 5.809500217437744
v 0.2639588713645935 -1.0856024026870728 5.809500217437744
v 0.2748956084251404 -1.0812277793884277 5.824265003204346
v 0.2639588713645935 -1.0812277793884277 5.824265003204346
v 0.2748956084251404 -1.0856024026870728 5.839576244354248
v 0.2639588713645935 -1.0856024026870728 5.839576244354248
v 0.2748956084251404 -1.0965391397476196 5.850512981414795
v 0.2639588713645935 -1.0965391397476196 5.850512981414795
v 0.2748956084251404 -1.1113038063049316 5.85434103012085
v 0.2639588713645935 -1.1113038063049316 5.85434103012085
v 0.2748956084251404 -1.1266151666641235 5.850512981414795
v 0.2639588713645935 -1.1266151666641235 5.850512981414795
v 0.2748956084251404 -1.13755202293396 5.839576244354248
v 0.2639588713645935 -1.127708911895752 5.824265003204346
v 0.2639588713645935 -1.1255215406417847 5.8160624504089355
v 0.2639588713645935 -1.13755202293396 5.809500217437744
v 0.2639588713645935 -1.1266151666641235 5.798016548156738
v 0.2639588713645935 -1.1195063591003418 5.810047149658203
v 0.2639588713645935 -1.1113038063049316 5.794188976287842
v 0.2639588713645935 -1.1113038063049316 5.808406352996826
v 0.2639588713645935 -1.0965391397476196 5.798016548156738
v 0.2639588713645935 -1.103648066520691 5.810047149658203
v 0.2639588713645935 -1.0856024026870728 5.809500217437744
v 0.2639588713645935 -1.097632884979248 5.8160624504089355
v 0.2639588713645935 -1.0812277793884277 5.824265003204346
v 0.2639588713645935 -1.0954455137252808 5.824265003204346
v 0.2639588713645935 -1.0856024026870728 5.839576244354248
v 0.2639588713645935 -1.097632884979248 5.832467555999756
v 0.2639588713645935 -1.0965391397476196 5.850512981414795
v 0.2639588713645935 -1.1031012535095215 5.83848237991333
v 0.2639588713645935 -1.1113038063049316 5.85434103012085
v 0.2639588713645935 -1.1113038063049316 5.840670108795166
v 0.2639588713645935 -1.1266151666641235 5.850512981414795
v 0.2639588713645935 -1.1195063591003418 5.83848237991333
v 0.2639588713645935 -1.13755202293396 5.839576244354248
v 0.2639588713645935 -1.1255215406417847 5.832467555999756
v 0.2639588713645935 -1.1413798332214355 5.824265003204346
v 0.2639588713645935 -1.127708911895752 5.824265003204346
v 0.2639588713645935 -1.1255215406417847 5.832467555999756
v 0.1682623028755188 -1.1255215406417847 5.832467555999756
v 0.1682623028755188 -1.1195063591003418 5.83848237991333
v 0.2639588713645935 -1.1195063591003418 5.83848237991333
v 0.1682623028755188 -1.1113038063049316 5.840670108795166
v 0.2639588713645935 -1.1113038063049316 5.840670108795166
v 0.1682623028755188 -1.1031012535095215 5.83848237991333
v 0.2639588713645935 -1.1031012535095215 5.83848237991333
v 0.1682623028755188 -1.097632884979248 5.832467555999756
v 0.2639588713645935 -1.097632884979248 5.832467555999756
v 0.1682623028755188 -1.0954455137252808 5.824265003204346
v 0.2639588713645935 -1.0954455137252808 5.824265003204346
v 0.1682623028755188 -1.097632884979248 5.8160624504089355
v 0.2639588713645935 -1.097632884979248 5.8160624504089355
v 0.1682623028755188 -1.1031012535095215 5.810047149658203
v 0.2639588713645935 -1.103648066520691 5.810047149658203
v 0.1682623028755188 -1.1113038063049316 5.807859897613525
v 0.2639588713645935 -1.1113038063049316 5.808406352996826
v 0.1682623028755188 -1.1195063591003418 5.810047149658203
v 0.2639588713645935 -1.1195063591003418 5.810047149658203
v 0.1682623028755188 -1.1255215406417847 5.8160624504089355
v 0.2639588713645935 -1.1255215406417847 5.8160624504089355
v 0.1682623028755188 -1.127708911895752 5.824265003204346
v 0.26231831312179565 -1.1255215406417847 5.849966049194336
v 0.26231831312179565 -1.1337240934371948 5.843404293060303
v 0.26231831312179565 -1.1156784296035767 5.853794097900391
v 0.26231831312179565 -1.1391924619674683 5.834654808044434
v 0.26231831312179565 -1.1052885055541992 5.853247165679932
v 0.26231831312179565 -1.1408330202102661 5.8248114585876465
v 0.26231831312179565 -1.1391924619674683 5.814421653747559
v 0.26231831312179565 -1.0959923267364502 5.849419116973877
v 0.26231831312179565 -1.1337240934371948 5.805125713348389
v 0.26231831312179565 -1.0883365869522095 5.842310428619385
v 0.26231831312179565 -1.0834150314331055 5.833014011383057
v 0.26231831312179565 -1.126068353652954 5.798563480377197
v 0.26231831312179565 -1.1009138822555542 5.780517578125
v 0.26231831312179565 -1.0817745923995972 5.823171138763428
v 0.26231831312179565 -1.0850555896759033 5.793642044067383
v 0.26231831312179565 -1.0850555896759033 5.793642044067383
v 0.25083476305007935 -1.0850555896759033 5.793642044067383
v 0.26231831312179565 -1.0817745923995972 5.823171138763428
v 0.25083476305007935 -1.0817745923995972 5.823171138763428
v 0.26231831312179565 -1.0834150314331055 5.833014011383057
v 0.25083476305007935 -1.0834150314331055 5.833014011383057
v 0.26231831312179565 -1.0883365869522095 5.842310428619385
v 0.25083476305007935 -1.0883365869522095 5.842310428619385
v 0.26231831312179565 -1.0959923267364502 5.849419116973877
v 0.25083476305007935 -1.0959923267364502 5.849419116973877
v 0.26231831312179565 -1.1052885055541992 5.853247165679932
v 0.25083476305007935 -1.1052885055541992 5.853247165679932
v 0.26231831312179565 -1.1156784296035767 5.853794097900391
v 0.25083476305007935 -1.1156784296035767 5.853794097900391
v 0.26231831312179565 -1.1255215406417847 5.849966049194336
v 0.25083476305007935 -1.1009138822555542 5.780517578125
v 0.26231831312179565 -1.1009138822555542 5.780517578125
v 0.25083476305007935 -1.126068353652954 5.798563480377197
v 0.26231831312179565 -1.126068353652954 5.798563480377197
v 0.25083476305007935 -1.1337240934371948 5.805125713348389
v 0.26231831312179565 -1.1337240934371948 5.805125713348389
v 0.25083476305007935 -1.1391924619674683 5.814421653747559
v 0.26231831312179565 -1.1391924619674683 5.814421653747559
v 0.25083476305007935 -1.1408330202102661 5.8248114585876465
v 0.26231831312179565 -1.1408330202102661 5.8248114585876465
v 0.25083476305007935 -1.1391924619674683 5.834654808044434
v 0.26231831312179565 -1.1391924619674683 5.834654808044434
v 0.25083476305007935 -1.1337240934371948 5.843404293060303
v 0.26231831312179565 -1.1337240934371948 5.843404293060303
v 0.25083476305007935 -1.1255215406417847 5.849966049194336
v 0.25083476305007935 -1.0850555896759033 5.793642044067383
v 0.25083476305007935 -1.1009138822555542 5.780517578125
v 0.25083476305007935 -1.0817745923995972 5.823171138763428
v 0.25083476305007935 -1.0834150314331055 5.833014011383057
v 0.25083476305007935 -1.126068353652954 5.798563480377197
v 0.25083476305007935 -1.1337240934371948 5.805125713348389
v 0.25083476305007935 -1.0883365869522095 5.842310428619385
v 0.25083476305007935 -1.0959923267364502 5.849419116973877
v 0.25083476305007935 -1.1391924619674683 5.814421653747559
v 0.25083476305007935 -1.1052885055541992 5.853247165679932
v 0.25083476305007935 -1.1408330202102661 5.8248114585876465
v 0.25083476305007935 -1.1391924619674683 5.834654808044434
v 0.25083476305007935 -1.1156784296035767 5.853794097900391
v 0.25083476305007935 -1.1337240934371948 5.843404293060303
v 0.25083476305007935 -1.1255215406417847 5.849966049194336
v -0.27795690298080444 -1.1009138822555542 5.780517578125
v -0.27795690298080444 -1.126068353652954 5.812234401702881
v -0.2916278839111328 -1.1009138822555542 5.780517578125
v -0.2916278839111328 -1.126068353652954 5.812234401702881
v -0.27795690298080444 -1.1298962831497192 5.819343090057373
v -0.2916278839111328 -1.1298962831497192 5.819343090057373
v -0.27795690298080444 -1.1298962831497192 5.828092575073242
v -0.2916278839111328 -1.1298962831497192 5.828092575073242
v -0.27795690298080444 -1.126068353652954 5.836295127868652
v -0.2916278839111328 -1.126068353652954 5.836295127868652
v -0.27795690298080444 -1.1200531721115112 5.841216564178467
v -0.2916278839111328 -1.1200531721115112 5.841216564178467
v -0.27795690298080444 -1.1123974323272705 5.843404293060303
v -0.2916278839111328 -1.1123974323272705 5.843404293060303
v -0.27795690298080444 -1.103648066520691 5.841763496398926
v -0.2916278839111328 -1.103648066520691 5.841763496398926
v -0.27795690298080444 -1.0965391397476196 5.836842060089111
v -0.2916278839111328 -1.0965391397476196 5.836842060089111
v -0.27795690298080444 -1.092711329460144 5.829733371734619
v -0.2916278839111328 -1.092711329460144 5.829733371734619
v -0.27795690298080444 -1.0905239582061768 5.826452255249023
v -0.2916278839111328 -1.0905239582061768 5.826452255249023
v -0.2916278839111328 -1.0850555896759033 5.824265003204346
v -0.27795690298080444 -1.0850555896759033 5.824265003204346
v -0.2916278839111328 -1.1200531721115112 5.841216564178467
v -0.2916278839111328 -1.1123974323272705 5.843404293060303
v -0.2916278839111328 -1.126068353652954 5.836295127868652
v -0.2916278839111328 -1.1298962831497192 5.828092575073242
v -0.2916278839111328 -1.1298962831497192 5.819343090057373
v -0.2916278839111328 -1.103648066520691 5.841763496398926
v -0.2916278839111328 -1.126068353652954 5.812234401702881
v -0.2916278839111328 -1.0965391397476196 5.836842060089111
v -0.2916278839111328 -1.092711329460144 5.829733371734619
v -0.2916278839111328 -1.1009138822555542 5.780517578125
v -0.2916278839111328 -1.0905239582061768 5.826452255249023
v -0.2916278839111328 -1.0850555896759033 5.824265003204346
v -0.2916278839111328 -1.1009138822555542 5.780517578125
v -0.2916278839111328 -1.0850555896759033 5.793095111846924
v -0.2916278839111328 -1.0850555896759033 5.824265003204346
v -0.27795690298080444 -1.1200531721115112 5.841216564178467
v -0.27795690298080444 -1.126068353652954 5.836295127868652
v -0.27795690298080444 -1.1123974323272705 5.843404293060303
v -0.27795690298080444 -1.1298962831497192 5.828092575073242
v -0.27795690298080444 -1.1298962831497192 5.819343090057373
v -0.27795690298080444 -1.103648066520691 5.841763496398926
v -0.27795690298080444 -1.126068353652954 5.812234401702881
v -0.27795690298080444 -1.0965391397476196 5.836842060089111
v -0.27795690298080444 -1.092711329460144 5.829733371734619
v -0.27795690298080444 -1.1009138822555542 5.780517578125
v -0.27795690298080444 -1.0905239582061768 5.826452255249023
v -0.27795690298080444 -1.0850555896759033 5.824265003204346
v -0.27795690298080444 -1.1009138822555542 5.780517578125
v -0.27795690298080444 -1.0850555896759033 5.793095111846924
v -0.27795690298080444 -1.0850555896759033 5.824265003204346
v -0.33810901641845703 -1.0773998498916626 5.824265003204346
v -0.23147577047348022 -1.0773998498916626 5.824265003204346
v -0.33810901641845703 -1.0773998498916626 5.7766900062561035
v -0.23147577047348022 -1.0773998498916626 5.7772369384765625
v -0.23147577047348022 -1.0850555896759033 5.7772369384765625
v -0.23147577047348022 -1.0773998498916626 5.7772369384765625
v -0.33810901641845703 -1.0850555896759033 5.7766900062561035
v -0.33810901641845703 -1.0773998498916626 5.7766900062561035
v -0.33810901641845703 -1.0773998498916626 5.824265003204346
v -0.33810901641845703 -1.0773998498916626 5.7766900062561035
v -0.33810901641845703 -1.0850555896759033 5.824265003204346
v -0.33810901641845703 -1.0850555896759033 5.7766900062561035
v -0.23147577047348022 -1.0773998498916626 5.7772369384765625
v -0.23147577047348022 -1.0773998498916626 5.824265003204346
v -0.23147577047348022 -1.0850555896759033 5.7772369384765625
v -0.23147577047348022 -1.0850555896759033 5.824265003204346
v -0.33810901641845703 -1.0850555896759033 5.824265003204346
v -0.23147577047348022 -1.0850555896759033 5.824265003204346
v -0.33810901641845703 -1.0773998498916626 5.824265003204346
v -0.23147577047348022 -1.0773998498916626 5.824265003204346
v -0.2938151955604553 -1.0845087766647339 5.824265003204346
v -0.27631640434265137 -1.0845087766647339 5.824265003204346
v -0.2938151955604553 -1.0866961479187012 5.853247165679932
v -0.27576959133148193 -1.0866961479187012 5.853247165679932
v -0.2932683825492859 -1.1244279146194458 5.8160624504089355
v -0.2938151955604553 -1.1205999851226807 5.812234401702881
v -0.2932683825492859 -1.126068353652954 5.821530818939209
v -0.2938151955604553 -1.116225242614746 5.809500217437744
v -0.2932683825492859 -1.126068353652954 5.826999187469482
v -0.2938151955604553 -1.1102100610733032 5.808406352996826
v -0.2938151955604553 -1.1047416925430298 5.810047149658203
v -0.2932683825492859 -1.1244279146194458 5.831920623779297
v -0.2938151955604553 -1.1003670692443848 5.81278133392334
v -0.2932683825492859 -1.1009138822555542 5.87074613571167
v -0.2938151955604553 -1.0910707712173462 5.82207727432251
v -0.2938151955604553 -1.088883399963379 5.823718070983887
v -0.2938151955604553 -1.092711329460144 5.8630900382995605
v -0.2938151955604553 -1.0866961479187012 5.853247165679932
v -0.2938151955604553 -1.0845087766647339 5.824265003204346
v -0.2938151955604553 -1.0845087766647339 5.824265003204346
v -0.30147093534469604 -1.0845087766647339 5.824265003204346
v -0.2938151955604553 -1.0773998498916626 5.824265003204346
v -0.30147093534469604 -1.0773998498916626 5.824265003204346
v -0.2932683825492859 -1.1009138822555542 5.87074613571167
v -0.30147093534469604 -1.1009138822555542 5.87074613571167
v -0.2932683825492859 -1.1244279146194458 5.831920623779297
v -0.30147093534469604 -1.1244279146194458 5.831920623779297
v -0.2932683825492859 -1.126068353652954 5.826999187469482
v -0.30147093534469604 -1.126068353652954 5.826999187469482
v -0.2932683825492859 -1.126068353652954 5.821530818939209
v -0.30147093534469604 -1.126068353652954 5.821530818939209
v -0.2932683825492859 -1.1244279146194458 5.8160624504089355
v -0.30147093534469604 -1.1244279146194458 5.8160624504089355
v -0.2938151955604553 -1.1205999851226807 5.812234401702881
v -0.30147093534469604 -1.1205999851226807 5.812234401702881
v -0.2938151955604553 -1.116225242614746 5.809500217437744
v -0.30147093534469604 -1.116225242614746 5.809500217437744
v -0.2938151955604553 -1.1102100610733032 5.808406352996826
v -0.30147093534469604 -1.1102100610733032 5.808406352996826
v -0.2938151955604553 -1.1047416925430298 5.810047149658203
v -0.30147093534469604 -1.1047416925430298 5.810047149658203
v -0.2938151955604553 -1.1003670692443848 5.81278133392334
v -0.30147093534469604 -1.1003670692443848 5.81278133392334
v -0.2938151955604553 -1.0910707712173462 5.82207727432251
v -0.30147093534469604 -1.0910707712173462 5.82207727432251
v -0.2938151955604553 -1.088883399963379 5.823718070983887
v -0.30147093534469604 -1.088883399963379 5.823718070983887
v -0.2938151955604553 -1.0845087766647339 5.824265003204346
v -0.30147093534469604 -1.0845087766647339 5.824265003204346
v -0.30147093534469604 -1.0773998498916626 5.824265003204346
v -0.30147093534469604 -1.0845087766647339 5.824265003204346
v -0.30147093534469604 -1.0773998498916626 5.853247165679932
v -0.30147093534469604 -1.0866961479187012 5.853247165679932
v -0.30147093534469604 -1.088883399963379 5.823718070983887
v -0.30147093534469604 -1.092711329460144 5.8630900382995605
v -0.30147093534469604 -1.1009138822555542 5.87074613571167
v -0.30147093534469604 -1.0910707712173462 5.82207727432251
v -0.30147093534469604 -1.1003670692443848 5.81278133392334
v -0.30147093534469604 -1.1244279146194458 5.831920623779297
v -0.30147093534469604 -1.1047416925430298 5.810047149658203
v -0.30147093534469604 -1.126068353652954 5.826999187469482
v -0.30147093534469604 -1.1102100610733032 5.808406352996826
v -0.30147093534469604 -1.116225242614746 5.809500217437744
v -0.30147093534469604 -1.126068353652954 5.821530818939209
v -0.30147093534469604 -1.1244279146194458 5.8160624504089355
v -0.30147093534469604 -1.1205999851226807 5.812234401702881
v -0.2681138515472412 -1.1244279146194458 5.8160624504089355
v -0.2681138515472412 -1.1205999851226807 5.812234401702881
v -0.2681138515472412 -1.126068353652954 5.821530818939209
v -0.2681138515472412 -1.116225242614746 5.809500217437744
v -0.2681138515472412 -1.126068353652954 5.826999187469482
v -0.2681138515472412 -1.1102100610733032 5.808406352996826
v -0.2681138515472412 -1.1047416925430298 5.810047149658203
v -0.2681138515472412 -1.1244279146194458 5.831920623779297
v -0.2681138515472412 -1.1003670692443848 5.81278133392334
v -0.2681138515472412 -1.1009138822555542 5.87074613571167
v -0.2681138515472412 -1.0910707712173462 5.82207727432251
v -0.2681138515472412 -1.088883399963379 5.823718070983887
v -0.2681138515472412 -1.092711329460144 5.8630900382995605
v -0.2681138515472412 -1.0866961479187012 5.853247165679932
v -0.2681138515472412 -1.0773998498916626 5.824265003204346
v -0.2681138515472412 -1.0773998498916626 5.853247165679932
v -0.2681138515472412 -1.0845087766647339 5.824265003204346
v -0.2681138515472412 -1.0845087766647339 5.824265003204346
v -0.27631640434265137 -1.0845087766647339 5.824265003204346
v -0.2681138515472412 -1.0773998498916626 5.824265003204346
v -0.27631640434265137 -1.0773998498916626 5.824265003204346
v -0.30147093534469604 -1.0773998498916626 5.853247165679932
v -0.2938151955604553 -1.0773998498916626 5.853247165679932
v -0.30147093534469604 -1.0773998498916626 5.824265003204346
v -0.2938151955604553 -1.0773998498916626 5.824265003204346
v -0.27631640434265137 -1.0773998498916626 5.853247165679932
v -0.27631640434265137 -1.0773998498916626 5.824265003204346
v -0.2681138515472412 -1.0773998498916626 5.824265003204346
v -0.2681138515472412 -1.0773998498916626 5.853247165679932
v -0.2681138515472412 -1.1009138822555542 5.87074613571167
v -0.27576959133148193 -1.1009138822555542 5.87074613571167
v -0.2681138515472412 -1.1244279146194458 5.831920623779297
v -0.27576959133148193 -1.1244279146194458 5.831920623779297
v -0.2681138515472412 -1.126068353652954 5.826999187469482
v -0.27576959133148193 -1.126068353652954 5.826999187469482
v -0.2681138515472412 -1.126068353652954 5.821530818939209
v -0.27576959133148193 -1.126068353652954 5.821530818939209
v -0.2681138515472412 -1.1244279146194458 5.8160624504089355
v -0.27576959133148193 -1.1244279146194458 5.8160624504089355
v -0.2681138515472412 -1.1205999851226807 5.812234401702881
v -0.27576959133148193 -1.1205999851226807 5.812234401702881
v -0.2681138515472412 -1.116225242614746 5.809500217437744
v -0.27576959133148193 -1.116225242614746 5.809500217437744
v -0.2681138515472412 -1.1102100610733032 5.808406352996826
v -0.27631640434265137 -1.1102100610733032 5.808406352996826
v -0.2681138515472412 -1.1047416925430298 5.810047149658203
v -0.27631640434265137 -1.1047416925430298 5.810047149658203
v -0.2681138515472412 -1.1003670692443848 5.81278133392334
v -0.27631640434265137 -1.1003670692443848 5.81278133392334
v -0.2681138515472412 -1.0910707712173462 5.82207727432251
v -0.27631640434265137 -1.0910707712173462 5.82207727432251
v -0.2681138515472412 -1.088883399963379 5.823718070983887
v -0.27631640434265137 -1.088883399963379 5.823718070983887
v -0.2681138515472412 -1.0845087766647339 5.824265003204346
v -0.27631640434265137 -1.0845087766647339 5.824265003204346
v -0.30147093534469604 -1.092711329460144 5.8630900382995605
v -0.2938151955604553 -1.092711329460144 5.8630900382995605
v -0.30147093534469604 -1.0866961479187012 5.853247165679932
v -0.2938151955604553 -1.0866961479187012 5.853247165679932
v -0.30147093534469604 -1.0773998498916626 5.853247165679932
v -0.2938151955604553 -1.0773998498916626 5.853247165679932
v -0.27631640434265137 -1.0773998498916626 5.853247165679932
v -0.27576959133148193 -1.0866961479187012 5.853247165679932
v -0.2681138515472412 -1.0773998498916626 5.853247165679932
v -0.2681138515472412 -1.0866961479187012 5.853247165679932
v -0.2681138515472412 -1.092711329460144 5.8630900382995605
v -0.27576959133148193 -1.092711329460144 5.8630900382995605
v -0.27631640434265137 -1.0845087766647339 5.824265003204346
v -0.27631640434265137 -1.088883399963379 5.823718070983887
v -0.27576959133148193 -1.0866961479187012 5.853247165679932
v -0.27576959133148193 -1.092711329460144 5.8630900382995605
v -0.27576959133148193 -1.1009138822555542 5.87074613571167
v -0.27631640434265137 -1.0910707712173462 5.82207727432251
v -0.27631640434265137 -1.1003670692443848 5.81278133392334
v -0.27576959133148193 -1.1244279146194458 5.831920623779297
v -0.27631640434265137 -1.1047416925430298 5.810047149658203
v -0.27576959133148193 -1.126068353652954 5.826999187469482
v -0.27631640434265137 -1.1102100610733032 5.808406352996826
v -0.27576959133148193 -1.116225242614746 5.809500217437744
v -0.27576959133148193 -1.126068353652954 5.821530818939209
v -0.27576959133148193 -1.1244279146194458 5.8160624504089355
v -0.27576959133148193 -1.1205999851226807 5.812234401702881
v -0.2938151955604553 -1.0773998498916626 5.824265003204346
v -0.27631640434265137 -1.0773998498916626 5.824265003204346
v -0.2938151955604553 -1.0845087766647339 5.824265003204346
v -0.27631640434265137 -1.0845087766647339 5.824265003204346
v 0.892821729183197 -1.1386456489562988 3.3011574745178223
v 0.892821729183197 -1.1386456489562988 0.8906989097595215
v 0.892821729183197 -1.08778977394104 3.3011574745178223
v 0.892821729183197 -1.08778977394104 0.8906989097595215
v -0.9259591102600098 -1.1386456489562988 3.3011574745178223
v 0.892821729183197 -1.1386456489562988 3.3011574745178223
v -0.9259591102600098 -1.08778977394104 3.3011574745178223
v 0.892821729183197 -1.08778977394104 3.3011574745178223
v -0.9259591102600098 -1.08778977394104 3.3011574745178223
v -0.9259591102600098 -1.08778977394104 0.8906989097595215
v -0.9259591102600098 -1.1386456489562988 3.3011574745178223
v -0.9259591102600098 -1.1386456489562988 0.8906989097595215
v -0.9259591102600098 -1.08778977394104 0.8906989097595215
v 0.892821729183197 -1.08778977394104 0.8906989097595215
v -0.9259591102600098 -1.1386456489562988 0.8906989097595215
v 0.892821729183197 -1.1386456489562988 0.8906989097595215
v 0.892821729183197 -1.08778977394104 3.3011574745178223
v 0.892821729183197 -1.08778977394104 0.8906989097595215
v -0.9259591102600098 -1.08778977394104 3.3011574745178223
v -0.9259591102600098 -1.08778977394104 0.8906989097595215
v 0.892821729183197 -1.1386456489562988 5.787079811096191
v 0.892821729183197 -1.1386456489562988 3.3760743141174316
v 0.892821729183197 -1.08778977394104 5.787079811096191
v 0.892821729183197 -1.08778977394104 3.3760743141174316
v -0.9259591102600098 -1.1386456489562988 5.787079811096191
v 0.892821729183197 -1.1386456489562988 5.787079811096191
v -0.9259591102600098 -1.08778977394104 5.787079811096191
v 0.892821729183197 -1.08778977394104 5.787079811096191
v -0.9259591102600098 -1.08778977394104 5.787079811096191
v -0.9259591102600098 -1.08778977394104 3.3760743141174316
v -0.9259591102600098 -1.1386456489562988 5.787079811096191
v -0.9259591102600098 -1.1386456489562988 3.3760743141174316
v -0.9259591102600098 -1.08778977394104 3.3760743141174316
v 0.892821729183197 -1.08778977394104 3.3760743141174316
v -0.9259591102600098 -1.1386456489562988 3.3760743141174316
v 0.892821729183197 -1.1386456489562988 3.3760743141174316
v 0.892821729183197 -1.08778977394104 5.787079811096191
v 0.892821729183197 -1.08778977394104 3.3760743141174316
v -0.9259591102600098 -1.08778977394104 5.787079811096191
v -0.9259591102600098 -1.08778977394104 3.3760743141174316
v 0.892821729183197 -1.1386456489562988 8.27245569229126
v 0.892821729183197 -1.1386456489562988 5.861449718475342
v 0.892821729183197 -1.08778977394104 8.27245569229126
v 0.892821729183197 -1.08778977394104 5.861449718475342
v -0.9259591102600098 -1.1386456489562988 8.27245569229126
v 0.892821729183197 -1.1386456489562988 8.27245569229126
v -0.9259591102600098 -1.08778977394104 8.27245569229126
v 0.892821729183197 -1.08778977394104 8.27245569229126
v -0.9259591102600098 -1.08778977394104 8.27245569229126
v -0.9259591102600098 -1.08778977394104 5.861449718475342
v -0.9259591102600098 -1.1386456489562988 8.27245569229126
v -0.9259591102600098 -1.1386456489562988 5.861449718475342
v -0.9259591102600098 -1.08778977394104 5.861449718475342
v 0.892821729183197 -1.08778977394104 5.861449718475342
v -0.9259591102600098 -1.1386456489562988 5.861449718475342
v 0.892821729183197 -1.1386456489562988 5.861449718475342
v 0.892821729183197 -1.08778977394104 8.27245569229126
v 0.892821729183197 -1.08778977394104 5.861449718475342
v -0.9259591102600098 -1.08778977394104 8.27245569229126
v -0.9259591102600098 -1.08778977394104 5.861449718475342
v 0.9743005633354187 0.9273055791854858 -0.05806398391723633
v 0.9857839941978455 0.9273055791854858 -0.05806398391723633
v 0.9743005633354187 0.1912626028060913 -0.05806398391723633
v 0.9857839941978455 0.1912626028060913 -0.05806398391723633
v 0.9743005633354187 0.1912626028060913 0.650637149810791
v 0.9857839941978455 0.1912626028060913 0.650637149810791
v 0.9743005633354187 0.9273055791854858 0.650637149810791
v 0.9857839941978455 0.9273055791854858 0.650637149810791
v 0.9857839941978455 0.1912626028060913 0.650637149810791
v 0.9857839941978455 0.1912626028060913 -0.05806398391723633
v 0.9857839941978455 0.9273055791854858 0.650637149810791
v 0.9857839941978455 0.9273055791854858 -0.05806398391723633
v 0.9857839941978455 0.9273055791854858 0.650637149810791
v 0.9857839941978455 0.9273055791854858 -0.05806398391723633
v 0.9743005633354187 0.9273055791854858 0.650637149810791
v 0.9743005633354187 0.9273055791854858 -0.05806398391723633
v 0.9743005633354187 0.1912626028060913 -0.05806398391723633
v 0.9857839941978455 0.1912626028060913 -0.05806398391723633
v 0.9743005633354187 0.1912626028060913 0.650637149810791
v 0.9857839941978455 0.1912626028060913 0.650637149810791
v 0.9743005633354187 -0.3583088517189026 -0.2073502540588379
v 0.9857839941978455 -0.3583088517189026 -0.2073502540588379
v 0.9743005633354187 -1.093804955482483 -0.2073502540588379
v 0.9857839941978455 -1.093804955482483 -0.2073502540588379
v 0.9743005633354187 -1.093804955482483 0.5018973350524902
v 0.9857839941978455 -1.093804955482483 0.5018973350524902
v 0.9743005633354187 -0.3583088517189026 0.5018973350524902
v 0.9857839941978455 -0.3583088517189026 0.5018973350524902
v 0.9857839941978455 -1.093804955482483 0.5018973350524902
v 0.9857839941978455 -1.093804955482483 -0.2073502540588379
v 0.9857839941978455 -0.3583088517189026 0.5018973350524902
v 0.9857839941978455 -0.3583088517189026 -0.2073502540588379
v 0.9857839941978455 -0.3583088517189026 0.5018973350524902
v 0.9857839941978455 -0.3583088517189026 -0.2073502540588379
v 0.9743005633354187 -0.3583088517189026 0.5018973350524902
v 0.9743005633354187 -0.3583088517189026 -0.2073502540588379
v 0.9743005633354187 -1.093804955482483 -0.2073502540588379
v 0.9857839941978455 -1.093804955482483 -0.2073502540588379
v 0.9743005633354187 -1.093804955482483 0.5018973350524902
v 0.9857839941978455 -1.093804955482483 0.5018973350524902
v 1.1241337656974792 -1.175283670425415 -0.10071706771850586
v 1.1241337656974792 -1.1878609657287598 -0.10345125198364258
v 1.1203059554100037 -1.175283670425415 -0.10071706771850586
v 1.1203059554100037 -1.1878609657287598 -0.10345125198364258
v 1.1203059554100037 -1.175283670425415 -0.10071706771850586
v 1.1203059554100037 -1.1643469333648682 -0.09360837936401367
v 1.1241337656974792 -1.175283670425415 -0.10071706771850586
v 1.1241337656974792 -1.1643469333648682 -0.09360837936401367
v 1.1203059554100037 -1.1643469333648682 -0.09360837936401367
v 1.1203059554100037 -1.1572381258010864 -0.0826716423034668
v 1.1241337656974792 -1.1643469333648682 -0.09360837936401367
v 1.1241337656974792 -1.1572381258010864 -0.0826716423034668
v 1.1203059554100037 -1.1572381258010864 -0.0826716423034668
v 1.1203059554100037 -1.1550507545471191 -0.07009434700012207
v 1.1241337656974792 -1.1572381258010864 -0.0826716423034668
v 1.1241337656974792 -1.1550507545471191 -0.07009434700012207
v 1.1203059554100037 -1.1550507545471191 -0.07009434700012207
v 1.1203059554100037 -1.1572381258010864 -0.057517051696777344
v 1.1241337656974792 -1.1550507545471191 -0.07009434700012207
v 1.1241337656974792 -1.1572381258010864 -0.057517051696777344
v 1.1203059554100037 -1.1572381258010864 -0.057517051696777344
v 1.1203059554100037 -1.1643469333648682 -0.04658031463623047
v 1.1241337656974792 -1.1572381258010864 -0.057517051696777344
v 1.1241337656974792 -1.1643469333648682 -0.04658031463623047
v 1.1203059554100037 -1.1643469333648682 -0.04658031463623047
v 1.1203059554100037 -1.175283670425415 -0.03947138786315918
v 1.1241337656974792 -1.1643469333648682 -0.04658031463623047
v 1.1241337656974792 -1.175283670425415 -0.03947138786315918
v 1.1203059554100037 -1.175283670425415 -0.03947138786315918
v 1.1203059554100037 -1.1878609657287598 -0.03673720359802246
v 1.1241337656974792 -1.175283670425415 -0.03947138786315918
v 1.1241337656974792 -1.1878609657287598 -0.03673720359802246
v 1.1203059554100037 -1.1878609657287598 -0.03673720359802246
v 1.1203059554100037 -1.200985074043274 -0.03947138786315918
v 1.1241337656974792 -1.1878609657287598 -0.03673720359802246
v 1.1241337656974792 -1.200985074043274 -0.03947138786315918
v 1.1203059554100037 -1.200985074043274 -0.03947138786315918
v 1.1203059554100037 -1.2119218111038208 -0.04658031463623047
v 1.1241337656974792 -1.200985074043274 -0.03947138786315918
v 1.1241337656974792 -1.2119218111038208 -0.04658031463623047
v 1.1203059554100037 -1.2119218111038208 -0.04658031463623047
v 1.1203059554100037 -1.219030737876892 -0.057517051696777344
v 1.1241337656974792 -1.2119218111038208 -0.04658031463623047
v 1.1241337656974792 -1.219030737876892 -0.057517051696777344
v 1.1203059554100037 -1.219030737876892 -0.057517051696777344
v 1.1203059554100037 -1.2212181091308594 -0.07009434700012207
v 1.1241337656974792 -1.219030737876892 -0.057517051696777344
v 1.1241337656974792 -1.2212181091308594 -0.07009434700012207
v 1.1203059554100037 -1.2212181091308594 -0.07009434700012207
v 1.1203059554100037 -1.219030737876892 -0.0826716423034668
v 1.1241337656974792 -1.2212181091308594 -0.07009434700012207
v 1.1241337656974792 -1.219030737876892 -0.0826716423034668
v 1.1203059554100037 -1.219030737876892 -0.0826716423034668
v 1.1203059554100037 -1.2119218111038208 -0.09360837936401367
v 1.1241337656974792 -1.219030737876892 -0.0826716423034668
v 1.1241337656974792 -1.2119218111038208 -0.09360837936401367
v 1.1203059554100037 -1.2119218111038208 -0.09360837936401367
v 1.1203059554100037 -1.200985074043274 -0.10071706771850586
v 1.1241337656974792 -1.2119218111038208 -0.09360837936401367
v 1.1241337656974792 -1.200985074043274 -0.10071706771850586
v 1.1203059554100037 -1.200985074043274 -0.10071706771850586
v 1.1203059554100037 -1.1878609657287598 -0.10345125198364258
v 1.1241337656974792 -1.200985074043274 -0.10071706771850586
v 1.1241337656974792 -1.1878609657287598 -0.10345125198364258
v 1.1241337656974792 -1.200985074043274 -0.10071706771850586
v 1.1241337656974792 -1.1878609657287598 -0.07009434700012207
v 1.1241337656974792 -1.2119218111038208 -0.09360837936401367
v 1.1241337656974792 -1.219030737876892 -0.0826716423034668
v 1.1241337656974792 -1.2212181091308594 -0.07009434700012207
v 1.1241337656974792 -1.219030737876892 -0.057517051696777344
v 1.1241337656974792 -1.2119218111038208 -0.04658031463623047
v 1.1241337656974792 -1.200985074043274 -0.03947138786315918
v 1.1241337656974792 -1.1878609657287598 -0.03673720359802246
v 1.1241337656974792 -1.175283670425415 -0.03947138786315918
v 1.1241337656974792 -1.1643469333648682 -0.04658031463623047
v 1.1241337656974792 -1.1572381258010864 -0.057517051696777344
v 1.1241337656974792 -1.1550507545471191 -0.07009434700012207
v 1.1241337656974792 -1.1572381258010864 -0.0826716423034668
v 1.1241337656974792 -1.1643469333648682 -0.09360837936401367
v 1.1241337656974792 -1.175283670425415 -0.10071706771850586
v 1.1241337656974792 -1.1878609657287598 -0.10345125198364258
v 1.1203059554100037 -1.1878609657287598 -0.10345125198364258
v 1.1203059554100037 -1.1878609657287598 -0.07009434700012207
v 1.1203059554100037 -1.175283670425415 -0.10071706771850586
v 1.1203059554100037 -1.1643469333648682 -0.09360837936401367
v 1.1203059554100037 -1.1572381258010864 -0.0826716423034668
v 1.1203059554100037 -1.1550507545471191 -0.07009434700012207
v 1.1203059554100037 -1.1572381258010864 -0.057517051696777344
v 1.1203059554100037 -1.1643469333648682 -0.04658031463623047
v 1.1203059554100037 -1.175283670425415 -0.03947138786315918
v 1.1203059554100037 -1.1878609657287598 -0.03673720359802246
v 1.1203059554100037 -1.200985074043274 -0.03947138786315918
v 1.1203059554100037 -1.2119218111038208 -0.04658031463623047
v 1.1203059554100037 -1.219030737876892 -0.057517051696777344
v 1.1203059554100037 -1.2212181091308594 -0.07009434700012207
v 1.1203059554100037 -1.219030737876892 -0.0826716423034668
v 1.1203059554100037 -1.2119218111038208 -0.09360837936401367
v 1.1203059554100037 -1.200985074043274 -0.10071706771850586
v 1.1241337656974792 -1.2502003908157349 -0.2303175926208496
v 1.1241337656974792 -1.263324499130249 -0.23305177688598633
v 1.1203059554100037 -1.2502003908157349 -0.2303175926208496
v 1.1203059554100037 -1.263324499130249 -0.23305177688598633
v 1.1203059554100037 -1.2502003908157349 -0.2303175926208496
v 1.1203059554100037 -1.239810585975647 -0.22320890426635742
v 1.1241337656974792 -1.2502003908157349 -0.2303175926208496
v 1.1241337656974792 -1.239810585975647 -0.22320890426635742
v 1.1203059554100037 -1.239810585975647 -0.22320890426635742
v 1.1203059554100037 -1.2321548461914062 -0.21227216720581055
v 1.1241337656974792 -1.239810585975647 -0.22320890426635742
v 1.1241337656974792 -1.2321548461914062 -0.21227216720581055
v 1.1203059554100037 -1.2321548461914062 -0.21227216720581055
v 1.1203059554100037 -1.229967474937439 -0.19969463348388672
v 1.1241337656974792 -1.2321548461914062 -0.21227216720581055
v 1.1241337656974792 -1.229967474937439 -0.19969463348388672
v 1.1203059554100037 -1.229967474937439 -0.19969463348388672
v 1.1203059554100037 -1.2321548461914062 -0.1871175765991211
v 1.1241337656974792 -1.229967474937439 -0.19969463348388672
v 1.1241337656974792 -1.2321548461914062 -0.1871175765991211
v 1.1203059554100037 -1.2321548461914062 -0.1871175765991211
v 1.1203059554100037 -1.239810585975647 -0.17618083953857422
v 1.1241337656974792 -1.2321548461914062 -0.1871175765991211
v 1.1241337656974792 -1.239810585975647 -0.17618083953857422
v 1.1203059554100037 -1.239810585975647 -0.17618083953857422
v 1.1203059554100037 -1.2502003908157349 -0.16907191276550293
v 1.1241337656974792 -1.239810585975647 -0.17618083953857422
v 1.1241337656974792 -1.2502003908157349 -0.16907191276550293
v 1.1203059554100037 -1.2502003908157349 -0.16907191276550293
v 1.1203059554100037 -1.263324499130249 -0.1663377285003662
v 1.1241337656974792 -1.2502003908157349 -0.16907191276550293
v 1.1241337656974792 -1.263324499130249 -0.1663377285003662
v 1.1203059554100037 -1.263324499130249 -0.1663377285003662
v 1.1203059554100037 -1.2759017944335938 -0.16907191276550293
v 1.1241337656974792 -1.263324499130249 -0.1663377285003662
v 1.1241337656974792 -1.2759017944335938 -0.16907191276550293
v 1.1203059554100037 -1.2759017944335938 -0.16907191276550293
v 1.1203059554100037 -1.2868385314941406 -0.17618083953857422
v 1.1241337656974792 -1.2759017944335938 -0.16907191276550293
v 1.1241337656974792 -1.2868385314941406 -0.17618083953857422
v 1.1203059554100037 -1.2868385314941406 -0.17618083953857422
v 1.1203059554100037 -1.293947458267212 -0.1871175765991211
v 1.1241337656974792 -1.2868385314941406 -0.17618083953857422
v 1.1241337656974792 -1.293947458267212 -0.1871175765991211
v 1.1203059554100037 -1.293947458267212 -0.1871175765991211
v 1.1203059554100037 -1.2966816425323486 -0.19969463348388672
v 1.1241337656974792 -1.293947458267212 -0.1871175765991211
v 1.1241337656974792 -1.2966816425323486 -0.19969463348388672
v 1.1203059554100037 -1.2966816425323486 -0.19969463348388672
v 1.1203059554100037 -1.293947458267212 -0.21227216720581055
v 1.1241337656974792 -1.2966816425323486 -0.19969463348388672
v 1.1241337656974792 -1.293947458267212 -0.21227216720581055
v 1.1203059554100037 -1.293947458267212 -0.21227216720581055
v 1.1203059554100037 -1.2868385314941406 -0.22320890426635742
v 1.1241337656974792 -1.293947458267212 -0.21227216720581055
v 1.1241337656974792 -1.2868385314941406 -0.22320890426635742
v 1.1203059554100037 -1.2868385314941406 -0.22320890426635742
v 1.1203059554100037 -1.2759017944335938 -0.2303175926208496
v 1.1241337656974792 -1.2868385314941406 -0.22320890426635742
v 1.1241337656974792 -1.2759017944335938 -0.2303175926208496
v 1.1203059554100037 -1.2759017944335938 -0.2303175926208496
v 1.1203059554100037 -1.263324499130249 -0.23305177688598633
v 1.1241337656974792 -1.2759017944335938 -0.2303175926208496
v 1.1241337656974792 -1.263324499130249 -0.23305177688598633
v 1.1241337656974792 -1.2759017944335938 -0.2303175926208496
v 1.1241337656974792 -1.263324499130249 -0.19969463348388672
v 1.1241337656974792 -1.2868385314941406 -0.22320890426635742
v 1.1241337656974792 -1.293947458267212 -0.21227216720581055
v 1.1241337656974792 -1.2966816425323486 -0.19969463348388672
v 1.1241337656974792 -1.293947458267212 -0.1871175765991211
v 1.1241337656974792 -1.2868385314941406 -0.17618083953857422
v 1.1241337656974792 -1.2759017944335938 -0.16907191276550293
v 1.1241337656974792 -1.263324499130249 -0.1663377285003662
v 1.1241337656974792 -1.2502003908157349 -0.16907191276550293
v 1.1241337656974792 -1.239810585975647 -0.17618083953857422
v 1.1241337656974792 -1.2321548461914062 -0.1871175765991211
v 1.1241337656974792 -1.229967474937439 -0.19969463348388672
v 1.1241337656974792 -1.2321548461914062 -0.21227216720581055
v 1.1241337656974792 -1.239810585975647 -0.22320890426635742
v 1.1241337656974792 -1.2502003908157349 -0.2303175926208496
v 1.1241337656974792 -1.263324499130249 -0.23305177688598633
v 1.1203059554100037 -1.263324499130249 -0.23305177688598633
v 1.1203059554100037 -1.263324499130249 -0.19969463348388672
v 1.1203059554100037 -1.2502003908157349 -0.2303175926208496
v 1.1203059554100037 -1.239810585975647 -0.22320890426635742
v 1.1203059554100037 -1.2321548461914062 -0.21227216720581055
v 1.1203059554100037 -1.229967474937439 -0.19969463348388672
v 1.1203059554100037 -1.2321548461914062 -0.1871175765991211
v 1.1203059554100037 -1.239810585975647 -0.17618083953857422
v 1.1203059554100037 -1.2502003908157349 -0.16907191276550293
v 1.1203059554100037 -1.263324499130249 -0.1663377285003662
v 1.1203059554100037 -1.2759017944335938 -0.16907191276550293
v 1.1203059554100037 -1.2868385314941406 -0.17618083953857422
v 1.1203059554100037 -1.293947458267212 -0.1871175765991211
v 1.1203059554100037 -1.2966816425323486 -0.19969463348388672
v 1.1203059554100037 -1.293947458267212 -0.21227216720581055
v 1.1203059554100037 -1.2868385314941406 -0.22320890426635742
v 1.1203059554100037 -1.2759017944335938 -0.2303175926208496
v 1.1241337656974792 -1.1003670692443848 -0.2303175926208496
v 1.1241337656974792 -1.11294424533844 -0.23305177688598633
v 1.1203059554100037 -1.1003670692443848 -0.2303175926208496
v 1.1203059554100037 -1.11294424533844 -0.23305177688598633
v 1.1203059554100037 -1.1003670692443848 -0.2303175926208496
v 1.1203059554100037 -1.089430332183838 -0.22320890426635742
v 1.1241337656974792 -1.1003670692443848 -0.2303175926208496
v 1.1241337656974792 -1.089430332183838 -0.22320890426635742
v 1.1203059554100037 -1.089430332183838 -0.22320890426635742
v 1.1203059554100037 -1.0823214054107666 -0.21227216720581055
v 1.1241337656974792 -1.089430332183838 -0.22320890426635742
v 1.1241337656974792 -1.0823214054107666 -0.21227216720581055
v 1.1203059554100037 -1.0823214054107666 -0.21227216720581055
v 1.1203059554100037 -1.0795872211456299 -0.19969463348388672
v 1.1241337656974792 -1.0823214054107666 -0.21227216720581055
v 1.1241337656974792 -1.0795872211456299 -0.19969463348388672
v 1.1203059554100037 -1.0795872211456299 -0.19969463348388672
v 1.1203059554100037 -1.0823214054107666 -0.1871175765991211
v 1.1241337656974792 -1.0795872211456299 -0.19969463348388672
v 1.1241337656974792 -1.0823214054107666 -0.1871175765991211
v 1.1203059554100037 -1.0823214054107666 -0.1871175765991211
v 1.1203059554100037 -1.089430332183838 -0.17618083953857422
v 1.1241337656974792 -1.0823214054107666 -0.1871175765991211
v 1.1241337656974792 -1.089430332183838 -0.17618083953857422
v 1.1203059554100037 -1.089430332183838 -0.17618083953857422
v 1.1203059554100037 -1.1003670692443848 -0.16907191276550293
v 1.1241337656974792 -1.089430332183838 -0.17618083953857422
v 1.1241337656974792 -1.1003670692443848 -0.16907191276550293
v 1.1203059554100037 -1.1003670692443848 -0.16907191276550293
v 1.1203059554100037 -1.11294424533844 -0.1663377285003662
v 1.1241337656974792 -1.1003670692443848 -0.16907191276550293
v 1.1241337656974792 -1.11294424533844 -0.1663377285003662
v 1.1203059554100037 -1.11294424533844 -0.1663377285003662
v 1.1203059554100037 -1.126068353652954 -0.16907191276550293
v 1.1241337656974792 -1.11294424533844 -0.1663377285003662
v 1.1241337656974792 -1.126068353652954 -0.16907191276550293
v 1.1203059554100037 -1.126068353652954 -0.16907191276550293
v 1.1203059554100037 -1.1364582777023315 -0.17618083953857422
v 1.1241337656974792 -1.126068353652954 -0.16907191276550293
v 1.1241337656974792 -1.1364582777023315 -0.17618083953857422
v 1.1203059554100037 -1.1364582777023315 -0.17618083953857422
v 1.1203059554100037 -1.1441140174865723 -0.1871175765991211
v 1.1241337656974792 -1.1364582777023315 -0.17618083953857422
v 1.1241337656974792 -1.1441140174865723 -0.1871175765991211
v 1.1203059554100037 -1.1441140174865723 -0.1871175765991211
v 1.1203059554100037 -1.1463013887405396 -0.19969463348388672
v 1.1241337656974792 -1.1441140174865723 -0.1871175765991211
v 1.1241337656974792 -1.1463013887405396 -0.19969463348388672
v 1.1203059554100037 -1.1463013887405396 -0.19969463348388672
v 1.1203059554100037 -1.1441140174865723 -0.21227216720581055
v 1.1241337656974792 -1.1463013887405396 -0.19969463348388672
v 1.1241337656974792 -1.1441140174865723 -0.21227216720581055
v 1.1203059554100037 -1.1441140174865723 -0.21227216720581055
v 1.1203059554100037 -1.1364582777023315 -0.22320890426635742
v 1.1241337656974792 -1.1441140174865723 -0.21227216720581055
v 1.1241337656974792 -1.1364582777023315 -0.22320890426635742
v 1.1203059554100037 -1.1364582777023315 -0.22320890426635742
v 1.1203059554100037 -1.126068353652954 -0.2303175926208496
v 1.1241337656974792 -1.1364582777023315 -0.22320890426635742
v 1.1241337656974792 -1.126068353652954 -0.2303175926208496
v 1.1203059554100037 -1.126068353652954 -0.2303175926208496
v 1.1203059554100037 -1.11294424533844 -0.23305177688598633
v 1.1241337656974792 -1.126068353652954 -0.2303175926208496
v 1.1241337656974792 -1.11294424533844 -0.23305177688598633
v 1.1241337656974792 -1.126068353652954 -0.2303175926208496
v 1.1241337656974792 -1.11294424533844 -0.19969463348388672
v 1.1241337656974792 -1.1364582777023315 -0.22320890426635742
v 1.1241337656974792 -1.1441140174865723 -0.21227216720581055
v 1.1241337656974792 -1.1463013887405396 -0.19969463348388672
v 1.1241337656974792 -1.1441140174865723 -0.1871175765991211
v 1.1241337656974792 -1.1364582777023315 -0.17618083953857422
v 1.1241337656974792 -1.126068353652954 -0.16907191276550293
v 1.1241337656974792 -1.11294424533844 -0.1663377285003662
v 1.1241337656974792 -1.1003670692443848 -0.16907191276550293
v 1.1241337656974792 -1.089430332183838 -0.17618083953857422
v 1.1241337656974792 -1.0823214054107666 -0.1871175765991211
v 1.1241337656974792 -1.0795872211456299 -0.19969463348388672
v 1.1241337656974792 -1.0823214054107666 -0.21227216720581055
v 1.1241337656974792 -1.089430332183838 -0.22320890426635742
v 1.1241337656974792 -1.1003670692443848 -0.2303175926208496
v 1.1241337656974792 -1.11294424533844 -0.23305177688598633
v 1.1203059554100037 -1.11294424533844 -0.23305177688598633
v 1.1203059554100037 -1.11294424533844 -0.19969463348388672
v 1.1203059554100037 -1.1003670692443848 -0.2303175926208496
v 1.1203059554100037 -1.089430332183838 -0.22320890426635742
v 1.1203059554100037 -1.0823214054107666 -0.21227216720581055
v 1.1203059554100037 -1.0795872211456299 -0.19969463348388672
v 1.1203059554100037 -1.0823214054107666 -0.1871175765991211
v 1.1203059554100037 -1.089430332183838 -0.17618083953857422
v 1.1203059554100037 -1.1003670692443848 -0.16907191276550293
v 1.1203059554100037 -1.11294424533844 -0.1663377285003662
v 1.1203059554100037 -1.126068353652954 -0.16907191276550293
v 1.1203059554100037 -1.1364582777023315 -0.17618083953857422
v 1.1203059554100037 -1.1441140174865723 -0.1871175765991211
v 1.1203059554100037 -1.1463013887405396 -0.19969463348388672
v 1.1203059554100037 -1.1441140174865723 -0.21227216720581055
v 1.1203059554100037 -1.1364582777023315 -0.22320890426635742
v 1.1203059554100037 -1.126068353652954 -0.2303175926208496
v 0.9743005633354187 0.1447814702987671 0.24816513061523438
v 0.9797689318656921 0.1447814702987671 0.24816513061523438
v 0.9743005633354187 -0.2582376003265381 0.24816513061523438
v 0.9797689318656921 -0.2582376003265381 0.24816513061523438
v 0.9743005633354187 -0.2582376003265381 0.5533003807067871
v 0.9797689318656921 -0.2582376003265381 0.5533003807067871
v 0.9743005633354187 0.1447814702987671 0.5533003807067871
v 0.9797689318656921 0.1447814702987671 0.5533003807067871
v 0.9797689318656921 -0.2582376003265381 0.5533003807067871
v 0.9797689318656921 -0.2582376003265381 0.24816513061523438
v 0.9797689318656921 0.1447814702987671 0.5533003807067871
v 0.9797689318656921 0.1447814702987671 0.24816513061523438
v 0.9797689318656921 0.1447814702987671 0.5533003807067871
v 0.9797689318656921 0.1447814702987671 0.24816513061523438
v 0.9743005633354187 0.1447814702987671 0.5533003807067871
v 0.9743005633354187 0.1447814702987671 0.24816513061523438
v 0.9743005633354187 -0.2582376003265381 0.24816513061523438
v 0.9797689318656921 -0.2582376003265381 0.24816513061523438
v 0.9743005633354187 -0.2582376003265381 0.5533003807067871
v 0.9797689318656921 -0.2582376003265381 0.5533003807067871
v -0.4813804030418396 -0.7706241607666016 -0.674896240234375
v -0.4813804030418396 -0.7706241607666016 -0.6863799095153809
v -0.4813804030418396 -0.8739763498306274 -0.674896240234375
v -0.4813804030418396 -0.8739763498306274 -0.6863799095153809
v -0.30857980251312256 -0.13848018646240234 -0.674896240234375
v -0.30857980251312256 -0.13848018646240234 -0.6863799095153809
v -0.4813804030418396 -0.7706241607666016 -0.674896240234375
v -0.4813804030418396 -0.7706241607666016 -0.6863799095153809
v 0.605185329914093 -0.25276923179626465 -0.674896240234375
v 0.605185329914093 -0.25276923179626465 -0.6863799095153809
v 0.605185329914093 -0.13848018646240234 -0.674896240234375
v 0.605185329914093 -0.13848018646240234 -0.6863799095153809
v 0.4323846697807312 -0.8739763498306274 -0.674896240234375
v 0.4323846697807312 -0.8739763498306274 -0.6863799095153809
v 0.605185329914093 -0.25276923179626465 -0.674896240234375
v 0.605185329914093 -0.25276923179626465 -0.6863799095153809
v 0.4323846697807312 -0.8739763498306274 -0.6863799095153809
v -0.4813804030418396 -0.8739763498306274 -0.6863799095153809
v 0.605185329914093 -0.25276923179626465 -0.6863799095153809
v 0.605185329914093 -0.13848018646240234 -0.6863799095153809
v -0.30857980251312256 -0.13848018646240234 -0.6863799095153809
v -0.4813804030418396 -0.7706241607666016 -0.6863799095153809
v 0.605185329914093 -0.13848018646240234 -0.6863799095153809
v -0.30857980251312256 -0.13848018646240234 -0.6863799095153809
v 0.605185329914093 -0.13848018646240234 -0.674896240234375
v -0.30857980251312256 -0.13848018646240234 -0.674896240234375
v -0.4813804030418396 -0.8739763498306274 -0.674896240234375
v -0.4813804030418396 -0.8739763498306274 -0.6863799095153809
v 0.4323846697807312 -0.8739763498306274 -0.674896240234375
v 0.4323846697807312 -0.8739763498306274 -0.6863799095153809
v 0.7752516865730286 0.6735731363296509 -0.6863799095153809
v 0.29075390100479126 0.6735731363296509 -0.6863799095153809
v 0.7752516865730286 1.2493928670883179 -0.6863799095153809
v 0.06655055284500122 1.2493928670883179 -0.6863799095153809
v -0.07234609127044678 0.7654417753219604 -0.6863799095153809
v 0.06655055284500122 1.2493928670883179 -0.6863799095153809
v 0.06655055284500122 1.2493928670883179 -0.674896240234375
v 0.7752516865730286 1.2493928670883179 -0.6863799095153809
v 0.7752516865730286 1.2493928670883179 -0.674896240234375
v 0.29075390100479126 0.6735731363296509 -0.674896240234375
v 0.29075390100479126 0.6735731363296509 -0.6863799095153809
v 0.7752516865730286 0.6735731363296509 -0.674896240234375
v 0.7752516865730286 0.6735731363296509 -0.6863799095153809
v -0.07234609127044678 0.7654417753219604 -0.674896240234375
v -0.07234609127044678 0.7654417753219604 -0.6863799095153809
v 0.29075390100479126 0.6735731363296509 -0.674896240234375
v 0.29075390100479126 0.6735731363296509 -0.6863799095153809
v 0.06655055284500122 1.2493928670883179 -0.674896240234375
v 0.06655055284500122 1.2493928670883179 -0.6863799095153809
v -0.07234609127044678 0.7654417753219604 -0.674896240234375
v -0.07234609127044678 0.7654417753219604 -0.6863799095153809
v 0.7752516865730286 0.6735731363296509 -0.674896240234375
v 0.7752516865730286 0.6735731363296509 -0.6863799095153809
v 0.7752516865730286 1.2493928670883179 -0.674896240234375
v 0.7752516865730286 1.2493928670883179 -0.6863799095153809
v 0.014601051807403564 0.531395435333252 -0.674896240234375
v 0.014601051807403564 0.531395435333252 -0.6863799095153809
v 0.014601051807403564 -0.061376214027404785 -0.674896240234375
v 0.014601051807403564 -0.061376214027404785 -0.6863799095153809
v 0.5384711623191833 -0.061376214027404785 -0.674896240234375
v 0.5384711623191833 -0.061376214027404785 -0.6863799095153809
v 0.5384711623191833 0.531395435333252 -0.674896240234375
v 0.5384711623191833 0.531395435333252 -0.6863799095153809
v 0.5384711623191833 -0.061376214027404785 -0.6863799095153809
v 0.014601051807403564 -0.061376214027404785 -0.6863799095153809
v 0.5384711623191833 0.531395435333252 -0.6863799095153809
v 0.014601051807403564 0.531395435333252 -0.6863799095153809
v 0.5384711623191833 0.531395435333252 -0.6863799095153809
v 0.014601051807403564 0.531395435333252 -0.6863799095153809
v 0.5384711623191833 0.531395435333252 -0.674896240234375
v 0.014601051807403564 0.531395435333252 -0.674896240234375
v 0.014601051807403564 -0.061376214027404785 -0.674896240234375
v 0.014601051807403564 -0.061376214027404785 -0.6863799095153809
v 0.5384711623191833 -0.061376214027404785 -0.674896240234375
v 0.5384711623191833 -0.061376214027404785 -0.6863799095153809
v -0.017662346363067627 -1.308165192604065 0.8310935497283936
v -0.017662346363067627 -1.308165192604065 0.8562479019165039
v -0.06742459535598755 -1.298322081565857 0.8562479019165039
v 0.03155297040939331 -1.298322081565857 0.8562479019165039
v 0.03155297040939331 -1.298322081565857 0.8310935497283936
v -0.06742459535598755 -1.298322081565857 0.8310935497283936
v -0.10953104496002197 -1.2704334259033203 0.8562479019165039
v 0.07365947961807251 -1.2704334259033203 0.8562479019165039
v 0.11139124631881714 -1.1791115999221802 0.8562479019165039
v 0.11139124631881714 -1.1293493509292603 0.8310935497283936
v 0.11139124631881714 -1.1293493509292603 0.8562479019165039
v -0.1472628116607666 -1.1293493509292603 0.8562479019165039
v -0.1472628116607666 -1.1293493509292603 0.8310935497283936
v 0.11139124631881714 -1.1791115999221802 0.8310935497283936
v 0.10154813528060913 -1.2283269166946411 0.8562479019165039
v 0.10154813528060913 -1.2283269166946411 0.8310935497283936
v 0.07365947961807251 -1.2704334259033203 0.8310935497283936
v -0.10953104496002197 -1.2704334259033203 0.8310935497283936
v -0.13741976022720337 -1.2283269166946411 0.8562479019165039
v -0.1472628116607666 -1.1791115999221802 0.8562479019165039
v -0.1472628116607666 -1.1791115999221802 0.8310935497283936
v -0.13741976022720337 -1.2283269166946411 0.8310935497283936
v -1.0424354672431946 1.5239051580429077 0.7862529754638672
v -1.0391544699668884 1.5364824533462524 0.7840657234191895
v -1.0386075377464294 1.5228115320205688 0.7862529754638672
v -1.0353265404701233 1.5353885889053345 0.7840657234191895
v -1.0386075377464294 1.5228115320205688 0.7862529754638672
v -1.0413417220115662 1.5124214887619019 0.7939085960388184
v -1.0424354672431946 1.5239051580429077 0.7862529754638672
v -1.0451696515083313 1.5135151147842407 0.7939085960388184
v -1.0413417220115662 1.5124214887619019 0.7939085960388184
v -1.042982280254364 1.5058594942092896 0.8042984008789062
v -1.0451696515083313 1.5135151147842407 0.7939085960388184
v -1.0468100905418396 1.5064061880111694 0.8042984008789062
v -1.042982280254364 1.5058594942092896 0.8042984008789062
v -1.0440759062767029 1.5031253099441528 0.81742262840271
v -1.0468100905418396 1.5064061880111694 0.8042984008789062
v -1.047903835773468 1.5042189359664917 0.81742262840271
v -1.0440759062767029 1.5031253099441528 0.81742262840271
v -1.042982280254364 1.5058594942092896 0.8299999237060547
v -1.047903835773468 1.5042189359664917 0.81742262840271
v -1.0468100905418396 1.5064061880111694 0.8299999237060547
v -1.042982280254364 1.5058594942092896 0.8299999237060547
v -1.0413417220115662 1.5124214887619019 0.8409366607666016
v -1.0468100905418396 1.5064061880111694 0.8299999237060547
v -1.0451696515083313 1.5135151147842407 0.8409366607666016
v -1.0413417220115662 1.5124214887619019 0.8409366607666016
v -1.0386075377464294 1.5228115320205688 0.8480453491210938
v -1.0451696515083313 1.5135151147842407 0.8409366607666016
v -1.0424354672431946 1.5239051580429077 0.8480453491210938
v -1.0386075377464294 1.5228115320205688 0.8480453491210938
v -1.0353265404701233 1.5353885889053345 0.8507795333862305
v -1.0424354672431946 1.5239051580429077 0.8480453491210938
v -1.0391544699668884 1.5364824533462524 0.8507795333862305
v -1.0353265404701233 1.5353885889053345 0.8507795333862305
v -1.0320455431938171 1.5474191904067993 0.8480453491210938
v -1.0391544699668884 1.5364824533462524 0.8507795333862305
v -1.0358733534812927 1.5485128164291382 0.8480453491210938
v -1.0320455431938171 1.5474191904067993 0.8480453491210938
v -1.0293113589286804 1.5583559274673462 0.8409366607666016
v -1.0358733534812927 1.5485128164291382 0.8480453491210938
v -1.033139169216156 1.558902621269226 0.8409366607666016
v -1.0293113589286804 1.5583559274673462 0.8409366607666016
v -1.0271239876747131 1.5649179220199585 0.8299999237060547
v -1.033139169216156 1.558902621269226 0.8409366607666016
v -1.0309519171714783 1.5660115480422974 0.8299999237060547
v -1.0271239876747131 1.5649179220199585 0.8299999237060547
v -1.0265771746635437 1.5676521062850952 0.81742262840271
v -1.0309519171714783 1.5660115480422974 0.8299999237060547
v -1.0304049849510193 1.568745732307434 0.81742262840271
v -1.0265771746635437 1.5676521062850952 0.81742262840271
v -1.0271239876747131 1.5649179220199585 0.8042984008789062
v -1.0304049849510193 1.568745732307434 0.81742262840271
v -1.0309519171714783 1.5660115480422974 0.8042984008789062
v -1.0271239876747131 1.5649179220199585 0.8042984008789062
v -1.0293113589286804 1.5583559274673462 0.7939085960388184
v -1.0309519171714783 1.5660115480422974 0.8042984008789062
v -1.033139169216156 1.558902621269226 0.7939085960388184
v -1.0293113589286804 1.5583559274673462 0.7939085960388184
v -1.0320455431938171 1.5474191904067993 0.7862529754638672
v -1.033139169216156 1.558902621269226 0.7939085960388184
v -1.0358733534812927 1.5485128164291382 0.7862529754638672
v -1.0320455431938171 1.5474191904067993 0.7862529754638672
v -1.0353265404701233 1.5353885889053345 0.7840657234191895
v -1.0358733534812927 1.5485128164291382 0.7862529754638672
v -1.0391544699668884 1.5364824533462524 0.7840657234191895
v -1.0358733534812927 1.5485128164291382 0.7862529754638672
v -1.0391544699668884 1.5364824533462524 0.81742262840271
v -1.033139169216156 1.558902621269226 0.7939085960388184
v -1.0309519171714783 1.5660115480422974 0.8042984008789062
v -1.0304049849510193 1.568745732307434 0.81742262840271
v -1.0309519171714783 1.5660115480422974 0.8299999237060547
v -1.033139169216156 1.558902621269226 0.8409366607666016
v -1.0358733534812927 1.5485128164291382 0.8480453491210938
v -1.0391544699668884 1.5364824533462524 0.8507795333862305
v -1.0424354672431946 1.5239051580429077 0.8480453491210938
v -1.0451696515083313 1.5135151147842407 0.8409366607666016
v -1.0468100905418396 1.5064061880111694 0.8299999237060547
v -1.047903835773468 1.5042189359664917 0.81742262840271
v -1.0468100905418396 1.5064061880111694 0.8042984008789062
v -1.0451696515083313 1.5135151147842407 0.7939085960388184
v -1.0424354672431946 1.5239051580429077 0.7862529754638672
v -1.0391544699668884 1.5364824533462524 0.7840657234191895
v -1.0353265404701233 1.5353885889053345 0.7840657234191895
v -1.0353265404701233 1.5353885889053345 0.81742262840271
v -1.0386075377464294 1.5228115320205688 0.7862529754638672
v -1.0413417220115662 1.5124214887619019 0.7939085960388184
v -1.042982280254364 1.5058594942092896 0.8042984008789062
v -1.0440759062767029 1.5031253099441528 0.81742262840271
v -1.042982280254364 1.5058594942092896 0.8299999237060547
v -1.0413417220115662 1.5124214887619019 0.8409366607666016
v -1.0386075377464294 1.5228115320205688 0.8480453491210938
v -1.0353265404701233 1.5353885889053345 0.8507795333862305
v -1.0320455431938171 1.5474191904067993 0.8480453491210938
v -1.0293113589286804 1.5583559274673462 0.8409366607666016
v -1.0271239876747131 1.5649179220199585 0.8299999237060547
v -1.0265771746635437 1.5676521062850952 0.81742262840271
v -1.0271239876747131 1.5649179220199585 0.8042984008789062
v -1.0293113589286804 1.5583559274673462 0.7939085960388184
v -1.0320455431938171 1.5474191904067993 0.7862529754638672
v -1.0227492451667786 1.5966345071792603 0.6566524505615234
v -1.0194682478904724 1.608664870262146 0.6544651985168457
v -1.018921434879303 1.5955408811569214 0.6566524505615234
v -1.0156404376029968 1.6075712442398071 0.6544651985168457
v -1.018921434879303 1.5955408811569214 0.6566524505615234
v -1.0216556191444397 1.5851508378982544 0.6643080711364746
v -1.0227492451667786 1.5966345071792603 0.6566524505615234
v -1.0254835486412048 1.5862444639205933 0.6643080711364746
v -1.0216556191444397 1.5851508378982544 0.6643080711364746
v -1.023842990398407 1.578041911125183 0.6746981143951416
v -1.0254835486412048 1.5862444639205933 0.6643080711364746
v -1.0276708006858826 1.579135775566101 0.6746981143951416
v -1.023842990398407 1.578041911125183 0.6746981143951416
v -1.0243898034095764 1.5758546590805054 0.6878223419189453
v -1.0276708006858826 1.579135775566101 0.6746981143951416
v -1.0282177329063416 1.5764015913009644 0.6878223419189453
v -1.0243898034095764 1.5758546590805054 0.6878223419189453
v -1.023842990398407 1.578041911125183 0.7003993988037109
v -1.0282177329063416 1.5764015913009644 0.6878223419189453
v -1.0276708006858826 1.579135775566101 0.7003993988037109
v -1.023842990398407 1.578041911125183 0.7003993988037109
v -1.0216556191444397 1.5851508378982544 0.7113361358642578
v -1.0276708006858826 1.579135775566101 0.7003993988037109
v -1.0254835486412048 1.5862444639205933 0.7113361358642578
v -1.0216556191444397 1.5851508378982544 0.7113361358642578
v -1.018921434879303 1.5955408811569214 0.7184450626373291
v -1.0254835486412048 1.5862444639205933 0.7113361358642578
v -1.0227492451667786 1.5966345071792603 0.7184450626373291
v -1.018921434879303 1.5955408811569214 0.7184450626373291
v -1.0156404376029968 1.6075712442398071 0.7211792469024658
v -1.0227492451667786 1.5966345071792603 0.7184450626373291
v -1.0194682478904724 1.608664870262146 0.7211792469024658
v -1.0156404376029968 1.6075712442398071 0.7211792469024658
v -1.0123594403266907 1.6201485395431519 0.7184450626373291
v -1.0194682478904724 1.608664870262146 0.7211792469024658
v -1.0161872506141663 1.6212421655654907 0.7184450626373291
v -1.0123594403266907 1.6201485395431519 0.7184450626373291
v -1.009625256061554 1.6305383443832397 0.7113361358642578
v -1.0161872506141663 1.6212421655654907 0.7184450626373291
v -1.0134530663490295 1.6316319704055786 0.7113361358642578
v -1.009625256061554 1.6305383443832397 0.7113361358642578
v -1.007984697818756 1.637647271156311 0.7003993988037109
v -1.0134530663490295 1.6316319704055786 0.7113361358642578
v -1.0118125081062317 1.63874089717865 0.7003993988037109
v -1.007984697818756 1.637647271156311 0.7003993988037109
v -1.0074378848075867 1.6398345232009888 0.6878223419189453
v -1.0118125081062317 1.63874089717865 0.7003993988037109
v -1.0107188820838928 1.6409283876419067 0.6878223419189453
v -1.0074378848075867 1.6398345232009888 0.6878223419189453
v -1.007984697818756 1.637647271156311 0.6746981143951416
v -1.0107188820838928 1.6409283876419067 0.6878223419189453
v -1.0118125081062317 1.63874089717865 0.6746981143951416
v -1.007984697818756 1.637647271156311 0.6746981143951416
v -1.009625256061554 1.6305383443832397 0.6643080711364746
v -1.0118125081062317 1.63874089717865 0.6746981143951416
v -1.0134530663490295 1.6316319704055786 0.6643080711364746
v -1.009625256061554 1.6305383443832397 0.6643080711364746
v -1.0123594403266907 1.6201485395431519 0.6566524505615234
v -1.0134530663490295 1.6316319704055786 0.6643080711364746
v -1.0161872506141663 1.6212421655654907 0.6566524505615234
v -1.0123594403266907 1.6201485395431519 0.6566524505615234
v -1.0156404376029968 1.6075712442398071 0.6544651985168457
v -1.0161872506141663 1.6212421655654907 0.6566524505615234
v -1.0194682478904724 1.608664870262146 0.6544651985168457
v -1.0161872506141663 1.6212421655654907 0.6566524505615234
v -1.0194682478904724 1.608664870262146 0.6878223419189453
v -1.0134530663490295 1.6316319704055786 0.6643080711364746
v -1.0118125081062317 1.63874089717865 0.6746981143951416
v -1.0107188820838928 1.6409283876419067 0.6878223419189453
v -1.0118125081062317 1.63874089717865 0.7003993988037109
v -1.0134530663490295 1.6316319704055786 0.7113361358642578
v -1.0161872506141663 1.6212421655654907 0.7184450626373291
v -1.0194682478904724 1.608664870262146 0.7211792469024658
v -1.0227492451667786 1.5966345071792603 0.7184450626373291
v -1.0254835486412048 1.5862444639205933 0.7113361358642578
v -1.0276708006858826 1.579135775566101 0.7003993988037109
v -1.0282177329063416 1.5764015913009644 0.6878223419189453
v -1.0276708006858826 1.579135775566101 0.6746981143951416
v -1.0254835486412048 1.5862444639205933 0.6643080711364746
v -1.0227492451667786 1.5966345071792603 0.6566524505615234
v -1.0194682478904724 1.608664870262146 0.6544651985168457
v -1.0156404376029968 1.6075712442398071 0.6544651985168457
v -1.0156404376029968 1.6075712442398071 0.6878223419189453
v -1.018921434879303 1.5955408811569214 0.6566524505615234
v -1.0216556191444397 1.5851508378982544 0.6643080711364746
v -1.023842990398407 1.578041911125183 0.6746981143951416
v -1.0243898034095764 1.5758546590805054 0.6878223419189453
v -1.023842990398407 1.578041911125183 0.7003993988037109
v -1.0216556191444397 1.5851508378982544 0.7113361358642578
v -1.018921434879303 1.5955408811569214 0.7184450626373291
v -1.0156404376029968 1.6075712442398071 0.7211792469024658
v -1.0123594403266907 1.6201485395431519 0.7184450626373291
v -1.009625256061554 1.6305383443832397 0.7113361358642578
v -1.007984697818756 1.637647271156311 0.7003993988037109
v -1.0074378848075867 1.6398345232009888 0.6878223419189453
v -1.007984697818756 1.637647271156311 0.6746981143951416
v -1.009625256061554 1.6305383443832397 0.6643080711364746
v -1.0123594403266907 1.6201485395431519 0.6566524505615234
v -1.0615747570991516 1.451722502708435 0.6566524505615234
v -1.0582937598228455 1.4637531042099 0.6544651985168457
v -1.057746946811676 1.4506288766860962 0.6566524505615234
v -1.0544658303260803 1.462659239768982 0.6544651985168457
v -1.057746946811676 1.4506288766860962 0.6566524505615234
v -1.0604811310768127 1.4402390718460083 0.6643080711364746
v -1.0615747570991516 1.451722502708435 0.6566524505615234
v -1.0643089413642883 1.4413326978683472 0.6643080711364746
v -1.0604811310768127 1.4402390718460083 0.6643080711364746
v -1.0626683831214905 1.433130145072937 0.6746981143951416
v -1.0643089413642883 1.4413326978683472 0.6643080711364746
v -1.0664963126182556 1.4342237710952759 0.6746981143951416
v -1.0626683831214905 1.433130145072937 0.6746981143951416
v -1.0632153153419495 1.4309426546096802 0.6878223419189453
v -1.0664963126182556 1.4342237710952759 0.6746981143951416
v -1.067043125629425 1.4314895868301392 0.6878223419189453
v -1.0632153153419495 1.4309426546096802 0.6878223419189453
v -1.0626683831214905 1.433130145072937 0.7003993988037109
v -1.067043125629425 1.4314895868301392 0.6878223419189453
v -1.0664963126182556 1.4342237710952759 0.7003993988037109
v -1.0626683831214905 1.433130145072937 0.7003993988037109
v -1.0604811310768127 1.4402390718460083 0.7113361358642578
v -1.0664963126182556 1.4342237710952759 0.7003993988037109
v -1.0643089413642883 1.4413326978683472 0.7113361358642578
v -1.0604811310768127 1.4402390718460083 0.7113361358642578
v -1.057746946811676 1.4506288766860962 0.7184450626373291
v -1.0643089413642883 1.4413326978683472 0.7113361358642578
v -1.0615747570991516 1.451722502708435 0.7184450626373291
v -1.057746946811676 1.4506288766860962 0.7184450626373291
v -1.0544658303260803 1.462659239768982 0.7211792469024658
v -1.0615747570991516 1.451722502708435 0.7184450626373291
v -1.0582937598228455 1.4637531042099 0.7211792469024658
v -1.0544658303260803 1.462659239768982 0.7211792469024658
v -1.0511848330497742 1.4752365350723267 0.7184450626373291
v -1.0582937598228455 1.4637531042099 0.7211792469024658
v -1.0550127625465393 1.4763301610946655 0.7184450626373291
v -1.0511848330497742 1.4752365350723267 0.7184450626373291
v -1.0484506487846375 1.4856265783309937 0.7113361358642578
v -1.0550127625465393 1.4763301610946655 0.7184450626373291
v -1.0522785782814026 1.4867202043533325 0.7113361358642578
v -1.0484506487846375 1.4856265783309937 0.7113361358642578
v -1.0468100905418396 1.4927352666854858 0.7003993988037109
v -1.0522785782814026 1.4867202043533325 0.7113361358642578
v -1.0506380200386047 1.4938291311264038 0.7003993988037109
v -1.0468100905418396 1.4927352666854858 0.7003993988037109
v -1.0462632775306702 1.4949227571487427 0.6878223419189453
v -1.0506380200386047 1.4938291311264038 0.7003993988037109
v -1.0495442748069763 1.4960163831710815 0.6878223419189453
v -1.0462632775306702 1.4949227571487427 0.6878223419189453
v -1.0468100905418396 1.4927352666854858 0.6746981143951416
v -1.0495442748069763 1.4960163831710815 0.6878223419189453
v -1.0506380200386047 1.4938291311264038 0.6746981143951416
v -1.0468100905418396 1.4927352666854858 0.6746981143951416
v -1.0484506487846375 1.4856265783309937 0.6643080711364746
v -1.0506380200386047 1.4938291311264038 0.6746981143951416
v -1.0522785782814026 1.4867202043533325 0.6643080711364746
v -1.0484506487846375 1.4856265783309937 0.6643080711364746
v -1.0511848330497742 1.4752365350723267 0.6566524505615234
v -1.0522785782814026 1.4867202043533325 0.6643080711364746
v -1.0550127625465393 1.4763301610946655 0.6566524505615234
v -1.0511848330497742 1.4752365350723267 0.6566524505615234
v -1.0544658303260803 1.462659239768982 0.6544651985168457
v -1.0550127625465393 1.4763301610946655 0.6566524505615234
v -1.0582937598228455 1.4637531042099 0.6544651985168457
v -1.0550127625465393 1.4763301610946655 0.6566524505615234
v -1.0582937598228455 1.4637531042099 0.6878223419189453
v -1.0522785782814026 1.4867202043533325 0.6643080711364746
v -1.0506380200386047 1.4938291311264038 0.6746981143951416
v -1.0495442748069763 1.4960163831710815 0.6878223419189453
v -1.0506380200386047 1.4938291311264038 0.7003993988037109
v -1.0522785782814026 1.4867202043533325 0.7113361358642578
v -1.0550127625465393 1.4763301610946655 0.7184450626373291
v -1.0582937598228455 1.4637531042099 0.7211792469024658
v -1.0615747570991516 1.451722502708435 0.7184450626373291
v -1.0643089413642883 1.4413326978683472 0.7113361358642578
v -1.0664963126182556 1.4342237710952759 0.7003993988037109
v -1.067043125629425 1.4314895868301392 0.6878223419189453
v -1.0664963126182556 1.4342237710952759 0.6746981143951416
v -1.0643089413642883 1.4413326978683472 0.6643080711364746
v -1.0615747570991516 1.451722502708435 0.6566524505615234
v -1.0582937598228455 1.4637531042099 0.6544651985168457
v -1.0544658303260803 1.462659239768982 0.6544651985168457
v -1.0544658303260803 1.462659239768982 0.6878223419189453
v -1.057746946811676 1.4506288766860962 0.6566524505615234
v -1.0604811310768127 1.4402390718460083 0.6643080711364746
v -1.0626683831214905 1.433130145072937 0.6746981143951416
v -1.0632153153419495 1.4309426546096802 0.6878223419189453
v -1.0626683831214905 1.433130145072937 0.7003993988037109
v -1.0604811310768127 1.4402390718460083 0.7113361358642578
v -1.057746946811676 1.4506288766860962 0.7184450626373291
v -1.0544658303260803 1.462659239768982 0.7211792469024658
v -1.0511848330497742 1.4752365350723267 0.7184450626373291
v -1.0484506487846375 1.4856265783309937 0.7113361358642578
v -1.0468100905418396 1.4927352666854858 0.7003993988037109
v -1.0462632775306702 1.4949227571487427 0.6878223419189453
v -1.0468100905418396 1.4927352666854858 0.6746981143951416
v -1.0484506487846375 1.4856265783309937 0.6643080711364746
v -1.0511848330497742 1.4752365350723267 0.6566524505615234
vt 0.7678027153015137 0.9623977020382881
vt 0.7678027153015137 0.9652996584773064
vt 0.7678027153015137 0.960946723818779
vt 0.7678027153015137 0.9691689293831587
vt 0.7678027153015137 0.960946723818779
vt 0.7678027153015137 0.9735218621790409
vt 0.7678027153015137 0.9783584550023079
vt 0.7678027153015137 0.9626395329833031
vt 0.7678027153015137 0.9824695587158203
vt 0.7678027153015137 0.9657833129167557
vt 0.7678027153015137 0.9698944184929132
vt 0.7678027153015137 0.985129683278501
vt 0.7678027153015137 0.9931100606918335
vt 0.7678027153015137 0.9742473512887955
vt 0.7678027153015137 0.9875479796901345
vt 0.7678027153015137 0.9875479796901345
vt 0.7639334201812744 0.9875479796901345
vt 0.7678027153015137 0.9742473512887955
vt 0.7639334201812744 0.9742473512887955
vt 0.7678027153015137 0.9698944184929132
vt 0.7639334201812744 0.9698944184929132
vt 0.7678027153015137 0.9657833129167557
vt 0.7639334201812744 0.9657833129167557
vt 0.7678027153015137 0.9626395329833031
vt 0.7639334201812744 0.9626395329833031
vt 0.7678027153015137 0.960946723818779
vt 0.7639334201812744 0.960946723818779
vt 0.7678027153015137 0.960946723818779
vt 0.7639334201812744 0.960946723818779
vt 0.7678027153015137 0.9623977020382881
vt 0.7639334201812744 0.9931100606918335
vt 0.7678027153015137 0.9931100606918335
vt 0.7639334201812744 0.985129683278501
vt 0.7678027153015137 0.985129683278501
vt 0.7639334201812744 0.9824695587158203
vt 0.7678027153015137 0.9824695587158203
vt 0.7639334201812744 0.9783584550023079
vt 0.7678027153015137 0.9783584550023079
vt 0.7639334201812744 0.9735218621790409
vt 0.7678027153015137 0.9735218621790409
vt 0.7639334201812744 0.9691689293831587
vt 0.7678027153015137 0.9691689293831587
vt 0.7639334201812744 0.9652996584773064
vt 0.7678027153015137 0.9652996584773064
vt 0.7639334201812744 0.9623977020382881
vt 0.7639334201812744 0.9875479796901345
vt 0.7639334201812744 0.9931100606918335
vt 0.7639334201812744 0.9742473512887955
vt 0.7639334201812744 0.9698944184929132
vt 0.7639334201812744 0.985129683278501
vt 0.7639334201812744 0.9824695587158203
vt 0.7639334201812744 0.9657833129167557
vt 0.7639334201812744 0.9626395329833031
vt 0.7639334201812744 0.9783584550023079
vt 0.7639334201812744 0.960946723818779
vt 0.7639334201812744 0.9735218621790409
vt 0.7639334201812744 0.9691689293831587
vt 0.7639334201812744 0.960946723818779
vt 0.7639334201812744 0.9652996584773064
vt 0.7639334201812744 0.9623977020382881
vt 0.7291100025177002 0.9251559376716614
vt 0.7291100025177002 0.9215284958481789
vt 0.7291100025177002 0.9273324087262154
vt 0.7291100025177002 0.9278160706162453
vt 0.7291100025177002 0.9263650923967361
vt 0.7291100025177002 0.9171755611896515
vt 0.7291100025177002 0.9137899503111839
vt 0.7291100025177002 0.9234631359577179
vt 0.7291100025177002 0.9002474918961525
vt 0.7291100025177002 0.9198356866836548
vt 0.7291100025177002 0.9053259119391441
vt 0.7320119142532349 0.9251559376716614
vt 0.7320119142532349 0.9273324087262154
vt 0.7320119142532349 0.9215284958481789
vt 0.7320119142532349 0.9053259119391441
vt 0.7320119142532349 0.9002474918961525
vt 0.7320119142532349 0.9198356866836548
vt 0.7320119142532349 0.9234631359577179
vt 0.7320119142532349 0.9137899503111839
vt 0.7320119142532349 0.9263650923967361
vt 0.7320119142532349 0.9171755611896515
vt 0.7320119142532349 0.9278160706162453
vt 0.7320119142532349 0.9002474918961525
vt 0.7291100025177002 0.9002474918961525
vt 0.7320119142532349 0.9137899503111839
vt 0.7291100025177002 0.9137899503111839
vt 0.7320119142532349 0.9171755611896515
vt 0.7291100025177002 0.9171755611896515
vt 0.7320119142532349 0.9215284958481789
vt 0.7291100025177002 0.9215284958481789
vt 0.7320119142532349 0.9251559376716614
vt 0.7291100025177002 0.9251559376716614
vt 0.7320119142532349 0.9273324087262154
vt 0.7291100025177002 0.9273324087262154
vt 0.7320119142532349 0.9278160706162453
vt 0.7291100025177002 0.9278160706162453
vt 0.7320119142532349 0.9263650923967361
vt 0.7291100025177002 0.9263650923967361
vt 0.7320119142532349 0.9234631359577179
vt 0.7291100025177002 0.9234631359577179
vt 0.7320119142532349 0.9198356866836548
vt 0.7291100025177002 0.9198356866836548
vt 0.7320119142532349 0.9053259119391441
vt 0.7291100025177002 0.9053259119391441
vt 0.7320119142532349 0.9002474918961525
vt 0.7291100025177002 0.9002474918961525
vt 0.7847307920455933 0.9140317812561989
vt 0.7847307920455933 0.9193520322442055
vt 0.7847307920455933 0.9101625084877014
vt 0.7847307920455933 0.9087115302681923
vt 0.7847307920455933 0.9101625084877014
vt 0.7847307920455933 0.9140317812561989
vt 0.7847307920455933 0.9193520322442055
vt 0.7847307920455933 0.9244304522871971
vt 0.7847307920455933 0.9285415560007095
vt 0.7847307920455933 0.9297507032752037
vt 0.7847307920455933 0.9285415560007095
vt 0.7847307920455933 0.9246722832322121
vt 0.7847307920455933 0.9193520322442055
vt 0.7590968608856201 0.9193520322442055
vt 0.7590968608856201 0.9246722832322121
vt 0.7847307920455933 0.9193520322442055
vt 0.7847307920455933 0.9246722832322121
vt 0.7590968608856201 0.9285415560007095
vt 0.7847307920455933 0.9285415560007095
vt 0.7590968608856201 0.9297507032752037
vt 0.7847307920455933 0.9297507032752037
vt 0.7590968608856201 0.9285415560007095
vt 0.7847307920455933 0.9285415560007095
vt 0.7590968608856201 0.9246722832322121
vt 0.7847307920455933 0.9244304522871971
vt 0.7590968608856201 0.9193520322442055
vt 0.7847307920455933 0.9193520322442055
vt 0.7590968608856201 0.9140317812561989
vt 0.7847307920455933 0.9140317812561989
vt 0.7590968608856201 0.9101625084877014
vt 0.7847307920455933 0.9101625084877014
vt 0.7590968608856201 0.9087115302681923
vt 0.7847307920455933 0.9087115302681923
vt 0.7590968608856201 0.9101625084877014
vt 0.7847307920455933 0.9101625084877014
vt 0.7590968608856201 0.9140317812561989
vt 0.7847307920455933 0.9140317812561989
vt 0.7590968608856201 0.9193520322442055
vt 0.7590968608856201 0.9258814305067062
vt 0.7590968608856201 0.9246722832322121
vt 0.7590968608856201 0.9285415560007095
vt 0.7590968608856201 0.9307180196046829
vt 0.7590968608856201 0.9297507032752037
vt 0.7590968608856201 0.932652659714222
vt 0.7590968608856201 0.9285415560007095
vt 0.7590968608856201 0.9307180196046829
vt 0.7590968608856201 0.9246722832322121
vt 0.7590968608856201 0.9258814305067062
vt 0.7590968608856201 0.9193520322442055
vt 0.7590968608856201 0.9193520322442055
vt 0.7590968608856201 0.9140317812561989
vt 0.7590968608856201 0.9125808030366898
vt 0.7590968608856201 0.9101625084877014
vt 0.7590968608856201 0.9077442064881325
vt 0.7590968608856201 0.9087115302681923
vt 0.7590968608856201 0.906051404774189
vt 0.7590968608856201 0.9101625084877014
vt 0.7590968608856201 0.9077442064881325
vt 0.7590968608856201 0.9140317812561989
vt 0.7590968608856201 0.9125808030366898
vt 0.7590968608856201 0.9193520322442055
vt 0.7564367055892944 0.9125808030366898
vt 0.7564367055892944 0.9193520322442055
vt 0.7590968608856201 0.9193520322442055
vt 0.7590968608856201 0.9258814305067062
vt 0.7564367055892944 0.9258814305067062
vt 0.7590968608856201 0.9307180196046829
vt 0.7564367055892944 0.9307180196046829
vt 0.7590968608856201 0.932652659714222
vt 0.7564367055892944 0.932652659714222
vt 0.7590968608856201 0.9307180196046829
vt 0.7564367055892944 0.9307180196046829
vt 0.7590968608856201 0.9258814305067062
vt 0.7564367055892944 0.9258814305067062
vt 0.7590968608856201 0.9193520322442055
vt 0.7564367055892944 0.9193520322442055
vt 0.7590968608856201 0.9125808030366898
vt 0.7564367055892944 0.9125808030366898
vt 0.7590968608856201 0.9077442064881325
vt 0.7564367055892944 0.9077442064881325
vt 0.7590968608856201 0.906051404774189
vt 0.7564367055892944 0.906051404774189
vt 0.7590968608856201 0.9077442064881325
vt 0.7564367055892944 0.9077442064881325
vt 0.7590968608856201 0.9125808030366898
vt 0.7564367055892944 0.9193520322442055
vt 0.7564367055892944 0.922737643122673
vt 0.7564367055892944 0.9258814305067062
vt 0.7564367055892944 0.9307180196046829
vt 0.7564367055892944 0.9253977686166763
vt 0.7564367055892944 0.932652659714222
vt 0.7564367055892944 0.9263650923967361
vt 0.7564367055892944 0.9307180196046829
vt 0.7564367055892944 0.9253977686166763
vt 0.7564367055892944 0.9258814305067062
vt 0.7564367055892944 0.922737643122673
vt 0.7564367055892944 0.9193520322442055
vt 0.7564367055892944 0.9193520322442055
vt 0.7564367055892944 0.9125808030366898
vt 0.7564367055892944 0.915724590420723
vt 0.7564367055892944 0.9077442064881325
vt 0.7564367055892944 0.9130644574761391
vt 0.7564367055892944 0.906051404774189
vt 0.7564367055892944 0.9120971411466599
vt 0.7564367055892944 0.9077442064881325
vt 0.7564367055892944 0.9130644574761391
vt 0.7564367055892944 0.9125808030366898
vt 0.7564367055892944 0.915724590420723
vt 0.7564367055892944 0.9193520322442055
vt 0.7564367055892944 0.9193520322442055
vt 0.7564367055892944 0.915724590420723
vt 0.7320119142532349 0.915724590420723
vt 0.7320119142532349 0.9130644574761391
vt 0.7564367055892944 0.9130644574761391
vt 0.7320119142532349 0.9120971411466599
vt 0.7564367055892944 0.9120971411466599
vt 0.7320119142532349 0.9130644574761391
vt 0.7564367055892944 0.9130644574761391
vt 0.7320119142532349 0.915724590420723
vt 0.7564367055892944 0.915724590420723
vt 0.7320119142532349 0.9193520322442055
vt 0.7564367055892944 0.9193520322442055
vt 0.7320119142532349 0.922979474067688
vt 0.7564367055892944 0.922737643122673
vt 0.7320119142532349 0.9253977686166763
vt 0.7564367055892944 0.9253977686166763
vt 0.7320119142532349 0.9263650923967361
vt 0.7564367055892944 0.9263650923967361
vt 0.7320119142532349 0.9253977686166763
vt 0.7564367055892944 0.9253977686166763
vt 0.7320119142532349 0.922979474067688
vt 0.7564367055892944 0.922737643122673
vt 0.7320119142532349 0.9193520322442055
vt 0.7535347938537598 0.9889989569783211
vt 0.7535347938537598 0.97497284039855
vt 0.7503910064697266 0.9889989569783211
vt 0.7503910064697266 0.97497284039855
vt 0.7535347938537598 0.971829054877162
vt 0.7503910064697266 0.971829054877162
vt 0.7535347938537598 0.9679597839713097
vt 0.7503910064697266 0.9679597839713097
vt 0.7535347938537598 0.9643323384225368
vt 0.7503910064697266 0.9643323384225368
vt 0.7535347938537598 0.9621558710932732
vt 0.7503910064697266 0.9621558710932732
vt 0.7535347938537598 0.9611885510385036
vt 0.7503910064697266 0.9611885510385036
vt 0.7535347938537598 0.9619140401482582
vt 0.7503910064697266 0.9619140401482582
vt 0.7535347938537598 0.9640905074775219
vt 0.7503910064697266 0.9640905074775219
vt 0.7535347938537598 0.9672342911362648
vt 0.7503910064697266 0.9672342911362648
vt 0.7535347938537598 0.9686852693557739
vt 0.7503910064697266 0.9686852693557739
vt 0.7503910064697266 0.9696525894105434
vt 0.7535347938537598 0.9696525894105434
vt 0.7503910064697266 0.9621558710932732
vt 0.7503910064697266 0.9611885510385036
vt 0.7503910064697266 0.9643323384225368
vt 0.7503910064697266 0.9679597839713097
vt 0.7503910064697266 0.971829054877162
vt 0.7503910064697266 0.9619140401482582
vt 0.7503910064697266 0.97497284039855
vt 0.7503910064697266 0.9640905074775219
vt 0.7503910064697266 0.9672342911362648
vt 0.7503910064697266 0.9889989569783211
vt 0.7503910064697266 0.9686852693557739
vt 0.7503910064697266 0.9696525894105434
vt 0.7503910064697266 0.9889989569783211
vt 0.7503910064697266 0.9834368769079447
vt 0.7503910064697266 0.9696525894105434
vt 0.7535347938537598 0.9621558710932732
vt 0.7535347938537598 0.9643323384225368
vt 0.7535347938537598 0.9611885510385036
vt 0.7535347938537598 0.9679597839713097
vt 0.7535347938537598 0.971829054877162
vt 0.7535347938537598 0.9619140401482582
vt 0.7535347938537598 0.97497284039855
vt 0.7535347938537598 0.9640905074775219
vt 0.7535347938537598 0.9672342911362648
vt 0.7535347938537598 0.9889989569783211
vt 0.7535347938537598 0.9686852693557739
vt 0.7535347938537598 0.9696525894105434
vt 0.7535347938537598 0.9889989569783211
vt 0.7535347938537598 0.9834368769079447
vt 0.7535347938537598 0.9696525894105434
vt 0.7390249967575073 0.9696525894105434
vt 0.7649007439613342 0.9696525894105434
vt 0.7390249967575073 0.9868224915117025
vt 0.7649007439613342 0.9868224915117025
vt 0.7649007439613342 0.9868224915117025
vt 0.7649007439613342 0.9868224915117025
vt 0.7390249967575073 0.9868224915117025
vt 0.7390249967575073 0.9868224915117025
vt 0.7390249967575073 0.9696525894105434
vt 0.7390249967575073 0.9868224915117025
vt 0.7390249967575073 0.9696525894105434
vt 0.7390249967575073 0.9868224915117025
vt 0.7649007439613342 0.9868224915117025
vt 0.7649007439613342 0.9696525894105434
vt 0.7649007439613342 0.9868224915117025
vt 0.7649007439613342 0.9696525894105434
vt 0.7390249967575073 0.9696525894105434
vt 0.7649007439613342 0.9696525894105434
vt 0.7390249967575073 0.9696525894105434
vt 0.7649007439613342 0.9696525894105434
vt 0.7329792380332947 0.922737643122673
vt 0.7390249967575073 0.922737643122673
vt 0.7329792380332947 0.9125808030366898
vt 0.7390249967575073 0.9125808030366898
vt 0.7329792380332947 0.9253977686166763
vt 0.7329792380332947 0.9268487468361855
vt 0.7329792380332947 0.9237049669027328
vt 0.7329792380332947 0.9278160706162453
vt 0.7329792380332947 0.9215284958481789
vt 0.7329792380332947 0.9280578941106796
vt 0.7329792380332947 0.9275742396712303
vt 0.7329792380332947 0.9198356866836548
vt 0.7329792380332947 0.9266069158911705
vt 0.7329792380332947 0.9065350592136383
vt 0.7329792380332947 0.9234631359577179
vt 0.7329792380332947 0.922979474067688
vt 0.7329792380332947 0.9116134867072105
vt 0.7329792380332947 0.9125808030366898
vt 0.7329792380332947 0.922737643122673
vt 0.74507075548172 0.9314435124397278
vt 0.7412014603614807 0.9314435124397278
vt 0.74507075548172 0.9278160706162453
vt 0.7412014603614807 0.9278160706162453
vt 0.7329792380332947 0.9065350592136383
vt 0.7303191423416138 0.9065350592136383
vt 0.7329792380332947 0.9198356866836548
vt 0.7303191423416138 0.9198356866836548
vt 0.7329792380332947 0.9215284958481789
vt 0.7303191423416138 0.9215284958481789
vt 0.7329792380332947 0.9237049669027328
vt 0.7303191423416138 0.9237049669027328
vt 0.7329792380332947 0.9253977686166763
vt 0.7303191423416138 0.9253977686166763
vt 0.7329792380332947 0.9268487468361855
vt 0.7303191423416138 0.9268487468361855
vt 0.7329792380332947 0.9278160706162453
vt 0.7303191423416138 0.9278160706162453
vt 0.7329792380332947 0.9280578941106796
vt 0.7303191423416138 0.9280578941106796
vt 0.7329792380332947 0.9275742396712303
vt 0.7303191423416138 0.9275742396712303
vt 0.7329792380332947 0.9266069158911705
vt 0.7303191423416138 0.9266069158911705
vt 0.7329792380332947 0.9234631359577179
vt 0.7303191423416138 0.9234631359577179
vt 0.7329792380332947 0.922979474067688
vt 0.7303191423416138 0.922979474067688
vt 0.7329792380332947 0.922737643122673
vt 0.7303191423416138 0.922737643122673
vt 0.7303191423416138 0.922737643122673
vt 0.7303191423416138 0.922737643122673
vt 0.7303191423416138 0.9125808030366898
vt 0.7303191423416138 0.9125808030366898
vt 0.7303191423416138 0.922979474067688
vt 0.7303191423416138 0.9116134867072105
vt 0.7303191423416138 0.9065350592136383
vt 0.7303191423416138 0.9234631359577179
vt 0.7303191423416138 0.9266069158911705
vt 0.7303191423416138 0.9198356866836548
vt 0.7303191423416138 0.9275742396712303
vt 0.7303191423416138 0.9215284958481789
vt 0.7303191423416138 0.9280578941106796
vt 0.7303191423416138 0.9278160706162453
vt 0.7303191423416138 0.9237049669027328
vt 0.7303191423416138 0.9253977686166763
vt 0.7303191423416138 0.9268487468361855
vt 0.7416850924491882 0.9253977686166763
vt 0.7416850924491882 0.9268487468361855
vt 0.7416850924491882 0.9237049669027328
vt 0.7416850924491882 0.9278160706162453
vt 0.7416850924491882 0.9215284958481789
vt 0.7416850924491882 0.9280578941106796
vt 0.7416850924491882 0.9275742396712303
vt 0.7416850924491882 0.9198356866836548
vt 0.7416850924491882 0.9266069158911705
vt 0.7416850924491882 0.9065350592136383
vt 0.7416850924491882 0.9234631359577179
vt 0.7416850924491882 0.922979474067688
vt 0.7416850924491882 0.9116134867072105
vt 0.7416850924491882 0.9125808030366898
vt 0.7416850924491882 0.922737643122673
vt 0.7416850924491882 0.9125808030366898
vt 0.7416850924491882 0.922737643122673
vt 0.7581295371055603 0.9314435124397278
vt 0.7540184259414673 0.9314435124397278
vt 0.7581295371055603 0.9278160706162453
vt 0.7540184259414673 0.9278160706162453
vt 0.7303191423416138 0.9125808030366898
vt 0.7329792380332947 0.9125808030366898
vt 0.7303191423416138 0.922737643122673
vt 0.7329792380332947 0.922737643122673
vt 0.7390249967575073 0.9125808030366898
vt 0.7390249967575073 0.922737643122673
vt 0.7416850924491882 0.922737643122673
vt 0.7416850924491882 0.9125808030366898
vt 0.7416850924491882 0.9065350592136383
vt 0.7390249967575073 0.9065350592136383
vt 0.7416850924491882 0.9198356866836548
vt 0.7390249967575073 0.9198356866836548
vt 0.7416850924491882 0.9215284958481789
vt 0.7390249967575073 0.9215284958481789
vt 0.7416850924491882 0.9237049669027328
vt 0.7390249967575073 0.9237049669027328
vt 0.7416850924491882 0.9253977686166763
vt 0.7390249967575073 0.9253977686166763
vt 0.7416850924491882 0.9268487468361855
vt 0.7390249967575073 0.9268487468361855
vt 0.7416850924491882 0.9278160706162453
vt 0.7390249967575073 0.9278160706162453
vt 0.7416850924491882 0.9280578941106796
vt 0.7390249967575073 0.9280578941106796
vt 0.7416850924491882 0.9275742396712303
vt 0.7390249967575073 0.9275742396712303
vt 0.7416850924491882 0.9266069158911705
vt 0.7390249967575073 0.9266069158911705
vt 0.7416850924491882 0.9234631359577179
vt 0.7390249967575073 0.9234631359577179
vt 0.7416850924491882 0.922979474067688
vt 0.7390249967575073 0.922979474067688
vt 0.7416850924491882 0.922737643122673
vt 0.7390249967575073 0.922737643122673
vt 0.7303191423416138 0.9116134867072105
vt 0.7329792380332947 0.9116134867072105
vt 0.7303191423416138 0.9125808030366898
vt 0.7329792380332947 0.9125808030366898
vt 0.7303191423416138 0.9125808030366898
vt 0.7329792380332947 0.9125808030366898
vt 0.7390249967575073 0.9125808030366898
vt 0.7390249967575073 0.9125808030366898
vt 0.7416850924491882 0.9125808030366898
vt 0.7416850924491882 0.9125808030366898
vt 0.7416850924491882 0.9116134867072105
vt 0.7390249967575073 0.9116134867072105
vt 0.7390249967575073 0.922737643122673
vt 0.7390249967575073 0.922979474067688
vt 0.7390249967575073 0.9125808030366898
vt 0.7390249967575073 0.9116134867072105
vt 0.7390249967575073 0.9065350592136383
vt 0.7390249967575073 0.9234631359577179
vt 0.7390249967575073 0.9266069158911705
vt 0.7390249967575073 0.9198356866836548
vt 0.7390249967575073 0.9275742396712303
vt 0.7390249967575073 0.9215284958481789
vt 0.7390249967575073 0.9280578941106796
vt 0.7390249967575073 0.9278160706162453
vt 0.7390249967575073 0.9237049669027328
vt 0.7390249967575073 0.9253977686166763
vt 0.7390249967575073 0.9268487468361855
vt 0.74507075548172 0.9278160706162453
vt 0.7540184259414673 0.9278160706162453
vt 0.74507075548172 0.9314435124397278
vt 0.7540184259414673 0.9314435124397278
vt 0.7291100025177002 0.9251559376716614
vt 0.7291100025177002 0.9215284958481789
vt 0.7291100025177002 0.9273324087262154
vt 0.7291100025177002 0.9278160706162453
vt 0.7291100025177002 0.9263650923967361
vt 0.7291100025177002 0.9171755611896515
vt 0.7291100025177002 0.9137899503111839
vt 0.7291100025177002 0.9234631359577179
vt 0.7291100025177002 0.9002474918961525
vt 0.7291100025177002 0.9198356866836548
vt 0.7291100025177002 0.9053259119391441
vt 0.7320119142532349 0.9251559376716614
vt 0.7320119142532349 0.9273324087262154
vt 0.7320119142532349 0.9215284958481789
vt 0.7320119142532349 0.9053259119391441
vt 0.7320119142532349 0.9002474918961525
vt 0.7320119142532349 0.9198356866836548
vt 0.7320119142532349 0.9234631359577179
vt 0.7320119142532349 0.9137899503111839
vt 0.7320119142532349 0.9263650923967361
vt 0.7320119142532349 0.9171755611896515
vt 0.7320119142532349 0.9278160706162453
vt 0.7320119142532349 0.9002474918961525
vt 0.7291100025177002 0.9002474918961525
vt 0.7320119142532349 0.9137899503111839
vt 0.7291100025177002 0.9137899503111839
vt 0.7320119142532349 0.9171755611896515
vt 0.7291100025177002 0.9171755611896515
vt 0.7320119142532349 0.9215284958481789
vt 0.7291100025177002 0.9215284958481789
vt 0.7320119142532349 0.9251559376716614
vt 0.7291100025177002 0.9251559376716614
vt 0.7320119142532349 0.9273324087262154
vt 0.7291100025177002 0.9273324087262154
vt 0.7320119142532349 0.9278160706162453
vt 0.7291100025177002 0.9278160706162453
vt 0.7320119142532349 0.9263650923967361
vt 0.7291100025177002 0.9263650923967361
vt 0.7320119142532349 0.9234631359577179
vt 0.7291100025177002 0.9234631359577179
vt 0.7320119142532349 0.9198356866836548
vt 0.7291100025177002 0.9198356866836548
vt 0.7320119142532349 0.9053259119391441
vt 0.7291100025177002 0.9053259119391441
vt 0.7320119142532349 0.9002474918961525
vt 0.7291100025177002 0.9002474918961525
vt 0.7847307920455933 0.9140317812561989
vt 0.7847307920455933 0.9193520322442055
vt 0.7847307920455933 0.9101625084877014
vt 0.7847307920455933 0.9087115302681923
vt 0.7847307920455933 0.9101625084877014
vt 0.7847307920455933 0.9140317812561989
vt 0.7847307920455933 0.9193520322442055
vt 0.7847307920455933 0.9244304522871971
vt 0.7847307920455933 0.9285415560007095
vt 0.7847307920455933 0.9297507032752037
vt 0.7847307920455933 0.9285415560007095
vt 0.7847307920455933 0.9246722832322121
vt 0.7847307920455933 0.9193520322442055
vt 0.7590968608856201 0.9193520322442055
vt 0.7590968608856201 0.9246722832322121
vt 0.7847307920455933 0.9193520322442055
vt 0.7847307920455933 0.9246722832322121
vt 0.7590968608856201 0.9285415560007095
vt 0.7847307920455933 0.9285415560007095
vt 0.7590968608856201 0.9297507032752037
vt 0.7847307920455933 0.9297507032752037
vt 0.7590968608856201 0.9285415560007095
vt 0.7847307920455933 0.9285415560007095
vt 0.7590968608856201 0.9246722832322121
vt 0.7847307920455933 0.9244304522871971
vt 0.7590968608856201 0.9193520322442055
vt 0.7847307920455933 0.9193520322442055
vt 0.7590968608856201 0.9140317812561989
vt 0.7847307920455933 0.9140317812561989
vt 0.7590968608856201 0.9101625084877014
vt 0.7847307920455933 0.9101625084877014
vt 0.7590968608856201 0.9087115302681923
vt 0.7847307920455933 0.9087115302681923
vt 0.7590968608856201 0.9101625084877014
vt 0.7847307920455933 0.9101625084877014
vt 0.7590968608856201 0.9140317812561989
vt 0.7847307920455933 0.9140317812561989
vt 0.7590968608856201 0.9193520322442055
vt 0.7590968608856201 0.9258814305067062
vt 0.7590968608856201 0.9246722832322121
vt 0.7590968608856201 0.9285415560007095
vt 0.7590968608856201 0.9307180196046829
vt 0.7590968608856201 0.9297507032752037
vt 0.7590968608856201 0.932652659714222
vt 0.7590968608856201 0.9285415560007095
vt 0.7590968608856201 0.9307180196046829
vt 0.7590968608856201 0.9246722832322121
vt 0.7590968608856201 0.9258814305067062
vt 0.7590968608856201 0.9193520322442055
vt 0.7590968608856201 0.9193520322442055
vt 0.7590968608856201 0.9140317812561989
vt 0.7590968608856201 0.9125808030366898
vt 0.7590968608856201 0.9101625084877014
vt 0.7590968608856201 0.9077442064881325
vt 0.7590968608856201 0.9087115302681923
vt 0.7590968608856201 0.906051404774189
vt 0.7590968608856201 0.9101625084877014
vt 0.7590968608856201 0.9077442064881325
vt 0.7590968608856201 0.9140317812561989
vt 0.7590968608856201 0.9125808030366898
vt 0.7590968608856201 0.9193520322442055
vt 0.7564367055892944 0.9125808030366898
vt 0.7564367055892944 0.9193520322442055
vt 0.7590968608856201 0.9193520322442055
vt 0.7590968608856201 0.9258814305067062
vt 0.7564367055892944 0.9258814305067062
vt 0.7590968608856201 0.9307180196046829
vt 0.7564367055892944 0.9307180196046829
vt 0.7590968608856201 0.932652659714222
vt 0.7564367055892944 0.932652659714222
vt 0.7590968608856201 0.9307180196046829
vt 0.7564367055892944 0.9307180196046829
vt 0.7590968608856201 0.9258814305067062
vt 0.7564367055892944 0.9258814305067062
vt 0.7590968608856201 0.9193520322442055
vt 0.7564367055892944 0.9193520322442055
vt 0.7590968608856201 0.9125808030366898
vt 0.7564367055892944 0.9125808030366898
vt 0.7590968608856201 0.9077442064881325
vt 0.7564367055892944 0.9077442064881325
vt 0.7590968608856201 0.906051404774189
vt 0.7564367055892944 0.906051404774189
vt 0.7590968608856201 0.9077442064881325
vt 0.7564367055892944 0.9077442064881325
vt 0.7590968608856201 0.9125808030366898
vt 0.7564367055892944 0.9193520322442055
vt 0.7564367055892944 0.922737643122673
vt 0.7564367055892944 0.9258814305067062
vt 0.7564367055892944 0.9307180196046829
vt 0.7564367055892944 0.9253977686166763
vt 0.7564367055892944 0.932652659714222
vt 0.7564367055892944 0.9263650923967361
vt 0.7564367055892944 0.9307180196046829
vt 0.7564367055892944 0.9253977686166763
vt 0.7564367055892944 0.9258814305067062
vt 0.7564367055892944 0.922737643122673
vt 0.7564367055892944 0.9193520322442055
vt 0.7564367055892944 0.9193520322442055
vt 0.7564367055892944 0.9125808030366898
vt 0.7564367055892944 0.915724590420723
vt 0.7564367055892944 0.9077442064881325
vt 0.7564367055892944 0.9130644574761391
vt 0.7564367055892944 0.906051404774189
vt 0.7564367055892944 0.9120971411466599
vt 0.7564367055892944 0.9077442064881325
vt 0.7564367055892944 0.9130644574761391
vt 0.7564367055892944 0.9125808030366898
vt 0.7564367055892944 0.915724590420723
vt 0.7564367055892944 0.9193520322442055
vt 0.7564367055892944 0.9193520322442055
vt 0.7564367055892944 0.915724590420723
vt 0.7320119142532349 0.915724590420723
vt 0.7320119142532349 0.9130644574761391
vt 0.7564367055892944 0.9130644574761391
vt 0.7320119142532349 0.9120971411466599
vt 0.7564367055892944 0.9120971411466599
vt 0.7320119142532349 0.9130644574761391
vt 0.7564367055892944 0.9130644574761391
vt 0.7320119142532349 0.915724590420723
vt 0.7564367055892944 0.915724590420723
vt 0.7320119142532349 0.9193520322442055
vt 0.7564367055892944 0.9193520322442055
vt 0.7320119142532349 0.922979474067688
vt 0.7564367055892944 0.922737643122673
vt 0.7320119142532349 0.9253977686166763
vt 0.7564367055892944 0.9253977686166763
vt 0.7320119142532349 0.9263650923967361
vt 0.7564367055892944 0.9263650923967361
vt 0.7320119142532349 0.9253977686166763
vt 0.7564367055892944 0.9253977686166763
vt 0.7320119142532349 0.922979474067688
vt 0.7564367055892944 0.922737643122673
vt 0.7320119142532349 0.9193520322442055
vt 0.7678027153015137 0.9623977020382881
vt 0.7678027153015137 0.9652996584773064
vt 0.7678027153015137 0.960946723818779
vt 0.7678027153015137 0.9691689293831587
vt 0.7678027153015137 0.960946723818779
vt 0.7678027153015137 0.9735218621790409
vt 0.7678027153015137 0.9783584550023079
vt 0.7678027153015137 0.9626395329833031
vt 0.7678027153015137 0.9824695587158203
vt 0.7678027153015137 0.9657833129167557
vt 0.7678027153015137 0.9698944184929132
vt 0.7678027153015137 0.985129683278501
vt 0.7678027153015137 0.9931100606918335
vt 0.7678027153015137 0.9742473512887955
vt 0.7678027153015137 0.9875479796901345
vt 0.7678027153015137 0.9875479796901345
vt 0.7639334201812744 0.9875479796901345
vt 0.7678027153015137 0.9742473512887955
vt 0.7639334201812744 0.9742473512887955
vt 0.7678027153015137 0.9698944184929132
vt 0.7639334201812744 0.9698944184929132
vt 0.7678027153015137 0.9657833129167557
vt 0.7639334201812744 0.9657833129167557
vt 0.7678027153015137 0.9626395329833031
vt 0.7639334201812744 0.9626395329833031
vt 0.7678027153015137 0.960946723818779
vt 0.7639334201812744 0.960946723818779
vt 0.7678027153015137 0.960946723818779
vt 0.7639334201812744 0.960946723818779
vt 0.7678027153015137 0.9623977020382881
vt 0.7639334201812744 0.9931100606918335
vt 0.7678027153015137 0.9931100606918335
vt 0.7639334201812744 0.985129683278501
vt 0.7678027153015137 0.985129683278501
vt 0.7639334201812744 0.9824695587158203
vt 0.7678027153015137 0.9824695587158203
vt 0.7639334201812744 0.9783584550023079
vt 0.7678027153015137 0.9783584550023079
vt 0.7639334201812744 0.9735218621790409
vt 0.7678027153015137 0.9735218621790409
vt 0.7639334201812744 0.9691689293831587
vt 0.7678027153015137 0.9691689293831587
vt 0.7639334201812744 0.9652996584773064
vt 0.7678027153015137 0.9652996584773064
vt 0.7639334201812744 0.9623977020382881
vt 0.7639334201812744 0.9875479796901345
vt 0.7639334201812744 0.9931100606918335
vt 0.7639334201812744 0.9742473512887955
vt 0.7639334201812744 0.9698944184929132
vt 0.7639334201812744 0.985129683278501
vt 0.7639334201812744 0.9824695587158203
vt 0.7639334201812744 0.9657833129167557
vt 0.7639334201812744 0.9626395329833031
vt 0.7639334201812744 0.9783584550023079
vt 0.7639334201812744 0.960946723818779
vt 0.7639334201812744 0.9735218621790409
vt 0.7639334201812744 0.9691689293831587
vt 0.7639334201812744 0.960946723818779
vt 0.7639334201812744 0.9652996584773064
vt 0.7639334201812744 0.9623977020382881
vt 0.7291100025177002 0.9251559376716614
vt 0.7291100025177002 0.9215284958481789
vt 0.7291100025177002 0.9273324087262154
vt 0.7291100025177002 0.9278160706162453
vt 0.7291100025177002 0.9263650923967361
vt 0.7291100025177002 0.9171755611896515
vt 0.7291100025177002 0.9137899503111839
vt 0.7291100025177002 0.9234631359577179
vt 0.7291100025177002 0.9002474918961525
vt 0.7291100025177002 0.9198356866836548
vt 0.7291100025177002 0.9053259119391441
vt 0.7320119142532349 0.9251559376716614
vt 0.7320119142532349 0.9273324087262154
vt 0.7320119142532349 0.9215284958481789
vt 0.7320119142532349 0.9053259119391441
vt 0.7320119142532349 0.9002474918961525
vt 0.7320119142532349 0.9198356866836548
vt 0.7320119142532349 0.9234631359577179
vt 0.7320119142532349 0.9137899503111839
vt 0.7320119142532349 0.9263650923967361
vt 0.7320119142532349 0.9171755611896515
vt 0.7320119142532349 0.9278160706162453
vt 0.7320119142532349 0.9002474918961525
vt 0.7291100025177002 0.9002474918961525
vt 0.7320119142532349 0.9137899503111839
vt 0.7291100025177002 0.9137899503111839
vt 0.7320119142532349 0.9171755611896515
vt 0.7291100025177002 0.9171755611896515
vt 0.7320119142532349 0.9215284958481789
vt 0.7291100025177002 0.9215284958481789
vt 0.7320119142532349 0.9251559376716614
vt 0.7291100025177002 0.9251559376716614
vt 0.7320119142532349 0.9273324087262154
vt 0.7291100025177002 0.9273324087262154
vt 0.7320119142532349 0.9278160706162453
vt 0.7291100025177002 0.9278160706162453
vt 0.7320119142532349 0.9263650923967361
vt 0.7291100025177002 0.9263650923967361
vt 0.7320119142532349 0.9234631359577179
vt 0.7291100025177002 0.9234631359577179
vt 0.7320119142532349 0.9198356866836548
vt 0.7291100025177002 0.9198356866836548
vt 0.7320119142532349 0.9053259119391441
vt 0.7291100025177002 0.9053259119391441
vt 0.7320119142532349 0.9002474918961525
vt 0.7291100025177002 0.9002474918961525
vt 0.7847307920455933 0.9140317812561989
vt 0.7847307920455933 0.9193520322442055
vt 0.7847307920455933 0.9101625084877014
vt 0.7847307920455933 0.9087115302681923
vt 0.7847307920455933 0.9101625084877014
vt 0.7847307920455933 0.9140317812561989
vt 0.7847307920455933 0.9193520322442055
vt 0.7847307920455933 0.9244304522871971
vt 0.7847307920455933 0.9285415560007095
vt 0.7847307920455933 0.9297507032752037
vt 0.7847307920455933 0.9285415560007095
vt 0.7847307920455933 0.9246722832322121
vt 0.7847307920455933 0.9193520322442055
vt 0.7590968608856201 0.9193520322442055
vt 0.7590968608856201 0.9246722832322121
vt 0.7847307920455933 0.9193520322442055
vt 0.7847307920455933 0.9246722832322121
vt 0.7590968608856201 0.9285415560007095
vt 0.7847307920455933 0.9285415560007095
vt 0.7590968608856201 0.9297507032752037
vt 0.7847307920455933 0.9297507032752037
vt 0.7590968608856201 0.9285415560007095
vt 0.7847307920455933 0.9285415560007095
vt 0.7590968608856201 0.9246722832322121
vt 0.7847307920455933 0.9244304522871971
vt 0.7590968608856201 0.9193520322442055
vt 0.7847307920455933 0.9193520322442055
vt 0.7590968608856201 0.9140317812561989
vt 0.7847307920455933 0.9140317812561989
vt 0.7590968608856201 0.9101625084877014
vt 0.7847307920455933 0.9101625084877014
vt 0.7590968608856201 0.9087115302681923
vt 0.7847307920455933 0.9087115302681923
vt 0.7590968608856201 0.9101625084877014
vt 0.7847307920455933 0.9101625084877014
vt 0.7590968608856201 0.9140317812561989
vt 0.7847307920455933 0.9140317812561989
vt 0.7590968608856201 0.9193520322442055
vt 0.7590968608856201 0.9258814305067062
vt 0.7590968608856201 0.9246722832322121
vt 0.7590968608856201 0.9285415560007095
vt 0.7590968608856201 0.9307180196046829
vt 0.7590968608856201 0.9297507032752037
vt 0.7590968608856201 0.932652659714222
vt 0.7590968608856201 0.9285415560007095
vt 0.7590968608856201 0.9307180196046829
vt 0.7590968608856201 0.9246722832322121
vt 0.7590968608856201 0.9258814305067062
vt 0.7590968608856201 0.9193520322442055
vt 0.7590968608856201 0.9193520322442055
vt 0.7590968608856201 0.9140317812561989
vt 0.7590968608856201 0.9125808030366898
vt 0.7590968608856201 0.9101625084877014
vt 0.7590968608856201 0.9077442064881325
vt 0.7590968608856201 0.9087115302681923
vt 0.7590968608856201 0.906051404774189
vt 0.7590968608856201 0.9101625084877014
vt 0.7590968608856201 0.9077442064881325
vt 0.7590968608856201 0.9140317812561989
vt 0.7590968608856201 0.9125808030366898
vt 0.7590968608856201 0.9193520322442055
vt 0.7564367055892944 0.9125808030366898
vt 0.7564367055892944 0.9193520322442055
vt 0.7590968608856201 0.9193520322442055
vt 0.7590968608856201 0.9258814305067062
vt 0.7564367055892944 0.9258814305067062
vt 0.7590968608856201 0.9307180196046829
vt 0.7564367055892944 0.9307180196046829
vt 0.7590968608856201 0.932652659714222
vt 0.7564367055892944 0.932652659714222
vt 0.7590968608856201 0.9307180196046829
vt 0.7564367055892944 0.9307180196046829
vt 0.7590968608856201 0.9258814305067062
vt 0.7564367055892944 0.9258814305067062
vt 0.7590968608856201 0.9193520322442055
vt 0.7564367055892944 0.9193520322442055
vt 0.7590968608856201 0.9125808030366898
vt 0.7564367055892944 0.9125808030366898
vt 0.7590968608856201 0.9077442064881325
vt 0.7564367055892944 0.9077442064881325
vt 0.7590968608856201 0.906051404774189
vt 0.7564367055892944 0.906051404774189
vt 0.7590968608856201 0.9077442064881325
vt 0.7564367055892944 0.9077442064881325
vt 0.7590968608856201 0.9125808030366898
vt 0.7564367055892944 0.9193520322442055
vt 0.7564367055892944 0.922737643122673
vt 0.7564367055892944 0.9258814305067062
vt 0.7564367055892944 0.9307180196046829
vt 0.7564367055892944 0.9253977686166763
vt 0.7564367055892944 0.932652659714222
vt 0.7564367055892944 0.9263650923967361
vt 0.7564367055892944 0.9307180196046829
vt 0.7564367055892944 0.9253977686166763
vt 0.7564367055892944 0.9258814305067062
vt 0.7564367055892944 0.922737643122673
vt 0.7564367055892944 0.9193520322442055
vt 0.7564367055892944 0.9193520322442055
vt 0.7564367055892944 0.9125808030366898
vt 0.7564367055892944 0.915724590420723
vt 0.7564367055892944 0.9077442064881325
vt 0.7564367055892944 0.9130644574761391
vt 0.7564367055892944 0.906051404774189
vt 0.7564367055892944 0.9120971411466599
vt 0.7564367055892944 0.9077442064881325
vt 0.7564367055892944 0.9130644574761391
vt 0.7564367055892944 0.9125808030366898
vt 0.7564367055892944 0.915724590420723
vt 0.7564367055892944 0.9193520322442055
vt 0.7564367055892944 0.9193520322442055
vt 0.7564367055892944 0.915724590420723
vt 0.7320119142532349 0.915724590420723
vt 0.7320119142532349 0.9130644574761391
vt 0.7564367055892944 0.9130644574761391
vt 0.7320119142532349 0.9120971411466599
vt 0.7564367055892944 0.9120971411466599
vt 0.7320119142532349 0.9130644574761391
vt 0.7564367055892944 0.9130644574761391
vt 0.7320119142532349 0.915724590420723
vt 0.7564367055892944 0.915724590420723
vt 0.7320119142532349 0.9193520322442055
vt 0.7564367055892944 0.9193520322442055
vt 0.7320119142532349 0.922979474067688
vt 0.7564367055892944 0.922737643122673
vt 0.7320119142532349 0.9253977686166763
vt 0.7564367055892944 0.9253977686166763
vt 0.7320119142532349 0.9263650923967361
vt 0.7564367055892944 0.9263650923967361
vt 0.7320119142532349 0.9253977686166763
vt 0.7564367055892944 0.9253977686166763
vt 0.7320119142532349 0.922979474067688
vt 0.7564367055892944 0.922737643122673
vt 0.7320119142532349 0.9193520322442055
vt 0.7678027153015137 0.9623977020382881
vt 0.7678027153015137 0.9652996584773064
vt 0.7678027153015137 0.960946723818779
vt 0.7678027153015137 0.9691689293831587
vt 0.7678027153015137 0.960946723818779
vt 0.7678027153015137 0.9735218621790409
vt 0.7678027153015137 0.9783584550023079
vt 0.7678027153015137 0.9626395329833031
vt 0.7678027153015137 0.9824695587158203
vt 0.7678027153015137 0.9657833129167557
vt 0.7678027153015137 0.9698944184929132
vt 0.7678027153015137 0.985129683278501
vt 0.7678027153015137 0.9931100606918335
vt 0.7678027153015137 0.9742473512887955
vt 0.7678027153015137 0.9875479796901345
vt 0.7678027153015137 0.9875479796901345
vt 0.7639334201812744 0.9875479796901345
vt 0.7678027153015137 0.9742473512887955
vt 0.7639334201812744 0.9742473512887955
vt 0.7678027153015137 0.9698944184929132
vt 0.7639334201812744 0.9698944184929132
vt 0.7678027153015137 0.9657833129167557
vt 0.7639334201812744 0.9657833129167557
vt 0.7678027153015137 0.9626395329833031
vt 0.7639334201812744 0.9626395329833031
vt 0.7678027153015137 0.960946723818779
vt 0.7639334201812744 0.960946723818779
vt 0.7678027153015137 0.960946723818779
vt 0.7639334201812744 0.960946723818779
vt 0.7678027153015137 0.9623977020382881
vt 0.7639334201812744 0.9931100606918335
vt 0.7678027153015137 0.9931100606918335
vt 0.7639334201812744 0.985129683278501
vt 0.7678027153015137 0.985129683278501
vt 0.7639334201812744 0.9824695587158203
vt 0.7678027153015137 0.9824695587158203
vt 0.7639334201812744 0.9783584550023079
vt 0.7678027153015137 0.9783584550023079
vt 0.7639334201812744 0.9735218621790409
vt 0.7678027153015137 0.9735218621790409
vt 0.7639334201812744 0.9691689293831587
vt 0.7678027153015137 0.9691689293831587
vt 0.7639334201812744 0.9652996584773064
vt 0.7678027153015137 0.9652996584773064
vt 0.7639334201812744 0.9623977020382881
vt 0.7639334201812744 0.9875479796901345
vt 0.7639334201812744 0.9931100606918335
vt 0.7639334201812744 0.9742473512887955
vt 0.7639334201812744 0.9698944184929132
vt 0.7639334201812744 0.985129683278501
vt 0.7639334201812744 0.9824695587158203
vt 0.7639334201812744 0.9657833129167557
vt 0.7639334201812744 0.9626395329833031
vt 0.7639334201812744 0.9783584550023079
vt 0.7639334201812744 0.960946723818779
vt 0.7639334201812744 0.9735218621790409
vt 0.7639334201812744 0.9691689293831587
vt 0.7639334201812744 0.960946723818779
vt 0.7639334201812744 0.9652996584773064
vt 0.7639334201812744 0.9623977020382881
vt 0.7535347938537598 0.9889989569783211
vt 0.7535347938537598 0.97497284039855
vt 0.7503910064697266 0.9889989569783211
vt 0.7503910064697266 0.97497284039855
vt 0.7535347938537598 0.971829054877162
vt 0.7503910064697266 0.971829054877162
vt 0.7535347938537598 0.9679597839713097
vt 0.7503910064697266 0.9679597839713097
vt 0.7535347938537598 0.9643323384225368
vt 0.7503910064697266 0.9643323384225368
vt 0.7535347938537598 0.9621558710932732
vt 0.7503910064697266 0.9621558710932732
vt 0.7535347938537598 0.9611885510385036
vt 0.7503910064697266 0.9611885510385036
vt 0.7535347938537598 0.9619140401482582
vt 0.7503910064697266 0.9619140401482582
vt 0.7535347938537598 0.9640905074775219
vt 0.7503910064697266 0.9640905074775219
vt 0.7535347938537598 0.9672342911362648
vt 0.7503910064697266 0.9672342911362648
vt 0.7535347938537598 0.9686852693557739
vt 0.7503910064697266 0.9686852693557739
vt 0.7503910064697266 0.9696525894105434
vt 0.7535347938537598 0.9696525894105434
vt 0.7503910064697266 0.9621558710932732
vt 0.7503910064697266 0.9611885510385036
vt 0.7503910064697266 0.9643323384225368
vt 0.7503910064697266 0.9679597839713097
vt 0.7503910064697266 0.971829054877162
vt 0.7503910064697266 0.9619140401482582
vt 0.7503910064697266 0.97497284039855
vt 0.7503910064697266 0.9640905074775219
vt 0.7503910064697266 0.9672342911362648
vt 0.7503910064697266 0.9889989569783211
vt 0.7503910064697266 0.9686852693557739
vt 0.7503910064697266 0.9696525894105434
vt 0.7503910064697266 0.9889989569783211
vt 0.7503910064697266 0.9834368769079447
vt 0.7503910064697266 0.9696525894105434
vt 0.7535347938537598 0.9621558710932732
vt 0.7535347938537598 0.9643323384225368
vt 0.7535347938537598 0.9611885510385036
vt 0.7535347938537598 0.9679597839713097
vt 0.7535347938537598 0.971829054877162
vt 0.7535347938537598 0.9619140401482582
vt 0.7535347938537598 0.97497284039855
vt 0.7535347938537598 0.9640905074775219
vt 0.7535347938537598 0.9672342911362648
vt 0.7535347938537598 0.9889989569783211
vt 0.7535347938537598 0.9686852693557739
vt 0.7535347938537598 0.9696525894105434
vt 0.7535347938537598 0.9889989569783211
vt 0.7535347938537598 0.9834368769079447
vt 0.7535347938537598 0.9696525894105434
vt 0.7390249967575073 0.9696525894105434
vt 0.7649007439613342 0.9696525894105434
vt 0.7390249967575073 0.9868224915117025
vt 0.7649007439613342 0.9868224915117025
vt 0.7649007439613342 0.9868224915117025
vt 0.7649007439613342 0.9868224915117025
vt 0.7390249967575073 0.9868224915117025
vt 0.7390249967575073 0.9868224915117025
vt 0.7390249967575073 0.9696525894105434
vt 0.7390249967575073 0.9868224915117025
vt 0.7390249967575073 0.9696525894105434
vt 0.7390249967575073 0.9868224915117025
vt 0.7649007439613342 0.9868224915117025
vt 0.7649007439613342 0.9696525894105434
vt 0.7649007439613342 0.9868224915117025
vt 0.7649007439613342 0.9696525894105434
vt 0.7390249967575073 0.9696525894105434
vt 0.7649007439613342 0.9696525894105434
vt 0.7390249967575073 0.9696525894105434
vt 0.7649007439613342 0.9696525894105434
vt 0.7329792380332947 0.922737643122673
vt 0.7390249967575073 0.922737643122673
vt 0.7329792380332947 0.9125808030366898
vt 0.7390249967575073 0.9125808030366898
vt 0.7329792380332947 0.9253977686166763
vt 0.7329792380332947 0.9268487468361855
vt 0.7329792380332947 0.9237049669027328
vt 0.7329792380332947 0.9278160706162453
vt 0.7329792380332947 0.9215284958481789
vt 0.7329792380332947 0.9280578941106796
vt 0.7329792380332947 0.9275742396712303
vt 0.7329792380332947 0.9198356866836548
vt 0.7329792380332947 0.9266069158911705
vt 0.7329792380332947 0.9065350592136383
vt 0.7329792380332947 0.9234631359577179
vt 0.7329792380332947 0.922979474067688
vt 0.7329792380332947 0.9116134867072105
vt 0.7329792380332947 0.9125808030366898
vt 0.7329792380332947 0.922737643122673
vt 0.74507075548172 0.9314435124397278
vt 0.7412014603614807 0.9314435124397278
vt 0.74507075548172 0.9278160706162453
vt 0.7412014603614807 0.9278160706162453
vt 0.7329792380332947 0.9065350592136383
vt 0.7303191423416138 0.9065350592136383
vt 0.7329792380332947 0.9198356866836548
vt 0.7303191423416138 0.9198356866836548
vt 0.7329792380332947 0.9215284958481789
vt 0.7303191423416138 0.9215284958481789
vt 0.7329792380332947 0.9237049669027328
vt 0.7303191423416138 0.9237049669027328
vt 0.7329792380332947 0.9253977686166763
vt 0.7303191423416138 0.9253977686166763
vt 0.7329792380332947 0.9268487468361855
vt 0.7303191423416138 0.9268487468361855
vt 0.7329792380332947 0.9278160706162453
vt 0.7303191423416138 0.9278160706162453
vt 0.7329792380332947 0.9280578941106796
vt 0.7303191423416138 0.9280578941106796
vt 0.7329792380332947 0.9275742396712303
vt 0.7303191423416138 0.9275742396712303
vt 0.7329792380332947 0.9266069158911705
vt 0.7303191423416138 0.9266069158911705
vt 0.7329792380332947 0.9234631359577179
vt 0.7303191423416138 0.9234631359577179
vt 0.7329792380332947 0.922979474067688
vt 0.7303191423416138 0.922979474067688
vt 0.7329792380332947 0.922737643122673
vt 0.7303191423416138 0.922737643122673
vt 0.7303191423416138 0.922737643122673
vt 0.7303191423416138 0.922737643122673
vt 0.7303191423416138 0.9125808030366898
vt 0.7303191423416138 0.9125808030366898
vt 0.7303191423416138 0.922979474067688
vt 0.7303191423416138 0.9116134867072105
vt 0.7303191423416138 0.9065350592136383
vt 0.7303191423416138 0.9234631359577179
vt 0.7303191423416138 0.9266069158911705
vt 0.7303191423416138 0.9198356866836548
vt 0.7303191423416138 0.9275742396712303
vt 0.7303191423416138 0.9215284958481789
vt 0.7303191423416138 0.9280578941106796
vt 0.7303191423416138 0.9278160706162453
vt 0.7303191423416138 0.9237049669027328
vt 0.7303191423416138 0.9253977686166763
vt 0.7303191423416138 0.9268487468361855
vt 0.7416850924491882 0.9253977686166763
vt 0.7416850924491882 0.9268487468361855
vt 0.7416850924491882 0.9237049669027328
vt 0.7416850924491882 0.9278160706162453
vt 0.7416850924491882 0.9215284958481789
vt 0.7416850924491882 0.9280578941106796
vt 0.7416850924491882 0.9275742396712303
vt 0.7416850924491882 0.9198356866836548
vt 0.7416850924491882 0.9266069158911705
vt 0.7416850924491882 0.9065350592136383
vt 0.7416850924491882 0.9234631359577179
vt 0.7416850924491882 0.922979474067688
vt 0.7416850924491882 0.9116134867072105
vt 0.7416850924491882 0.9125808030366898
vt 0.7416850924491882 0.922737643122673
vt 0.7416850924491882 0.9125808030366898
vt 0.7416850924491882 0.922737643122673
vt 0.7581295371055603 0.9314435124397278
vt 0.7540184259414673 0.9314435124397278
vt 0.7581295371055603 0.9278160706162453
vt 0.7540184259414673 0.9278160706162453
vt 0.7303191423416138 0.9125808030366898
vt 0.7329792380332947 0.9125808030366898
vt 0.7303191423416138 0.922737643122673
vt 0.7329792380332947 0.922737643122673
vt 0.7390249967575073 0.9125808030366898
vt 0.7390249967575073 0.922737643122673
vt 0.7416850924491882 0.922737643122673
vt 0.7416850924491882 0.9125808030366898
vt 0.7416850924491882 0.9065350592136383
vt 0.7390249967575073 0.9065350592136383
vt 0.7416850924491882 0.9198356866836548
vt 0.7390249967575073 0.9198356866836548
vt 0.7416850924491882 0.9215284958481789
vt 0.7390249967575073 0.9215284958481789
vt 0.7416850924491882 0.9237049669027328
vt 0.7390249967575073 0.9237049669027328
vt 0.7416850924491882 0.9253977686166763
vt 0.7390249967575073 0.9253977686166763
vt 0.7416850924491882 0.9268487468361855
vt 0.7390249967575073 0.9268487468361855
vt 0.7416850924491882 0.9278160706162453
vt 0.7390249967575073 0.9278160706162453
vt 0.7416850924491882 0.9280578941106796
vt 0.7390249967575073 0.9280578941106796
vt 0.7416850924491882 0.9275742396712303
vt 0.7390249967575073 0.9275742396712303
vt 0.7416850924491882 0.9266069158911705
vt 0.7390249967575073 0.9266069158911705
vt 0.7416850924491882 0.9234631359577179
vt 0.7390249967575073 0.9234631359577179
vt 0.7416850924491882 0.922979474067688
vt 0.7390249967575073 0.922979474067688
vt 0.7416850924491882 0.922737643122673
vt 0.7390249967575073 0.922737643122673
vt 0.7303191423416138 0.9116134867072105
vt 0.7329792380332947 0.9116134867072105
vt 0.7303191423416138 0.9125808030366898
vt 0.7329792380332947 0.9125808030366898
vt 0.7303191423416138 0.9125808030366898
vt 0.7329792380332947 0.9125808030366898
vt 0.7390249967575073 0.9125808030366898
vt 0.7390249967575073 0.9125808030366898
vt 0.7416850924491882 0.9125808030366898
vt 0.7416850924491882 0.9125808030366898
vt 0.7416850924491882 0.9116134867072105
vt 0.7390249967575073 0.9116134867072105
vt 0.7390249967575073 0.922737643122673
vt 0.7390249967575073 0.922979474067688
vt 0.7390249967575073 0.9125808030366898
vt 0.7390249967575073 0.9116134867072105
vt 0.7390249967575073 0.9065350592136383
vt 0.7390249967575073 0.9234631359577179
vt 0.7390249967575073 0.9266069158911705
vt 0.7390249967575073 0.9198356866836548
vt 0.7390249967575073 0.9275742396712303
vt 0.7390249967575073 0.9215284958481789
vt 0.7390249967575073 0.9280578941106796
vt 0.7390249967575073 0.9278160706162453
vt 0.7390249967575073 0.9237049669027328
vt 0.7390249967575073 0.9253977686166763
vt 0.7390249967575073 0.9268487468361855
vt 0.74507075548172 0.9278160706162453
vt 0.7540184259414673 0.9278160706162453
vt 0.74507075548172 0.9314435124397278
vt 0.7540184259414673 0.9314435124397278
vt 0.6384238600730896 0.9848878541961312
vt 0.6384238600730896 0.4412549138069153
vt 0.6302016973495483 0.9848878541961312
vt 0.6302016973495483 0.4412549138069153
vt 0.6384238600730896 0.57474485039711
vt 0.6384238600730896 0.9848878541961312
vt 0.6302016973495483 0.57474485039711
vt 0.6302016973495483 0.9848878541961312
vt 0.6302016973495483 0.9848878541961312
vt 0.6302016973495483 0.4412549138069153
vt 0.6384238600730896 0.9848878541961312
vt 0.6384238600730896 0.4412549138069153
vt 0.6302016973495483 0.57474485039711
vt 0.6302016973495483 0.9848878541961312
vt 0.6384238600730896 0.57474485039711
vt 0.6384238600730896 0.9848878541961312
vt 0.012085199356079102 0.6146467328071594
vt 0.6084370017051697 0.6146467328071594
vt 0.012085199356079102 0.22675204277038574
vt 0.6084370017051697 0.22675204277038574
vt 0.6384238600730896 0.9848878541961312
vt 0.6384238600730896 0.4412549138069153
vt 0.6302016973495483 0.9848878541961312
vt 0.6302016973495483 0.4412549138069153
vt 0.6384238600730896 0.57474485039711
vt 0.6384238600730896 0.9848878541961312
vt 0.6302016973495483 0.57474485039711
vt 0.6302016973495483 0.9848878541961312
vt 0.6302016973495483 0.9848878541961312
vt 0.6302016973495483 0.4412549138069153
vt 0.6384238600730896 0.9848878541961312
vt 0.6384238600730896 0.4412549138069153
vt 0.6302016973495483 0.57474485039711
vt 0.6302016973495483 0.9848878541961312
vt 0.6384238600730896 0.57474485039711
vt 0.6384238600730896 0.9848878541961312
vt 0.012085199356079102 0.6146467328071594
vt 0.6084370017051697 0.6146467328071594
vt 0.012085199356079102 0.22675204277038574
vt 0.6084370017051697 0.22675204277038574
vt 0.6384238600730896 0.9848878541961312
vt 0.6384238600730896 0.4412549138069153
vt 0.6302016973495483 0.9848878541961312
vt 0.6302016973495483 0.4412549138069153
vt 0.6384238600730896 0.57474485039711
vt 0.6384238600730896 0.9848878541961312
vt 0.6302016973495483 0.57474485039711
vt 0.6302016973495483 0.9848878541961312
vt 0.6302016973495483 0.9848878541961312
vt 0.6302016973495483 0.4412549138069153
vt 0.6384238600730896 0.9848878541961312
vt 0.6384238600730896 0.4412549138069153
vt 0.6302016973495483 0.57474485039711
vt 0.6302016973495483 0.9848878541961312
vt 0.6384238600730896 0.57474485039711
vt 0.6384238600730896 0.9848878541961312
vt 0.012085199356079102 0.6146467328071594
vt 0.6084370017051697 0.6146467328071594
vt 0.012085199356079102 0.22675204277038574
vt 0.6084370017051697 0.22675204277038574
vt 0.23916320502758026 0.21877163648605347
vt 0.23916320502758026 0.21877163648605347
vt 0.23867954313755035 0.002817809581756592
vt 0.23867954313755035 0.002817809581756592
vt 0.01377800665795803 0.002817809581756592
vt 0.01377800665795803 0.002817809581756592
vt 0.02127472311258316 0.2168370485305786
vt 0.02127472311258316 0.2168370485305786
vt 0.01377800665795803 0.002817809581756592
vt 0.23867954313755035 0.002817809581756592
vt 0.02127472311258316 0.2168370485305786
vt 0.23916320502758026 0.21877163648605347
vt 0.02127472311258316 0.2168370485305786
vt 0.23916320502758026 0.21877163648605347
vt 0.02127472311258316 0.2168370485305786
vt 0.23916320502758026 0.21877163648605347
vt 0.23867954313755035 0.002817809581756592
vt 0.23867954313755035 0.002817809581756592
vt 0.01377800665795803 0.002817809581756592
vt 0.01377800665795803 0.002817809581756592
vt 0.23916320502758026 0.21877163648605347
vt 0.23916320502758026 0.21877163648605347
vt 0.23867954313755035 0.002817809581756592
vt 0.23867954313755035 0.002817809581756592
vt 0.01377800665795803 0.002817809581756592
vt 0.01377800665795803 0.002817809581756592
vt 0.02127472311258316 0.2168370485305786
vt 0.02127472311258316 0.2168370485305786
vt 0.01377800665795803 0.002817809581756592
vt 0.23867954313755035 0.002817809581756592
vt 0.02127472311258316 0.2168370485305786
vt 0.23916320502758026 0.21877163648605347
vt 0.02127472311258316 0.2168370485305786
vt 0.23916320502758026 0.21877163648605347
vt 0.02127472311258316 0.2168370485305786
vt 0.23916320502758026 0.21877163648605347
vt 0.23867954313755035 0.002817809581756592
vt 0.23867954313755035 0.002817809581756592
vt 0.01377800665795803 0.002817809581756592
vt 0.01377800665795803 0.002817809581756592
vt 0.9665866494178772 0.6712348461151123
vt 0.9685212969779968 0.6579342186450958
vt 0.9665866494178772 0.6712348461151123
vt 0.9685212969779968 0.6579342186450958
vt 0.9665866494178772 0.6712348461151123
vt 0.9612663984298706 0.6823590099811554
vt 0.9665866494178772 0.6712348461151123
vt 0.9612663984298706 0.6823590099811554
vt 0.9612663984298706 0.6823590099811554
vt 0.9530441761016846 0.6898557245731354
vt 0.9612663984298706 0.6823590099811554
vt 0.9530441761016846 0.6898557245731354
vt 0.9530441761016846 0.6898557245731354
vt 0.9433709979057312 0.6925158500671387
vt 0.9530441761016846 0.6898557245731354
vt 0.9433709979057312 0.6925158500671387
vt 0.9433709979057312 0.6925158500671387
vt 0.9336978197097778 0.6898557245731354
vt 0.9433709979057312 0.6925158500671387
vt 0.9336978197097778 0.6898557245731354
vt 0.9336978197097778 0.6898557245731354
vt 0.9254755973815918 0.6823590099811554
vt 0.9336978197097778 0.6898557245731354
vt 0.9254755973815918 0.6823590099811554
vt 0.9254755973815918 0.6823590099811554
vt 0.9199135303497314 0.6712348461151123
vt 0.9254755973815918 0.6823590099811554
vt 0.9199135303497314 0.6712348461151123
vt 0.9199135303497314 0.6712348461151123
vt 0.9179788827896118 0.6579342186450958
vt 0.9199135303497314 0.6712348461151123
vt 0.9179788827896118 0.6579342186450958
vt 0.9179788827896118 0.6579342186450958
vt 0.9199135303497314 0.6448754370212555
vt 0.9179788827896118 0.6579342186450958
vt 0.9199135303497314 0.6448754370212555
vt 0.9199135303497314 0.6448754370212555
vt 0.9254755973815918 0.6335094273090363
vt 0.9199135303497314 0.6448754370212555
vt 0.9254755973815918 0.6335094273090363
vt 0.9254755973815918 0.6335094273090363
vt 0.9336978197097778 0.6260127127170563
vt 0.9254755973815918 0.6335094273090363
vt 0.9336978197097778 0.6260127127170563
vt 0.9336978197097778 0.6260127127170563
vt 0.9433709979057312 0.6235944330692291
vt 0.9336978197097778 0.6260127127170563
vt 0.9433709979057312 0.6235944330692291
vt 0.9433709979057312 0.6235944330692291
vt 0.9530441761016846 0.6260127127170563
vt 0.9433709979057312 0.6235944330692291
vt 0.9530441761016846 0.6260127127170563
vt 0.9530441761016846 0.6260127127170563
vt 0.9612663984298706 0.6335094273090363
vt 0.9530441761016846 0.6260127127170563
vt 0.9612663984298706 0.6335094273090363
vt 0.9612663984298706 0.6335094273090363
vt 0.9665866494178772 0.6448754370212555
vt 0.9612663984298706 0.6335094273090363
vt 0.9665866494178772 0.6448754370212555
vt 0.9665866494178772 0.6448754370212555
vt 0.9685212969779968 0.6579342186450958
vt 0.9665866494178772 0.6448754370212555
vt 0.9685212969779968 0.6579342186450958
vt 0.9665866494178772 0.6448754370212555
vt 0.9433709979057312 0.6579342186450958
vt 0.9612663984298706 0.6335094273090363
vt 0.9530441761016846 0.6260127127170563
vt 0.9433709979057312 0.6235944330692291
vt 0.9336978197097778 0.6260127127170563
vt 0.9254755973815918 0.6335094273090363
vt 0.9199135303497314 0.6448754370212555
vt 0.9179788827896118 0.6579342186450958
vt 0.9199135303497314 0.6712348461151123
vt 0.9254755973815918 0.6823590099811554
vt 0.9336978197097778 0.6898557245731354
vt 0.9433709979057312 0.6925158500671387
vt 0.9530441761016846 0.6898557245731354
vt 0.9612663984298706 0.6823590099811554
vt 0.9665866494178772 0.6712348461151123
vt 0.9685212969779968 0.6579342186450958
vt 0.9685212969779968 0.6579342186450958
vt 0.9433709979057312 0.6579342186450958
vt 0.9665866494178772 0.6712348461151123
vt 0.9612663984298706 0.6823590099811554
vt 0.9530441761016846 0.6898557245731354
vt 0.9433709979057312 0.6925158500671387
vt 0.9336978197097778 0.6898557245731354
vt 0.9254755973815918 0.6823590099811554
vt 0.9199135303497314 0.6712348461151123
vt 0.9179788827896118 0.6579342186450958
vt 0.9199135303497314 0.6448754370212555
vt 0.9254755973815918 0.6335094273090363
vt 0.9336978197097778 0.6260127127170563
vt 0.9433709979057312 0.6235944330692291
vt 0.9530441761016846 0.6260127127170563
vt 0.9612663984298706 0.6335094273090363
vt 0.9665866494178772 0.6448754370212555
vt 0.9665866494178772 0.6712348461151123
vt 0.9685212969779968 0.6579342186450958
vt 0.9665866494178772 0.6712348461151123
vt 0.9685212969779968 0.6579342186450958
vt 0.9665866494178772 0.6712348461151123
vt 0.9612663984298706 0.6823590099811554
vt 0.9665866494178772 0.6712348461151123
vt 0.9612663984298706 0.6823590099811554
vt 0.9612663984298706 0.6823590099811554
vt 0.9530441761016846 0.6898557245731354
vt 0.9612663984298706 0.6823590099811554
vt 0.9530441761016846 0.6898557245731354
vt 0.9530441761016846 0.6898557245731354
vt 0.9433709979057312 0.6925158500671387
vt 0.9530441761016846 0.6898557245731354
vt 0.9433709979057312 0.6925158500671387
vt 0.9433709979057312 0.6925158500671387
vt 0.9336978197097778 0.6898557245731354
vt 0.9433709979057312 0.6925158500671387
vt 0.9336978197097778 0.6898557245731354
vt 0.9336978197097778 0.6898557245731354
vt 0.9254755973815918 0.6823590099811554
vt 0.9336978197097778 0.6898557245731354
vt 0.9254755973815918 0.6823590099811554
vt 0.9254755973815918 0.6823590099811554
vt 0.9199135303497314 0.6712348461151123
vt 0.9254755973815918 0.6823590099811554
vt 0.9199135303497314 0.6712348461151123
vt 0.9199135303497314 0.6712348461151123
vt 0.9179788827896118 0.6579342186450958
vt 0.9199135303497314 0.6712348461151123
vt 0.9179788827896118 0.6579342186450958
vt 0.9179788827896118 0.6579342186450958
vt 0.9199135303497314 0.6448754370212555
vt 0.9179788827896118 0.6579342186450958
vt 0.9199135303497314 0.6448754370212555
vt 0.9199135303497314 0.6448754370212555
vt 0.9254755973815918 0.6335094273090363
vt 0.9199135303497314 0.6448754370212555
vt 0.9254755973815918 0.6335094273090363
vt 0.9254755973815918 0.6335094273090363
vt 0.9336978197097778 0.6260127127170563
vt 0.9254755973815918 0.6335094273090363
vt 0.9336978197097778 0.6260127127170563
vt 0.9336978197097778 0.6260127127170563
vt 0.9433709979057312 0.6235944330692291
vt 0.9336978197097778 0.6260127127170563
vt 0.9433709979057312 0.6235944330692291
vt 0.9433709979057312 0.6235944330692291
vt 0.9530441761016846 0.6260127127170563
vt 0.9433709979057312 0.6235944330692291
vt 0.9530441761016846 0.6260127127170563
vt 0.9530441761016846 0.6260127127170563
vt 0.9612663984298706 0.6335094273090363
vt 0.9530441761016846 0.6260127127170563
vt 0.9612663984298706 0.6335094273090363
vt 0.9612663984298706 0.6335094273090363
vt 0.9665866494178772 0.6448754370212555
vt 0.9612663984298706 0.6335094273090363
vt 0.9665866494178772 0.6448754370212555
vt 0.9665866494178772 0.6448754370212555
vt 0.9685212969779968 0.6579342186450958
vt 0.9665866494178772 0.6448754370212555
vt 0.9685212969779968 0.6579342186450958
vt 0.9665866494178772 0.6448754370212555
vt 0.9433709979057312 0.6579342186450958
vt 0.9612663984298706 0.6335094273090363
vt 0.9530441761016846 0.6260127127170563
vt 0.9433709979057312 0.6235944330692291
vt 0.9336978197097778 0.6260127127170563
vt 0.9254755973815918 0.6335094273090363
vt 0.9199135303497314 0.6448754370212555
vt 0.9179788827896118 0.6579342186450958
vt 0.9199135303497314 0.6712348461151123
vt 0.9254755973815918 0.6823590099811554
vt 0.9336978197097778 0.6898557245731354
vt 0.9433709979057312 0.6925158500671387
vt 0.9530441761016846 0.6898557245731354
vt 0.9612663984298706 0.6823590099811554
vt 0.9665866494178772 0.6712348461151123
vt 0.9685212969779968 0.6579342186450958
vt 0.9685212969779968 0.6579342186450958
vt 0.9433709979057312 0.6579342186450958
vt 0.9665866494178772 0.6712348461151123
vt 0.9612663984298706 0.6823590099811554
vt 0.9530441761016846 0.6898557245731354
vt 0.9433709979057312 0.6925158500671387
vt 0.9336978197097778 0.6898557245731354
vt 0.9254755973815918 0.6823590099811554
vt 0.9199135303497314 0.6712348461151123
vt 0.9179788827896118 0.6579342186450958
vt 0.9199135303497314 0.6448754370212555
vt 0.9254755973815918 0.6335094273090363
vt 0.9336978197097778 0.6260127127170563
vt 0.9433709979057312 0.6235944330692291
vt 0.9530441761016846 0.6260127127170563
vt 0.9612663984298706 0.6335094273090363
vt 0.9665866494178772 0.6448754370212555
vt 0.9665866494178772 0.6712348461151123
vt 0.9685212969779968 0.6579342186450958
vt 0.9665866494178772 0.6712348461151123
vt 0.9685212969779968 0.6579342186450958
vt 0.9665866494178772 0.6712348461151123
vt 0.9612663984298706 0.6823590099811554
vt 0.9665866494178772 0.6712348461151123
vt 0.9612663984298706 0.6823590099811554
vt 0.9612663984298706 0.6823590099811554
vt 0.9530441761016846 0.6898557245731354
vt 0.9612663984298706 0.6823590099811554
vt 0.9530441761016846 0.6898557245731354
vt 0.9530441761016846 0.6898557245731354
vt 0.9433709979057312 0.6925158500671387
vt 0.9530441761016846 0.6898557245731354
vt 0.9433709979057312 0.6925158500671387
vt 0.9433709979057312 0.6925158500671387
vt 0.9336978197097778 0.6898557245731354
vt 0.9433709979057312 0.6925158500671387
vt 0.9336978197097778 0.6898557245731354
vt 0.9336978197097778 0.6898557245731354
vt 0.9254755973815918 0.6823590099811554
vt 0.9336978197097778 0.6898557245731354
vt 0.9254755973815918 0.6823590099811554
vt 0.9254755973815918 0.6823590099811554
vt 0.9199135303497314 0.6712348461151123
vt 0.9254755973815918 0.6823590099811554
vt 0.9199135303497314 0.6712348461151123
vt 0.9199135303497314 0.6712348461151123
vt 0.9179788827896118 0.6579342186450958
vt 0.9199135303497314 0.6712348461151123
vt 0.9179788827896118 0.6579342186450958
vt 0.9179788827896118 0.6579342186450958
vt 0.9199135303497314 0.6448754370212555
vt 0.9179788827896118 0.6579342186450958
vt 0.9199135303497314 0.6448754370212555
vt 0.9199135303497314 0.6448754370212555
vt 0.9254755973815918 0.6335094273090363
vt 0.9199135303497314 0.6448754370212555
vt 0.9254755973815918 0.6335094273090363
vt 0.9254755973815918 0.6335094273090363
vt 0.9336978197097778 0.6260127127170563
vt 0.9254755973815918 0.6335094273090363
vt 0.9336978197097778 0.6260127127170563
vt 0.9336978197097778 0.6260127127170563
vt 0.9433709979057312 0.6235944330692291
vt 0.9336978197097778 0.6260127127170563
vt 0.9433709979057312 0.6235944330692291
vt 0.9433709979057312 0.6235944330692291
vt 0.9530441761016846 0.6260127127170563
vt 0.9433709979057312 0.6235944330692291
vt 0.9530441761016846 0.6260127127170563
vt 0.9530441761016846 0.6260127127170563
vt 0.9612663984298706 0.6335094273090363
vt 0.9530441761016846 0.6260127127170563
vt 0.9612663984298706 0.6335094273090363
vt 0.9612663984298706 0.6335094273090363
vt 0.9665866494178772 0.6448754370212555
vt 0.9612663984298706 0.6335094273090363
vt 0.9665866494178772 0.6448754370212555
vt 0.9665866494178772 0.6448754370212555
vt 0.9685212969779968 0.6579342186450958
vt 0.9665866494178772 0.6448754370212555
vt 0.9685212969779968 0.6579342186450958
vt 0.9665866494178772 0.6448754370212555
vt 0.9433709979057312 0.6579342186450958
vt 0.9612663984298706 0.6335094273090363
vt 0.9530441761016846 0.6260127127170563
vt 0.9433709979057312 0.6235944330692291
vt 0.9336978197097778 0.6260127127170563
vt 0.9254755973815918 0.6335094273090363
vt 0.9199135303497314 0.6448754370212555
vt 0.9179788827896118 0.6579342186450958
vt 0.9199135303497314 0.6712348461151123
vt 0.9254755973815918 0.6823590099811554
vt 0.9336978197097778 0.6898557245731354
vt 0.9433709979057312 0.6925158500671387
vt 0.9530441761016846 0.6898557245731354
vt 0.9612663984298706 0.6823590099811554
vt 0.9665866494178772 0.6712348461151123
vt 0.9685212969779968 0.6579342186450958
vt 0.9685212969779968 0.6579342186450958
vt 0.9433709979057312 0.6579342186450958
vt 0.9665866494178772 0.6712348461151123
vt 0.9612663984298706 0.6823590099811554
vt 0.9530441761016846 0.6898557245731354
vt 0.9433709979057312 0.6925158500671387
vt 0.9336978197097778 0.6898557245731354
vt 0.9254755973815918 0.6823590099811554
vt 0.9199135303497314 0.6712348461151123
vt 0.9179788827896118 0.6579342186450958
vt 0.9199135303497314 0.6448754370212555
vt 0.9254755973815918 0.6335094273090363
vt 0.9336978197097778 0.6260127127170563
vt 0.9433709979057312 0.6235944330692291
vt 0.9530441761016846 0.6260127127170563
vt 0.9612663984298706 0.6335094273090363
vt 0.9665866494178772 0.6448754370212555
vt 0.7948876619338989 0.6714766919612885
vt 0.7948876619338989 0.6714766919612885
vt 0.6609140038490295 0.672685831785202
vt 0.6609140038490295 0.672685831785202
vt 0.6611558794975281 0.7810254991054535
vt 0.6611558794975281 0.7810254991054535
vt 0.7948876619338989 0.7832019627094269
vt 0.7948876619338989 0.7832019627094269
vt 0.6611558794975281 0.7810254991054535
vt 0.6609140038490295 0.672685831785202
vt 0.7948876619338989 0.7832019627094269
vt 0.7948876619338989 0.6714766919612885
vt 0.7948876619338989 0.7832019627094269
vt 0.7948876619338989 0.6714766919612885
vt 0.7948876619338989 0.7832019627094269
vt 0.7948876619338989 0.6714766919612885
vt 0.6609140038490295 0.672685831785202
vt 0.6609140038490295 0.672685831785202
vt 0.6611558794975281 0.7810254991054535
vt 0.6611558794975281 0.7810254991054535
vt 0.6901754140853882 0.025791645050048828
vt 0.6901754140853882 0.025791645050048828
vt 0.6901754140853882 0.007654428482055664
vt 0.6901754140853882 0.007654428482055664
vt 0.659704864025116 0.13775873184204102
vt 0.659704864025116 0.13775873184204102
vt 0.6901754140853882 0.025791645050048828
vt 0.6901754140853882 0.025791645050048828
vt 0.49816271662712097 0.11744505167007446
vt 0.49816271662712097 0.11744505167007446
vt 0.49816271662712097 0.13775873184204102
vt 0.49816271662712097 0.13775873184204102
vt 0.5286332368850708 0.007654428482055664
vt 0.5286332368850708 0.007654428482055664
vt 0.49816271662712097 0.11744505167007446
vt 0.49816271662712097 0.11744505167007446
vt 0.5286332368850708 0.007654428482055664
vt 0.6901754140853882 0.007654428482055664
vt 0.49816271662712097 0.11744505167007446
vt 0.49816271662712097 0.13775873184204102
vt 0.659704864025116 0.13775873184204102
vt 0.6901754140853882 0.025791645050048828
vt 0.49816271662712097 0.13775873184204102
vt 0.659704864025116 0.13775873184204102
vt 0.49816271662712097 0.13775873184204102
vt 0.659704864025116 0.13775873184204102
vt 0.6901754140853882 0.007654428482055664
vt 0.6901754140853882 0.007654428482055664
vt 0.5286332368850708 0.007654428482055664
vt 0.5286332368850708 0.007654428482055664
vt 0.6848551630973816 0.14235353469848633
vt 0.5774828195571899 0.14235353469848633
vt 0.6848551630973816 0.01466745138168335
vt 0.527665913105011 0.01466745138168335
vt 0.49671173095703125 0.122039794921875
vt 0.527665913105011 0.01466745138168335
vt 0.527665913105011 0.01466745138168335
vt 0.6848551630973816 0.01466745138168335
vt 0.6848551630973816 0.01466745138168335
vt 0.5774828195571899 0.14235353469848633
vt 0.5774828195571899 0.14235353469848633
vt 0.6848551630973816 0.14235353469848633
vt 0.6848551630973816 0.14235353469848633
vt 0.49671173095703125 0.122039794921875
vt 0.49671173095703125 0.122039794921875
vt 0.5774828195571899 0.14235353469848633
vt 0.5774828195571899 0.14235353469848633
vt 0.527665913105011 0.01466745138168335
vt 0.527665913105011 0.01466745138168335
vt 0.49671173095703125 0.122039794921875
vt 0.49671173095703125 0.122039794921875
vt 0.6848551630973816 0.14235353469848633
vt 0.6848551630973816 0.14235353469848633
vt 0.6848551630973816 0.01466745138168335
vt 0.6848551630973816 0.01466745138168335
vt 0.7564367055892944 0.21175861358642578
vt 0.7564367055892944 0.21175861358642578
vt 0.9808546304702759 0.21175861358642578
vt 0.9808546304702759 0.21175861358642578
vt 0.9808546304702759 0.05916410684585571
vt 0.9808546304702759 0.05916410684585571
vt 0.7564367055892944 0.05916410684585571
vt 0.7564367055892944 0.05916410684585571
vt 0.9808546304702759 0.05916410684585571
vt 0.9808546304702759 0.21175861358642578
vt 0.7564367055892944 0.05916410684585571
vt 0.7564367055892944 0.21175861358642578
vt 0.7564367055892944 0.05916410684585571
vt 0.7564367055892944 0.21175861358642578
vt 0.7564367055892944 0.05916410684585571
vt 0.7564367055892944 0.21175861358642578
vt 0.9808546304702759 0.21175861358642578
vt 0.9808546304702759 0.21175861358642578
vt 0.9808546304702759 0.05916410684585571
vt 0.9808546304702759 0.05916410684585571
vt 0.8698548078536987 0.6025552451610565
vt 0.8698548078536987 0.5989277958869934
vt 0.877109706401825 0.5986859798431396
vt 0.8630836009979248 0.5989277958869934
vt 0.8630836009979248 0.6025552451610565
vt 0.877109706401825 0.6023134291172028
vt 0.8831554651260376 0.5986859798431396
vt 0.8575214743614197 0.5989277958869934
vt 0.853894054889679 0.5986859798431396
vt 0.854619562625885 0.6020715832710266
vt 0.854619562625885 0.5986859798431396
vt 0.889443039894104 0.5982023179531097
vt 0.889443039894104 0.6015879213809967
vt 0.853894054889679 0.6023134291172028
vt 0.8543777465820312 0.5989277958869934
vt 0.8543777465820312 0.6023134291172028
vt 0.8575214743614197 0.6025552451610565
vt 0.8833972811698914 0.6020715832710266
vt 0.8875083923339844 0.5984441339969635
vt 0.8892011642456055 0.5982023179531097
vt 0.8892011642456055 0.6018297672271729
vt 0.8875083923339844 0.6018297672271729
vt 0.9665866494178772 0.6712348461151123
vt 0.9685212969779968 0.6579342186450958
vt 0.9665866494178772 0.6712348461151123
vt 0.9685212969779968 0.6579342186450958
vt 0.9665866494178772 0.6712348461151123
vt 0.9612663984298706 0.6823590099811554
vt 0.9665866494178772 0.6712348461151123
vt 0.9612663984298706 0.6823590099811554
vt 0.9612663984298706 0.6823590099811554
vt 0.9530441761016846 0.6898557245731354
vt 0.9612663984298706 0.6823590099811554
vt 0.9530441761016846 0.6898557245731354
vt 0.9530441761016846 0.6898557245731354
vt 0.9433709979057312 0.6925158500671387
vt 0.9530441761016846 0.6898557245731354
vt 0.9433709979057312 0.6925158500671387
vt 0.9433709979057312 0.6925158500671387
vt 0.9336978197097778 0.6898557245731354
vt 0.9433709979057312 0.6925158500671387
vt 0.9336978197097778 0.6898557245731354
vt 0.9336978197097778 0.6898557245731354
vt 0.9254755973815918 0.6823590099811554
vt 0.9336978197097778 0.6898557245731354
vt 0.9254755973815918 0.6823590099811554
vt 0.9254755973815918 0.6823590099811554
vt 0.9199135303497314 0.6712348461151123
vt 0.9254755973815918 0.6823590099811554
vt 0.9199135303497314 0.6712348461151123
vt 0.9199135303497314 0.6712348461151123
vt 0.9179788827896118 0.6579342186450958
vt 0.9199135303497314 0.6712348461151123
vt 0.9179788827896118 0.6579342186450958
vt 0.9179788827896118 0.6579342186450958
vt 0.9199135303497314 0.6448754370212555
vt 0.9179788827896118 0.6579342186450958
vt 0.9199135303497314 0.6448754370212555
vt 0.9199135303497314 0.6448754370212555
vt 0.9254755973815918 0.6335094273090363
vt 0.9199135303497314 0.6448754370212555
vt 0.9254755973815918 0.6335094273090363
vt 0.9254755973815918 0.6335094273090363
vt 0.9336978197097778 0.6260127127170563
vt 0.9254755973815918 0.6335094273090363
vt 0.9336978197097778 0.6260127127170563
vt 0.9336978197097778 0.6260127127170563
vt 0.9433709979057312 0.6235944330692291
vt 0.9336978197097778 0.6260127127170563
vt 0.9433709979057312 0.6235944330692291
vt 0.9433709979057312 0.6235944330692291
vt 0.9530441761016846 0.6260127127170563
vt 0.9433709979057312 0.6235944330692291
vt 0.9530441761016846 0.6260127127170563
vt 0.9530441761016846 0.6260127127170563
vt 0.9612663984298706 0.6335094273090363
vt 0.9530441761016846 0.6260127127170563
vt 0.9612663984298706 0.6335094273090363
vt 0.9612663984298706 0.6335094273090363
vt 0.9665866494178772 0.6448754370212555
vt 0.9612663984298706 0.6335094273090363
vt 0.9665866494178772 0.6448754370212555
vt 0.9665866494178772 0.6448754370212555
vt 0.9685212969779968 0.6579342186450958
vt 0.9665866494178772 0.6448754370212555
vt 0.9685212969779968 0.6579342186450958
vt 0.9665866494178772 0.6448754370212555
vt 0.9433709979057312 0.6579342186450958
vt 0.9612663984298706 0.6335094273090363
vt 0.9530441761016846 0.6260127127170563
vt 0.9433709979057312 0.6235944330692291
vt 0.9336978197097778 0.6260127127170563
vt 0.9254755973815918 0.6335094273090363
vt 0.9199135303497314 0.6448754370212555
vt 0.9179788827896118 0.6579342186450958
vt 0.9199135303497314 0.6712348461151123
vt 0.9254755973815918 0.6823590099811554
vt 0.9336978197097778 0.6898557245731354
vt 0.9433709979057312 0.6925158500671387
vt 0.9530441761016846 0.6898557245731354
vt 0.9612663984298706 0.6823590099811554
vt 0.9665866494178772 0.6712348461151123
vt 0.9685212969779968 0.6579342186450958
vt 0.9685212969779968 0.6579342186450958
vt 0.9433709979057312 0.6579342186450958
vt 0.9665866494178772 0.6712348461151123
vt 0.9612663984298706 0.6823590099811554
vt 0.9530441761016846 0.6898557245731354
vt 0.9433709979057312 0.6925158500671387
vt 0.9336978197097778 0.6898557245731354
vt 0.9254755973815918 0.6823590099811554
vt 0.9199135303497314 0.6712348461151123
vt 0.9179788827896118 0.6579342186450958
vt 0.9199135303497314 0.6448754370212555
vt 0.9254755973815918 0.6335094273090363
vt 0.9336978197097778 0.6260127127170563
vt 0.9433709979057312 0.6235944330692291
vt 0.9530441761016846 0.6260127127170563
vt 0.9612663984298706 0.6335094273090363
vt 0.9665866494178772 0.6448754370212555
vt 0.9665866494178772 0.6712348461151123
vt 0.9685212969779968 0.6579342186450958
vt 0.9665866494178772 0.6712348461151123
vt 0.9685212969779968 0.6579342186450958
vt 0.9665866494178772 0.6712348461151123
vt 0.9612663984298706 0.6823590099811554
vt 0.9665866494178772 0.6712348461151123
vt 0.9612663984298706 0.6823590099811554
vt 0.9612663984298706 0.6823590099811554
vt 0.9530441761016846 0.6898557245731354
vt 0.9612663984298706 0.6823590099811554
vt 0.9530441761016846 0.6898557245731354
vt 0.9530441761016846 0.6898557245731354
vt 0.9433709979057312 0.6925158500671387
vt 0.9530441761016846 0.6898557245731354
vt 0.9433709979057312 0.6925158500671387
vt 0.9433709979057312 0.6925158500671387
vt 0.9336978197097778 0.6898557245731354
vt 0.9433709979057312 0.6925158500671387
vt 0.9336978197097778 0.6898557245731354
vt 0.9336978197097778 0.6898557245731354
vt 0.9254755973815918 0.6823590099811554
vt 0.9336978197097778 0.6898557245731354
vt 0.9254755973815918 0.6823590099811554
vt 0.9254755973815918 0.6823590099811554
vt 0.9199135303497314 0.6712348461151123
vt 0.9254755973815918 0.6823590099811554
vt 0.9199135303497314 0.6712348461151123
vt 0.9199135303497314 0.6712348461151123
vt 0.9179788827896118 0.6579342186450958
vt 0.9199135303497314 0.6712348461151123
vt 0.9179788827896118 0.6579342186450958
vt 0.9179788827896118 0.6579342186450958
vt 0.9199135303497314 0.6448754370212555
vt 0.9179788827896118 0.6579342186450958
vt 0.9199135303497314 0.6448754370212555
vt 0.9199135303497314 0.6448754370212555
vt 0.9254755973815918 0.6335094273090363
vt 0.9199135303497314 0.6448754370212555
vt 0.9254755973815918 0.6335094273090363
vt 0.9254755973815918 0.6335094273090363
vt 0.9336978197097778 0.6260127127170563
vt 0.9254755973815918 0.6335094273090363
vt 0.9336978197097778 0.6260127127170563
vt 0.9336978197097778 0.6260127127170563
vt 0.9433709979057312 0.6235944330692291
vt 0.9336978197097778 0.6260127127170563
vt 0.9433709979057312 0.6235944330692291
vt 0.9433709979057312 0.6235944330692291
vt 0.9530441761016846 0.6260127127170563
vt 0.9433709979057312 0.6235944330692291
vt 0.9530441761016846 0.6260127127170563
vt 0.9530441761016846 0.6260127127170563
vt 0.9612663984298706 0.6335094273090363
vt 0.9530441761016846 0.6260127127170563
vt 0.9612663984298706 0.6335094273090363
vt 0.9612663984298706 0.6335094273090363
vt 0.9665866494178772 0.6448754370212555
vt 0.9612663984298706 0.6335094273090363
vt 0.9665866494178772 0.6448754370212555
vt 0.9665866494178772 0.6448754370212555
vt 0.9685212969779968 0.6579342186450958
vt 0.9665866494178772 0.6448754370212555
vt 0.9685212969779968 0.6579342186450958
vt 0.9665866494178772 0.6448754370212555
vt 0.9433709979057312 0.6579342186450958
vt 0.9612663984298706 0.6335094273090363
vt 0.9530441761016846 0.6260127127170563
vt 0.9433709979057312 0.6235944330692291
vt 0.9336978197097778 0.6260127127170563
vt 0.9254755973815918 0.6335094273090363
vt 0.9199135303497314 0.6448754370212555
vt 0.9179788827896118 0.6579342186450958
vt 0.9199135303497314 0.6712348461151123
vt 0.9254755973815918 0.6823590099811554
vt 0.9336978197097778 0.6898557245731354
vt 0.9433709979057312 0.6925158500671387
vt 0.9530441761016846 0.6898557245731354
vt 0.9612663984298706 0.6823590099811554
vt 0.9665866494178772 0.6712348461151123
vt 0.9685212969779968 0.6579342186450958
vt 0.9685212969779968 0.6579342186450958
vt 0.9433709979057312 0.6579342186450958
vt 0.9665866494178772 0.6712348461151123
vt 0.9612663984298706 0.6823590099811554
vt 0.9530441761016846 0.6898557245731354
vt 0.9433709979057312 0.6925158500671387
vt 0.9336978197097778 0.6898557245731354
vt 0.9254755973815918 0.6823590099811554
vt 0.9199135303497314 0.6712348461151123
vt 0.9179788827896118 0.6579342186450958
vt 0.9199135303497314 0.6448754370212555
vt 0.9254755973815918 0.6335094273090363
vt 0.9336978197097778 0.6260127127170563
vt 0.9433709979057312 0.6235944330692291
vt 0.9530441761016846 0.6260127127170563
vt 0.9612663984298706 0.6335094273090363
vt 0.9665866494178772 0.6448754370212555
vt 0.9665866494178772 0.6712348461151123
vt 0.9685212969779968 0.6579342186450958
vt 0.9665866494178772 0.6712348461151123
vt 0.9685212969779968 0.6579342186450958
vt 0.9665866494178772 0.6712348461151123
vt 0.9612663984298706 0.6823590099811554
vt 0.9665866494178772 0.6712348461151123
vt 0.9612663984298706 0.6823590099811554
vt 0.9612663984298706 0.6823590099811554
vt 0.9530441761016846 0.6898557245731354
vt 0.9612663984298706 0.6823590099811554
vt 0.9530441761016846 0.6898557245731354
vt 0.9530441761016846 0.6898557245731354
vt 0.9433709979057312 0.6925158500671387
vt 0.9530441761016846 0.6898557245731354
vt 0.9433709979057312 0.6925158500671387
vt 0.9433709979057312 0.6925158500671387
vt 0.9336978197097778 0.6898557245731354
vt 0.9433709979057312 0.6925158500671387
vt 0.9336978197097778 0.6898557245731354
vt 0.9336978197097778 0.6898557245731354
vt 0.9254755973815918 0.6823590099811554
vt 0.9336978197097778 0.6898557245731354
vt 0.9254755973815918 0.6823590099811554
vt 0.9254755973815918 0.6823590099811554
vt 0.9199135303497314 0.6712348461151123
vt 0.9254755973815918 0.6823590099811554
vt 0.9199135303497314 0.6712348461151123
vt 0.9199135303497314 0.6712348461151123
vt 0.9179788827896118 0.6579342186450958
vt 0.9199135303497314 0.6712348461151123
vt 0.9179788827896118 0.6579342186450958
vt 0.9179788827896118 0.6579342186450958
vt 0.9199135303497314 0.6448754370212555
vt 0.9179788827896118 0.6579342186450958
vt 0.9199135303497314 0.6448754370212555
vt 0.9199135303497314 0.6448754370212555
vt 0.9254755973815918 0.6335094273090363
vt 0.9199135303497314 0.6448754370212555
vt 0.9254755973815918 0.6335094273090363
vt 0.9254755973815918 0.6335094273090363
vt 0.9336978197097778 0.6260127127170563
vt 0.9254755973815918 0.6335094273090363
vt 0.9336978197097778 0.6260127127170563
vt 0.9336978197097778 0.6260127127170563
vt 0.9433709979057312 0.6235944330692291
vt 0.9336978197097778 0.6260127127170563
vt 0.9433709979057312 0.6235944330692291
vt 0.9433709979057312 0.6235944330692291
vt 0.9530441761016846 0.6260127127170563
vt 0.9433709979057312 0.6235944330692291
vt 0.9530441761016846 0.6260127127170563
vt 0.9530441761016846 0.6260127127170563
vt 0.9612663984298706 0.6335094273090363
vt 0.9530441761016846 0.6260127127170563
vt 0.9612663984298706 0.6335094273090363
vt 0.9612663984298706 0.6335094273090363
vt 0.9665866494178772 0.6448754370212555
vt 0.9612663984298706 0.6335094273090363
vt 0.9665866494178772 0.6448754370212555
vt 0.9665866494178772 0.6448754370212555
vt 0.9685212969779968 0.6579342186450958
vt 0.9665866494178772 0.6448754370212555
vt 0.9685212969779968 0.6579342186450958
vt 0.9665866494178772 0.6448754370212555
vt 0.9433709979057312 0.6579342186450958
vt 0.9612663984298706 0.6335094273090363
vt 0.9530441761016846 0.6260127127170563
vt 0.9433709979057312 0.6235944330692291
vt 0.9336978197097778 0.6260127127170563
vt 0.9254755973815918 0.6335094273090363
vt 0.9199135303497314 0.6448754370212555
vt 0.9179788827896118 0.6579342186450958
vt 0.9199135303497314 0.6712348461151123
vt 0.9254755973815918 0.6823590099811554
vt 0.9336978197097778 0.6898557245731354
vt 0.9433709979057312 0.6925158500671387
vt 0.9530441761016846 0.6898557245731354
vt 0.9612663984298706 0.6823590099811554
vt 0.9665866494178772 0.6712348461151123
vt 0.9685212969779968 0.6579342186450958
vt 0.9685212969779968 0.6579342186450958
vt 0.9433709979057312 0.6579342186450958
vt 0.9665866494178772 0.6712348461151123
vt 0.9612663984298706 0.6823590099811554
vt 0.9530441761016846 0.6898557245731354
vt 0.9433709979057312 0.6925158500671387
vt 0.9336978197097778 0.6898557245731354
vt 0.9254755973815918 0.6823590099811554
vt 0.9199135303497314 0.6712348461151123
vt 0.9179788827896118 0.6579342186450958
vt 0.9199135303497314 0.6448754370212555
vt 0.9254755973815918 0.6335094273090363
vt 0.9336978197097778 0.6260127127170563
vt 0.9433709979057312 0.6235944330692291
vt 0.9530441761016846 0.6260127127170563
vt 0.9612663984298706 0.6335094273090363
vt 0.9665866494178772 0.6448754370212555
vn -0.99999807768279 -0.0019607729916327043 0
vn -0.99999807768279 -0.0019607729916327043 0
vn -0.99999807768279 -0.0019607729916327043 0
vn -0.99999807768279 -0.0019607729916327043 0
vn -0.99999807768279 -0.0019607729916327043 0
vn -0.99999807768279 -0.0019607729916327043 0
vn -0.99999807768279 -0.0019607729916327043 0
vn -0.99999807768279 -0.0019607729916327043 0
vn -0.99999807768279 -0.0019607729916327043 0
vn -0.99999807768279 -0.0019607729916327043 0
vn -0.99999807768279 -0.0019607729916327043 0
vn -0.99999807768279 -0.0019607729916327043 0
vn -0.99999807768279 -0.0019607729916327043 0
vn -0.99999807768279 -0.0019607729916327043 0
vn -0.99999807768279 -0.0019607729916327043 0
vn 0 -0.994422585716495 -0.10546905241311443
vn 0 -0.994422585716495 -0.10546905241311443
vn 6.030856157338699e-8 -0.9999294266988547 0.011880303939547955
vn 6.030856157338699e-8 -0.9999294266988547 0.011880303939547955
vn -7.471004239402119e-8 -0.9541739568658659 0.2992525021431416
vn -7.471004239402119e-8 -0.9541739568658659 0.2992525021431416
vn 0 -0.7883157870106701 0.6152708508858095
vn 0 -0.7883157870106701 0.6152708508858095
vn 0 -0.5219940724098269 0.8529491124146882
vn 0 -0.5219940724098269 0.8529491124146882
vn 7.024215856572505e-8 -0.19833315855134662 0.9801346633085893
vn 7.024215856572505e-8 -0.19833315855134662 0.9801346633085893
vn 0 0.14670975964502078 0.9891795824949584
vn 0 0.14670975964502078 0.9891795824949584
vn 1.621844046996716e-7 0.48722448449475025 0.8732767612325423
vn 8.320329342272866e-8 0.584592498186316 -0.8113270678735397
vn 8.320329342272866e-8 0.584592498186316 -0.8113270678735397
vn 0 0.6091802165566899 -0.7930318176189051
vn 0 0.6091802165566899 -0.7930318176189051
vn 0 0.761394495549518 -0.6482888416029501
vn 0 0.761394495549518 -0.6482888416029501
vn 7.635496640053247e-8 0.9400858453341643 -0.34093782923334265
vn 7.635496640053247e-8 0.9400858453341643 -0.34093782923334265
vn 0 0.9999294267015074 0.011880303716428172
vn 0 0.9999294267015074 0.011880303716428172
vn 0 0.9367424420874776 0.3500194240209943
vn 0 0.9367424420874776 0.3500194240209943
vn 0 0.761394495549518 0.6482888416029501
vn 0 0.761394495549518 0.6482888416029501
vn 1.6201682084287544e-7 0.4840613696307971 0.8750340510123769
vn 0.99999807768279 0.0019607729916327043 0
vn 0.99999807768279 0.0019607729916327043 0
vn 0.99999807768279 0.0019607729916327043 0
vn 0.99999807768279 0.0019607729916327043 0
vn 0.99999807768279 0.0019607729916327043 0
vn 0.99999807768279 0.0019607729916327043 0
vn 0.99999807768279 0.0019607729916327043 0
vn 0.99999807768279 0.0019607729916327043 0
vn 0.99999807768279 0.0019607729916327043 0
vn 0.99999807768279 0.0019607729916327043 0
vn 0.99999807768279 0.0019607729916327043 0
vn 0.99999807768279 0.0019607729916327043 0
vn 0.99999807768279 0.0019607729916327043 0
vn 0.99999807768279 0.0019607729916327043 0
vn 0.99999807768279 0.0019607729916327043 0
vn 0.99999807768279 0.0019607729916327043 0
vn 0.99999807768279 0.0019607729916327043 0
vn 0.99999807768279 0.0019607729916327043 0
vn 0.99999807768279 0.0019607729916327043 0
vn 0.99999807768279 0.0019607729916327043 0
vn 0.99999807768279 0.0019607729916327043 0
vn 0.99999807768279 0.0019607729916327043 0
vn 0.99999807768279 0.0019607729916327043 0
vn 0.99999807768279 0.0019607729916327043 0
vn 0.99999807768279 0.0019607729916327043 0
vn 0.99999807768279 0.0019607729916327043 0
vn -0.99999807768279 -0.0019607729916327043 0
vn -0.99999807768279 -0.0019607729916327043 0
vn -0.99999807768279 -0.0019607729916327043 0
vn -0.99999807768279 -0.0019607729916327043 0
vn -0.99999807768279 -0.0019607729916327043 0
vn -0.99999807768279 -0.0019607729916327043 0
vn -0.99999807768279 -0.0019607729916327043 0
vn -0.99999807768279 -0.0019607729916327043 0
vn -0.99999807768279 -0.0019607729916327043 0
vn -0.99999807768279 -0.0019607729916327043 0
vn -0.99999807768279 -0.0019607729916327043 0
vn 1.6781763462898014e-7 0.7713732792715476 0.6363829539089108
vn 1.6781763462898014e-7 0.7713732792715476 0.6363829539089108
vn 0 0.8370172737599959 0.5471764646139159
vn 0 0.8370172737599959 0.5471764646139159
vn 0 0.9736326396908442 0.228121640640774
vn 0 0.9736326396908442 0.228121640640774
vn 7.275425452597889e-8 0.9674140261357919 -0.25319972755856596
vn 7.275425452597889e-8 0.9674140261357919 -0.25319972755856596
vn -8.420844908670147e-8 0.7381861570942646 -0.674597063049043
vn -8.420844908670147e-8 0.7381861570942646 -0.674597063049043
vn 0 0.36220179520830287 -0.9320997047247053
vn 0 0.36220179520830287 -0.9320997047247053
vn 0 -0.08919527945751013 -0.9960141575913952
vn 0 -0.08919527945751013 -0.9960141575913952
vn 0 -0.5440365985089582 -0.8390614873075766
vn 0 -0.5440365985089582 -0.8390614873075766
vn 0 -0.8732767358718607 -0.4872245299499895
vn 0 -0.8732767358718607 -0.4872245299499895
vn 0 -0.9909370537054107 -0.13432704714107338
vn 0 -0.9909370537054107 -0.13432704714107338
vn -8.250438145773466e-8 -0.837017328357387 0.5471763810961284
vn 8.243907307710472e-8 -0.8390615049491071 0.5440365713006182
vn 0 -0.41165610027079413 0.9113392645496199
vn 0 -0.41165610027079413 0.9113392645496199
vn -0.99999807768279 -0.0019607729916327043 0
vn -0.99999807768279 -0.0019607729916327043 0
vn -0.99999807768279 -0.0019607729916327043 0
vn -0.99999807768279 -0.0019607729916327043 0
vn -0.99999807768279 -0.0019607729916327043 0
vn -0.99999807768279 -0.0019607729916327043 0
vn -0.99999807768279 -0.0019607729916327043 0
vn -0.99999807768279 -0.0019607729916327043 0
vn -0.99999807768279 -0.0019607729916327043 0
vn -0.99999807768279 -0.0019607729916327043 0
vn -0.99999807768279 -0.0019607729916327043 0
vn -0.99999807768279 -0.0019607729916327043 0
vn -0.99999807768279 -0.0019607729916327043 0
vn 0 1 0
vn 0 0.8660965314957368 -0.4998767829486123
vn 0 0.99999807768279 0.0019607729916327043
vn 0 0.8660965314957368 -0.4998767829486123
vn 0 0.4998767829486123 -0.8660965314957368
vn 0 0.4998767829486123 -0.8660965314957368
vn 0 0 -1
vn 0 0 -1
vn 0 -0.4998767829486123 -0.8660965314957368
vn 0 -0.4998767829486123 -0.8660965314957368
vn 0 -0.8660965314957368 -0.4998767829486123
vn 0 -0.8660965314957368 -0.4998767829486123
vn 0 -0.99999807768279 -0.0019607729916327043
vn 0 -1 0
vn 0 -0.8660965314957368 0.4998767829486123
vn 0 -0.8660965314957368 0.4998767829486123
vn 0 -0.4998767829486123 0.8660965314957368
vn 0 -0.4998767829486123 0.8660965314957368
vn 0 0 1
vn 0 0 1
vn 0 0.4998767829486123 0.8660965314957368
vn 0 0.4998767829486123 0.8660965314957368
vn 0 0.8660965314957368 0.4998767829486123
vn 0 0.8660965314957368 0.4998767829486123
vn -0.99999807768279 -0.0019607729916327043 0
vn -0.99999807768279 -0.0019607729916327043 0
vn -0.99999807768279 -0.0019607729916327043 0
vn -0.99999807768279 -0.0019607729916327043 0
vn -0.99999807768279 -0.0019607729916327043 0
vn -0.99999807768279 -0.0019607729916327043 0
vn -0.99999807768279 -0.0019607729916327043 0
vn -0.99999807768279 -0.0019607729916327043 0
vn -0.99999807768279 -0.0019607729916327043 0
vn -0.99999807768279 -0.0019607729916327043 0
vn -0.99999807768279 -0.0019607729916327043 0
vn -0.99999807768279 -0.0019607729916327043 0
vn -0.99999807768279 -0.0019607729916327043 0
vn -0.99999807768279 -0.0019607729916327043 0
vn -0.99999807768279 -0.0019607729916327043 0
vn -0.99999807768279 -0.0019607729916327043 0
vn -0.99999807768279 -0.0019607729916327043 0
vn -0.99999807768279 -0.0019607729916327043 0
vn -0.99999807768279 -0.0019607729916327043 0
vn -0.99999807768279 -0.0019607729916327043 0
vn -0.99999807768279 -0.0019607729916327043 0
vn -0.99999807768279 -0.0019607729916327043 0
vn -0.99999807768279 -0.0019607729916327043 0
vn -0.99999807768279 -0.0019607729916327043 0
vn 0 0.8660965314957368 0.4998767829486123
vn 0 1 0
vn 0 0.99999807768279 0.0019607729916327043
vn 0 0.8660965314957368 -0.4998767829486123
vn 0 0.8660965314957368 -0.4998767829486123
vn 0 0.4998767829486123 -0.8660965314957368
vn 0 0.4998767829486123 -0.8660965314957368
vn 0 0 -1
vn 0 0 -1
vn 0 -0.4998767829486123 -0.8660965314957368
vn 0 -0.4998767829486123 -0.8660965314957368
vn 0 -0.8660965314957368 -0.4998767829486123
vn 0 -0.8660965314957368 -0.4998767829486123
vn 0 -1 0
vn 0 -0.99999807768279 -0.0019607729916327043
vn 0 -0.8660965314957368 0.4998767829486123
vn 0 -0.8660965314957368 0.4998767829486123
vn 0 -0.4998767829486123 0.8660965314957368
vn 0 -0.4998767829486123 0.8660965314957368
vn 0 0 1
vn 0 0 1
vn 0 0.4998767829486123 0.8660965314957368
vn 0 0.4998767829486123 0.8660965314957368
vn 0 0.8660965314957368 0.4998767829486123
vn 0.99999807768279 0.0019607729916327043 0
vn 0.99999807768279 0.0019607729916327043 0
vn 0.99999807768279 0.0019607729916327043 0
vn 0.99999807768279 0.0019607729916327043 0
vn 0.99999807768279 0.0019607729916327043 0
vn 0.99999807768279 0.0019607729916327043 0
vn 0.99999807768279 0.0019607729916327043 0
vn 0.99999807768279 0.0019607729916327043 0
vn 0.99999807768279 0.0019607729916327043 0
vn 0.99999807768279 0.0019607729916327043 0
vn 0.99999807768279 0.0019607729916327043 0
vn 0.99999807768279 0.0019607729916327043 0
vn 0.99999807768279 0.0019607729916327043 0
vn 0.99999807768279 0.0019607729916327043 0
vn 0.99999807768279 0.0019607729916327043 0
vn 0.99999807768279 0.0019607729916327043 0
vn 0.99999807768279 0.0019607729916327043 0
vn 0.99999807768279 0.0019607729916327043 0
vn 0.99999807768279 0.0019607729916327043 0
vn 0.99999807768279 0.0019607729916327043 0
vn 0.99999807768279 0.0019607729916327043 0
vn 0.99999807768279 0.0019607729916327043 0
vn 0.99999807768279 0.0019607729916327043 0
vn 0.99999807768279 0.0019607729916327043 0
vn 0 0.99999807768279 0.0019607729916327043
vn 0 0.8660965314957368 0.4998767829486123
vn 0 0.8660965314957368 0.4998767829486123
vn 0 0.4998767829486123 0.8660965314957368
vn 0 0.4998767829486123 0.8660965314957368
vn 0 0 1
vn 0 0 1
vn 0 -0.4998767829486123 0.8660965314957368
vn 0 -0.4998767829486123 0.8660965314957368
vn 0 -0.8660965314957368 0.4998767829486123
vn 0 -0.8660965314957368 0.4998767829486123
vn 0 -0.99999807768279 -0.0019607729916327043
vn 0 -1 0
vn 0 -0.8660965314957368 -0.4998767829486123
vn 0 -0.8660965314957368 -0.4998767829486123
vn 0 -0.4998767829486123 -0.8660965314957368
vn 0 -0.4998767829486123 -0.8660965314957368
vn 0 0 -1
vn 0 0 -1
vn 0 0.4998767829486123 -0.8660965314957368
vn 0 0.4998767829486123 -0.8660965314957368
vn 0 0.8660965314957368 -0.4998767829486123
vn 0 0.8660965314957368 -0.4998767829486123
vn 0 1 0
vn -8.380964510382589e-8 0.7787165610005187 -0.6273758981850661
vn -8.223689467751926e-8 0.8451037412073362 -0.5346023443620099
vn -8.380964510382589e-8 0.7787165610005187 -0.6273758981850661
vn -8.223689467751926e-8 0.8451037412073362 -0.5346023443620099
vn 0 0.9736326396908442 -0.228121640640774
vn 0 0.9736326396908442 -0.228121640640774
vn 0 0.9755219989158538 0.2199018636374349
vn 0 0.9755219989158538 0.2199018636374349
vn 0 0.7835438494668295 0.6213364917359212
vn 0 0.7835438494668295 0.6213364917359212
vn 0 0.4556214574501408 0.8901736277328202
vn 0 0.4556214574501408 0.8901736277328202
vn 1.24689358098785e-7 0.047078835890668184 0.9988911768612053
vn 1.244466188920054e-7 0.044944269201095864 0.998989495773586
vn 7.823302490173532e-8 -0.39298911441325085 0.9195431234872471
vn 7.823302490173532e-8 -0.39298911441325085 0.9195431234872471
vn 0 -0.753772712496191 0.6571352204045485
vn 0 -0.753772712496191 0.6571352204045485
vn -8.133818777473862e-8 -0.867914278751482 0.4967140069892212
vn -8.133818777473862e-8 -0.867914278751482 0.4967140069892212
vn 8.399683780819609e-8 -0.6453239262225775 0.7639090457931954
vn 8.399683780819609e-8 -0.6453239262225775 0.7639090457931954
vn 0 -0.36220179520830287 0.9320997047247053
vn 0 -0.36220179520830287 0.9320997047247053
vn 0.99999807768279 0.0019607729916327043 0
vn 0.99999807768279 0.0019607729916327043 0
vn 0.99999807768279 0.0019607729916327043 0
vn 0.99999807768279 0.0019607729916327043 0
vn 0.99999807768279 0.0019607729916327043 0
vn 0.99999807768279 0.0019607729916327043 0
vn 0.99999807768279 0.0019607729916327043 0
vn 0.99999807768279 0.0019607729916327043 0
vn 0.99999807768279 0.0019607729916327043 0
vn 0.99999807768279 0.0019607729916327043 0
vn 0.99999807768279 0.0019607729916327043 0
vn 0.99999807768279 0.0019607729916327043 0
vn 0.99999807768279 0.0019607729916327043 0
vn 0.99999807768279 0.0019607729916327043 0
vn 0.99999807768279 0.0019607729916327043 0
vn -0.99999807768279 -0.0019607729916327043 0
vn -0.99999807768279 -0.0019607729916327043 0
vn -0.99999807768279 -0.0019607729916327043 0
vn -0.99999807768279 -0.0019607729916327043 0
vn -0.99999807768279 -0.0019607729916327043 0
vn -0.99999807768279 -0.0019607729916327043 0
vn -0.99999807768279 -0.0019607729916327043 0
vn -0.99999807768279 -0.0019607729916327043 0
vn -0.99999807768279 -0.0019607729916327043 0
vn -0.99999807768279 -0.0019607729916327043 0
vn -0.99999807768279 -0.0019607729916327043 0
vn -0.99999807768279 -0.0019607729916327043 0
vn -0.99999807768279 -0.0019607729916327043 0
vn -0.99999807768279 -0.0019607729916327043 0
vn -0.99999807768279 -0.0019607729916327043 0
vn 0 -1 0
vn 0 -1 0
vn 0 -1 0
vn 0 -1 0
vn 0 0 1
vn 0 0 1
vn 0 0 1
vn 0 0 1
vn 0.99999807768279 0.0019607729916327043 0
vn 0.99999807768279 0.0019607729916327043 0
vn 0.99999807768279 0.0019607729916327043 0
vn 0.99999807768279 0.0019607729916327043 0
vn -0.99999807768279 -0.0019607729916327043 0
vn -0.99999807768279 -0.0019607729916327043 0
vn -0.99999807768279 -0.0019607729916327043 0
vn -0.99999807768279 -0.0019607729916327043 0
vn 0 0 1
vn 0 0 1
vn 0 0 1
vn 0 0 1
vn 8.425741079268575e-8 0.686054670141372 -0.7275499911189649
vn 8.425741079268575e-8 0.686054670141372 -0.7275499911189649
vn 0 0.9981949253569884 -0.060057397475717776
vn 0 0.9981949253569884 -0.060057397475717776
vn -0.99999807768279 0 -0.0019607729916327043
vn -0.99999807768279 0 -0.0019607729916327043
vn -0.99999807768279 0 -0.0019607729916327043
vn -0.99999807768279 0 -0.0019607729916327043
vn -0.99999807768279 0 -0.0019607729916327043
vn -0.99999807768279 0 -0.0019607729916327043
vn -0.99999807768279 0 -0.0019607729916327043
vn -0.99999807768279 0 -0.0019607729916327043
vn -0.99999807768279 0 -0.0019607729916327043
vn -0.99999807768279 -0.0019607729916327043 0
vn -0.99999807768279 -0.0019607729916327043 0
vn -0.99999807768279 -0.0019607729916327043 0
vn -0.99999807768279 -0.0019607729916327043 0
vn -0.99999807768279 0 -0.0019607729916327043
vn -0.99999807768279 0 -0.0019607729916327043
vn 0 -0.07109842441029994 -0.9974693048141245
vn 0 -0.07109842441029994 -0.9974693048141245
vn 0 0 -1
vn 0 0 -1
vn 0 0.8548726984612528 0.5188378064728666
vn 0 0.8548726984612528 0.5188378064728666
vn 1.5968430690733046e-7 0.8965144866708983 0.4430144187147754
vn 1.5968430690733046e-7 0.8965144866708983 0.4430144187147754
vn 0 0.9811944635696509 0.19302182431078826
vn 0 0.9811944635696509 0.19302182431078826
vn 0 0.985078486520127 -0.17210570994367366
vn 0 0.985078486520127 -0.17210570994367366
vn 0 0.8586744881763548 -0.5125213394143457
vn 0 0.8567811427801458 -0.5156802045612643
vn 0 0.6243595102678468 -0.7811371210857249
vn 0 0.6243595102678468 -0.7811371210857249
vn 0 0.3140016909463546 -0.9494224234147992
vn 0 0.3140016909463546 -0.9494224234147992
vn 0 -0.04707889627723216 -0.9988911740151265
vn 0 -0.04707889627723216 -0.9988911740151265
vn 0 -0.4023064966758275 -0.9155050424396485
vn 0 -0.4023064966758275 -0.9155050424396485
vn -8.384393260752678e-8 -0.6303853119620686 -0.7762823960792092
vn -8.384393260752678e-8 -0.6303853119620686 -0.7762823960792092
vn 0 -0.6243595102678468 -0.7811371210857249
vn 0 -0.6243595102678468 -0.7811371210857249
vn 0 -0.35305729230378674 -0.9356017039056302
vn 0 -0.35305729230378674 -0.9356017039056302
vn 0 -0.07109842441029994 -0.9974693048141245
vn 0 -0.07109842441029994 -0.9974693048141245
vn 0.99999807768279 0 0.0019607729916327043
vn 0.99999807768279 0 0.0019607729916327043
vn 0.99999807768279 0 0.0019607729916327043
vn 0.99999807768279 0 0.0019607729916327043
vn 0.99999807768279 0.0019607729916327043 0
vn 0.99999807768279 0.0019607729916327043 0
vn 0.99999807768279 0.0019607729916327043 0
vn 0.99999807768279 0.0019607729916327043 0
vn 0.99999807768279 0 0.0019607729916327043
vn 0.99999807768279 0 0.0019607729916327043
vn 0.99999807768279 0 0.0019607729916327043
vn 0.99999807768279 0 0.0019607729916327043
vn 0.99999807768279 0 0.0019607729916327043
vn 0.99999807768279 0 0.0019607729916327043
vn 0.99999807768279 0 0.0019607729916327043
vn 0.99999807768279 0 0.0019607729916327043
vn 0.99999807768279 0 0.0019607729916327043
vn -0.99999807768279 0 -0.0019607729916327043
vn -0.99999807768279 0 -0.0019607729916327043
vn -0.99999807768279 0 -0.0019607729916327043
vn -0.99999807768279 0 -0.0019607729916327043
vn -0.99999807768279 0 -0.0019607729916327043
vn -0.99999807768279 0 -0.0019607729916327043
vn -0.99999807768279 0 -0.0019607729916327043
vn -0.99999807768279 0 -0.0019607729916327043
vn -0.99999807768279 0 -0.0019607729916327043
vn -0.99999807768279 -0.0019607729916327043 0
vn -0.99999807768279 -0.0019607729916327043 0
vn -0.99999807768279 -0.0019607729916327043 0
vn -0.99999807768279 -0.0019607729916327043 0
vn -0.99999807768279 0 -0.0019607729916327043
vn -0.99999807768279 0 -0.0019607729916327043
vn -0.99999807768279 0 -0.0019607729916327043
vn -0.99999807768279 0 -0.0019607729916327043
vn 0 -0.07109842441029994 -0.9974693048141245
vn 0 -0.07109842441029994 -0.9974693048141245
vn 0 0 -1
vn 0 0 -1
vn 0 -0.99999807768279 -0.0019607729916327043
vn 0 -0.99999807768279 -0.0019607729916327043
vn 0 -0.99999807768279 -0.0019607729916327043
vn 0 -0.8933736644583815 -0.44931447300549204
vn 0 -0.99999807768279 -0.0019607729916327043
vn 0 -0.8933736644583815 -0.44931447300549204
vn 0 -0.99999807768279 -0.0019607729916327043
vn 0 -0.99999807768279 -0.0019607729916327043
vn 0 0.8548726984612528 0.5188378064728666
vn 0 0.8548726984612528 0.5188378064728666
vn 1.5968430690733046e-7 0.8965144866708983 0.4430144187147754
vn 1.5968430690733046e-7 0.8965144866708983 0.4430144187147754
vn 0 0.9811944635696509 0.19302182431078826
vn 0 0.9811944635696509 0.19302182431078826
vn 0 0.985078486520127 -0.17210570994367366
vn 0 0.985078486520127 -0.17210570994367366
vn 0 0.8586744881763548 -0.5125213394143457
vn 0 0.8567811427801458 -0.5156802045612643
vn 0 0.6243595102678468 -0.7811371210857249
vn 0 0.6243595102678468 -0.7811371210857249
vn 0 0.3140016909463546 -0.9494224234147992
vn 0 0.3140016909463546 -0.9494224234147992
vn 0 -0.04707889627723216 -0.9988911740151265
vn 0 -0.04707889627723216 -0.9988911740151265
vn 0 -0.4023064966758275 -0.9155050424396485
vn 0 -0.4023064966758275 -0.9155050424396485
vn -8.384393260752678e-8 -0.6303853119620686 -0.7762823960792092
vn -8.384393260752678e-8 -0.6303853119620686 -0.7762823960792092
vn 0 -0.6243595102678468 -0.7811371210857249
vn 0 -0.6243595102678468 -0.7811371210857249
vn 0 -0.35305729230378674 -0.9356017039056302
vn 0 -0.35305729230378674 -0.9356017039056302
vn 0 -0.07109842441029994 -0.9974693048141245
vn 0 -0.07109842441029994 -0.9974693048141245
vn 0 -0.8510104498799266 0.5251487543498172
vn 0 -0.8510104498799266 0.5251487543498172
vn 8.109219881735776e-8 -0.48722455267760295 0.8732767231915112
vn 0 -0.3199456298501347 0.9474359049243386
vn 0 0 1
vn 0 0 1
vn 0 0 1
vn 0 -0.3199456298501347 0.9474359049243386
vn 0 0 1
vn 8.109219881735776e-8 -0.48722455267760295 0.8732767231915112
vn 0 -0.8510104498799266 0.5251487543498172
vn 0 -0.8510104498799266 0.5251487543498172
vn 0.99999807768279 0 0.0019607729916327043
vn 0.99999807768279 0.0019607729916327043 0
vn 0.99999807768279 0 0.0019607729916327043
vn 0.99999807768279 0.0019607729916327043 0
vn 0.99999807768279 0.0019607729916327043 0
vn 0.99999807768279 0.0019607729916327043 0
vn 0.99999807768279 0 0.0019607729916327043
vn 0.99999807768279 0 0.0019607729916327043
vn 0.99999807768279 0 0.0019607729916327043
vn 0.99999807768279 0 0.0019607729916327043
vn 0.99999807768279 0 0.0019607729916327043
vn 0.99999807768279 0 0.0019607729916327043
vn 0.99999807768279 0 0.0019607729916327043
vn 0.99999807768279 0 0.0019607729916327043
vn 0.99999807768279 0 0.0019607729916327043
vn 0 -0.8933736644583815 -0.44931447300549204
vn 0 -0.8933736644583815 -0.44931447300549204
vn 8.425741079268575e-8 0.686054670141372 -0.7275499911189649
vn 8.425741079268575e-8 0.686054670141372 -0.7275499911189649
vn 0.99999807768279 0.0019607729916327043 0
vn 0.99999807768279 0.0019607729916327043 0
vn 0.99999807768279 0.0019607729916327043 0
vn 0.99999807768279 0.0019607729916327043 0
vn 0.99999807768279 0.0019607729916327043 0
vn 0.99999807768279 0.0019607729916327043 0
vn 0.99999807768279 0.0019607729916327043 0
vn 0.99999807768279 0.0019607729916327043 0
vn 0.99999807768279 0.0019607729916327043 0
vn 0.99999807768279 0.0019607729916327043 0
vn 0.99999807768279 0.0019607729916327043 0
vn -0.99999807768279 -0.0019607729916327043 0
vn -0.99999807768279 -0.0019607729916327043 0
vn -0.99999807768279 -0.0019607729916327043 0
vn -0.99999807768279 -0.0019607729916327043 0
vn -0.99999807768279 -0.0019607729916327043 0
vn -0.99999807768279 -0.0019607729916327043 0
vn -0.99999807768279 -0.0019607729916327043 0
vn -0.99999807768279 -0.0019607729916327043 0
vn -0.99999807768279 -0.0019607729916327043 0
vn -0.99999807768279 -0.0019607729916327043 0
vn -0.99999807768279 -0.0019607729916327043 0
vn 1.6781763462898014e-7 0.7713732792715476 0.6363829539089108
vn 1.6781763462898014e-7 0.7713732792715476 0.6363829539089108
vn 0 0.8370172737599959 0.5471764646139159
vn 0 0.8370172737599959 0.5471764646139159
vn 0 0.9736326396908442 0.228121640640774
vn 0 0.9736326396908442 0.228121640640774
vn 7.275425452597889e-8 0.9674140261357919 -0.25319972755856596
vn 7.275425452597889e-8 0.9674140261357919 -0.25319972755856596
vn -8.420844908670147e-8 0.7381861570942646 -0.674597063049043
vn -8.420844908670147e-8 0.7381861570942646 -0.674597063049043
vn 0 0.36220179520830287 -0.9320997047247053
vn 0 0.36220179520830287 -0.9320997047247053
vn 0 -0.08919527945751013 -0.9960141575913952
vn 0 -0.08919527945751013 -0.9960141575913952
vn 0 -0.5440365985089582 -0.8390614873075766
vn 0 -0.5440365985089582 -0.8390614873075766
vn 0 -0.8732767358718607 -0.4872245299499895
vn 0 -0.8732767358718607 -0.4872245299499895
vn 0 -0.9909370537054107 -0.13432704714107338
vn 0 -0.9909370537054107 -0.13432704714107338
vn -8.250438145773466e-8 -0.837017328357387 0.5471763810961284
vn 8.243907307710472e-8 -0.8390615049491071 0.5440365713006182
vn 0 -0.41165610027079413 0.9113392645496199
vn 0 -0.41165610027079413 0.9113392645496199
vn -0.99999807768279 -0.0019607729916327043 0
vn -0.99999807768279 -0.0019607729916327043 0
vn -0.99999807768279 -0.0019607729916327043 0
vn -0.99999807768279 -0.0019607729916327043 0
vn -0.99999807768279 -0.0019607729916327043 0
vn -0.99999807768279 -0.0019607729916327043 0
vn -0.99999807768279 -0.0019607729916327043 0
vn -0.99999807768279 -0.0019607729916327043 0
vn -0.99999807768279 -0.0019607729916327043 0
vn -0.99999807768279 -0.0019607729916327043 0
vn -0.99999807768279 -0.0019607729916327043 0
vn -0.99999807768279 -0.0019607729916327043 0
vn -0.99999807768279 -0.0019607729916327043 0
vn 0 1 0
vn 0 0.8660965314957368 -0.4998767829486123
vn 0 0.99999807768279 0.0019607729916327043
vn 0 0.8660965314957368 -0.4998767829486123
vn 0 0.4998767829486123 -0.8660965314957368
vn 0 0.4998767829486123 -0.8660965314957368
vn 0 0 -1
vn 0 0 -1
vn 0 -0.4998767829486123 -0.8660965314957368
vn 0 -0.4998767829486123 -0.8660965314957368
vn 0 -0.8660965314957368 -0.4998767829486123
vn 0 -0.8660965314957368 -0.4998767829486123
vn 0 -0.99999807768279 -0.0019607729916327043
vn 0 -1 0
vn 0 -0.8660965314957368 0.4998767829486123
vn 0 -0.8660965314957368 0.4998767829486123
vn 0 -0.4998767829486123 0.8660965314957368
vn 0 -0.4998767829486123 0.8660965314957368
vn 0 0 1
vn 0 0 1
vn 0 0.4998767829486123 0.8660965314957368
vn 0 0.4998767829486123 0.8660965314957368
vn 0 0.8660965314957368 0.4998767829486123
vn 0 0.8660965314957368 0.4998767829486123
vn -0.99999807768279 -0.0019607729916327043 0
vn -0.99999807768279 -0.0019607729916327043 0
vn -0.99999807768279 -0.0019607729916327043 0
vn -0.99999807768279 -0.0019607729916327043 0
vn -0.99999807768279 -0.0019607729916327043 0
vn -0.99999807768279 -0.0019607729916327043 0
vn -0.99999807768279 -0.0019607729916327043 0
vn -0.99999807768279 -0.0019607729916327043 0
vn -0.99999807768279 -0.0019607729916327043 0
vn -0.99999807768279 -0.0019607729916327043 0
vn -0.99999807768279 -0.0019607729916327043 0
vn -0.99999807768279 -0.0019607729916327043 0
vn -0.99999807768279 -0.0019607729916327043 0
vn -0.99999807768279 -0.0019607729916327043 0
vn -0.99999807768279 -0.0019607729916327043 0
vn -0.99999807768279 -0.0019607729916327043 0
vn -0.99999807768279 -0.0019607729916327043 0
vn -0.99999807768279 -0.0019607729916327043 0
vn -0.99999807768279 -0.0019607729916327043 0
vn -0.99999807768279 -0.0019607729916327043 0
vn -0.99999807768279 -0.0019607729916327043 0
vn -0.99999807768279 -0.0019607729916327043 0
vn -0.99999807768279 -0.0019607729916327043 0
vn -0.99999807768279 -0.0019607729916327043 0
vn 0 0.8660965314957368 0.4998767829486123
vn 0 1 0
vn 0 0.99999807768279 0.0019607729916327043
vn 0 0.8660965314957368 -0.4998767829486123
vn 0 0.8660965314957368 -0.4998767829486123
vn 0 0.4998767829486123 -0.8660965314957368
vn 0 0.4998767829486123 -0.8660965314957368
vn 0 0 -1
vn 0 0 -1
vn 0 -0.4998767829486123 -0.8660965314957368
vn 0 -0.4998767829486123 -0.8660965314957368
vn 0 -0.8660965314957368 -0.4998767829486123
vn 0 -0.8660965314957368 -0.4998767829486123
vn 0 -1 0
vn 0 -0.99999807768279 -0.0019607729916327043
vn 0 -0.8660965314957368 0.4998767829486123
vn 0 -0.8660965314957368 0.4998767829486123
vn 0 -0.4998767829486123 0.8660965314957368
vn 0 -0.4998767829486123 0.8660965314957368
vn 0 0 1
vn 0 0 1
vn 0 0.4998767829486123 0.8660965314957368
vn 0 0.4998767829486123 0.8660965314957368
vn 0 0.8660965314957368 0.4998767829486123
vn 0.99999807768279 0.0019607729916327043 0
vn 0.99999807768279 0.0019607729916327043 0
vn 0.99999807768279 0.0019607729916327043 0
vn 0.99999807768279 0.0019607729916327043 0
vn 0.99999807768279 0.0019607729916327043 0
vn 0.99999807768279 0.0019607729916327043 0
vn 0.99999807768279 0.0019607729916327043 0
vn 0.99999807768279 0.0019607729916327043 0
vn 0.99999807768279 0.0019607729916327043 0
vn 0.99999807768279 0.0019607729916327043 0
vn 0.99999807768279 0.0019607729916327043 0
vn 0.99999807768279 0.0019607729916327043 0
vn 0.99999807768279 0.0019607729916327043 0
vn 0.99999807768279 0.0019607729916327043 0
vn 0.99999807768279 0.0019607729916327043 0
vn 0.99999807768279 0.0019607729916327043 0
vn 0.99999807768279 0.0019607729916327043 0
vn 0.99999807768279 0.0019607729916327043 0
vn 0.99999807768279 0.0019607729916327043 0
vn 0.99999807768279 0.0019607729916327043 0
vn 0.99999807768279 0.0019607729916327043 0
vn 0.99999807768279 0.0019607729916327043 0
vn 0.99999807768279 0.0019607729916327043 0
vn 0.99999807768279 0.0019607729916327043 0
vn 0 0.99999807768279 0.0019607729916327043
vn 0 0.8660965314957368 0.4998767829486123
vn 0 0.8660965314957368 0.4998767829486123
vn 0 0.4998767829486123 0.8660965314957368
vn 0 0.4998767829486123 0.8660965314957368
vn 0 0 1
vn 0 0 1
vn 0 -0.4998767829486123 0.8660965314957368
vn 0 -0.4998767829486123 0.8660965314957368
vn 0 -0.8660965314957368 0.4998767829486123
vn 0 -0.8660965314957368 0.4998767829486123
vn 0 -0.99999807768279 -0.0019607729916327043
vn 0 -1 0
vn 0 -0.8660965314957368 -0.4998767829486123
vn 0 -0.8660965314957368 -0.4998767829486123
vn 0 -0.4998767829486123 -0.8660965314957368
vn 0 -0.4998767829486123 -0.8660965314957368
vn 0 0 -1
vn 0 0 -1
vn 0 0.4998767829486123 -0.8660965314957368
vn 0 0.4998767829486123 -0.8660965314957368
vn 0 0.8660965314957368 -0.4998767829486123
vn 0 0.8660965314957368 -0.4998767829486123
vn 0 1 0
vn -0.99999807768279 -0.0019607729916327043 0
vn -0.99999807768279 -0.0019607729916327043 0
vn -0.99999807768279 -0.0019607729916327043 0
vn -0.99999807768279 -0.0019607729916327043 0
vn -0.99999807768279 -0.0019607729916327043 0
vn -0.99999807768279 -0.0019607729916327043 0
vn -0.99999807768279 -0.0019607729916327043 0
vn -0.99999807768279 -0.0019607729916327043 0
vn -0.99999807768279 -0.0019607729916327043 0
vn -0.99999807768279 -0.0019607729916327043 0
vn -0.99999807768279 -0.0019607729916327043 0
vn -0.99999807768279 -0.0019607729916327043 0
vn -0.99999807768279 -0.0019607729916327043 0
vn -0.99999807768279 -0.0019607729916327043 0
vn -0.99999807768279 -0.0019607729916327043 0
vn 0 -0.994422585716495 -0.10546905241311443
vn 0 -0.994422585716495 -0.10546905241311443
vn 6.030856157338699e-8 -0.9999294266988547 0.011880303939547955
vn 6.030856157338699e-8 -0.9999294266988547 0.011880303939547955
vn -7.471004239402119e-8 -0.9541739568658659 0.2992525021431416
vn -7.471004239402119e-8 -0.9541739568658659 0.2992525021431416
vn 0 -0.7883157870106701 0.6152708508858095
vn 0 -0.7883157870106701 0.6152708508858095
vn 0 -0.5219940724098269 0.8529491124146882
vn 0 -0.5219940724098269 0.8529491124146882
vn 7.024215856572505e-8 -0.19833315855134662 0.9801346633085893
vn 7.024215856572505e-8 -0.19833315855134662 0.9801346633085893
vn 0 0.14670975964502078 0.9891795824949584
vn 0 0.14670975964502078 0.9891795824949584
vn 1.621844046996716e-7 0.48722448449475025 0.8732767612325423
vn 8.320329342272866e-8 0.584592498186316 -0.8113270678735397
vn 8.320329342272866e-8 0.584592498186316 -0.8113270678735397
vn 0 0.6091802165566899 -0.7930318176189051
vn 0 0.6091802165566899 -0.7930318176189051
vn 0 0.761394495549518 -0.6482888416029501
vn 0 0.761394495549518 -0.6482888416029501
vn 7.635496640053247e-8 0.9400858453341643 -0.34093782923334265
vn 7.635496640053247e-8 0.9400858453341643 -0.34093782923334265
vn 0 0.9999511826905665 0.009880902577064376
vn 0 0.9999294267015074 0.011880303716428172
vn 0 0.9367424420874776 0.3500194240209943
vn 0 0.9367424420874776 0.3500194240209943
vn 0 0.761394495549518 0.6482888416029501
vn 0 0.761394495549518 0.6482888416029501
vn 1.6201682084287544e-7 0.4840613696307971 0.8750340510123769
vn 0.99999807768279 0.0019607729916327043 0
vn 0.99999807768279 0.0019607729916327043 0
vn 0.99999807768279 0.0019607729916327043 0
vn 0.99999807768279 0.0019607729916327043 0
vn 0.99999807768279 0.0019607729916327043 0
vn 0.99999807768279 0.0019607729916327043 0
vn 0.99999807768279 0.0019607729916327043 0
vn 0.99999807768279 0.0019607729916327043 0
vn 0.99999807768279 0.0019607729916327043 0
vn 0.99999807768279 0.0019607729916327043 0
vn 0.99999807768279 0.0019607729916327043 0
vn 0.99999807768279 0.0019607729916327043 0
vn 0.99999807768279 0.0019607729916327043 0
vn 0.99999807768279 0.0019607729916327043 0
vn 0.99999807768279 0.0019607729916327043 0
vn -0.99999807768279 -0.0019607729916327043 0
vn -0.99999807768279 -0.0019607729916327043 0
vn -0.99999807768279 -0.0019607729916327043 0
vn -0.99999807768279 -0.0019607729916327043 0
vn -0.99999807768279 -0.0019607729916327043 0
vn -0.99999807768279 -0.0019607729916327043 0
vn -0.99999807768279 -0.0019607729916327043 0
vn -0.99999807768279 -0.0019607729916327043 0
vn -0.99999807768279 -0.0019607729916327043 0
vn -0.99999807768279 -0.0019607729916327043 0
vn -0.99999807768279 -0.0019607729916327043 0
vn 0.99999807768279 0.0019607729916327043 0
vn 0.99999807768279 0.0019607729916327043 0
vn 0.99999807768279 0.0019607729916327043 0
vn 0.99999807768279 0.0019607729916327043 0
vn 0.99999807768279 0.0019607729916327043 0
vn 0.99999807768279 0.0019607729916327043 0
vn 0.99999807768279 0.0019607729916327043 0
vn 0.99999807768279 0.0019607729916327043 0
vn 0.99999807768279 0.0019607729916327043 0
vn 0.99999807768279 0.0019607729916327043 0
vn 0.99999807768279 0.0019607729916327043 0
vn 8.390881339184085e-8 -0.771373308530807 0.6363829184431566
vn 8.390881339184085e-8 -0.771373308530807 0.6363829184431566
vn -8.250438145773466e-8 -0.837017328357387 0.5471763810961284
vn -8.250438145773466e-8 -0.837017328357387 0.5471763810961284
vn 0 -0.9736326396908442 0.228121640640774
vn 0 -0.9736326396908442 0.228121640640774
vn 0 -0.9674140334358422 -0.2531996996668738
vn 0 -0.9674140334358422 -0.2531996996668738
vn -8.420844908670147e-8 -0.7381861570942646 -0.674597063049043
vn -8.420844908670147e-8 -0.7381861570942646 -0.674597063049043
vn 0 -0.36220179520830287 -0.9320997047247053
vn 0 -0.36220179520830287 -0.9320997047247053
vn -6.468352795794233e-8 0.08919528894485733 -0.9960141567417801
vn -6.468352795794233e-8 0.08919528894485733 -0.9960141567417801
vn 8.243907307710472e-8 0.5440365713006182 -0.8390615049491071
vn 8.243907307710472e-8 0.5440365713006182 -0.8390615049491071
vn 8.109219881735776e-8 0.8732767231915112 -0.48722455267760295
vn 8.109219881735776e-8 0.8732767231915112 -0.48722455267760295
vn 0 0.9909370537054107 -0.13432704714107338
vn 0 0.9909370537054107 -0.13432704714107338
vn 0 0.8370172737599959 0.5471764646139159
vn 1.648781544000879e-7 0.8390614873075652 0.5440365985089508
vn 0 0.41165610027079413 0.9113392645496199
vn 0 0.41165610027079413 0.9113392645496199
vn 0.99999807768279 0.0019607729916327043 0
vn 0.99999807768279 0.0019607729916327043 0
vn 0.99999807768279 0.0019607729916327043 0
vn 0.99999807768279 0.0019607729916327043 0
vn 0.99999807768279 0.0019607729916327043 0
vn 0.99999807768279 0.0019607729916327043 0
vn 0.99999807768279 0.0019607729916327043 0
vn 0.99999807768279 0.0019607729916327043 0
vn 0.99999807768279 0.0019607729916327043 0
vn 0.99999807768279 0.0019607729916327043 0
vn 0.99999807768279 0.0019607729916327043 0
vn 0.99999807768279 0.0019607729916327043 0
vn 0.99999807768279 0.0019607729916327043 0
vn 0 -1 0
vn 0 -0.8660965314957368 -0.4998767829486123
vn 0 -0.99999807768279 0.0019607729916327043
vn 0 -0.8660965314957368 -0.4998767829486123
vn 0 -0.4998767829486123 -0.8660965314957368
vn 0 -0.4998767829486123 -0.8660965314957368
vn 0 0 -1
vn 0 0 -1
vn 0 0.4998767829486123 -0.8660965314957368
vn 0 0.4998767829486123 -0.8660965314957368
vn 0 0.8660965314957368 -0.4998767829486123
vn 0 0.8660965314957368 -0.4998767829486123
vn 0 0.99999807768279 -0.0019607729916327043
vn 0 1 0
vn 0 0.8660965314957368 0.4998767829486123
vn 0 0.8660965314957368 0.4998767829486123
vn 0 0.4998767829486123 0.8660965314957368
vn 0 0.4998767829486123 0.8660965314957368
vn 0 0 1
vn 0 0 1
vn 0 -0.4998767829486123 0.8660965314957368
vn 0 -0.4998767829486123 0.8660965314957368
vn 0 -0.8660965314957368 0.4998767829486123
vn 0 -0.8660965314957368 0.4998767829486123
vn 0.99999807768279 0.0019607729916327043 0
vn 0.99999807768279 0.0019607729916327043 0
vn 0.99999807768279 0.0019607729916327043 0
vn 0.99999807768279 0.0019607729916327043 0
vn 0.99999807768279 0.0019607729916327043 0
vn 0.99999807768279 0.0019607729916327043 0
vn 0.99999807768279 0.0019607729916327043 0
vn 0.99999807768279 0.0019607729916327043 0
vn 0.99999807768279 0.0019607729916327043 0
vn 0.99999807768279 0.0019607729916327043 0
vn 0.99999807768279 0.0019607729916327043 0
vn 0.99999807768279 0.0019607729916327043 0
vn 0.99999807768279 0.0019607729916327043 0
vn 0.99999807768279 0.0019607729916327043 0
vn 0.99999807768279 0.0019607729916327043 0
vn 0.99999807768279 0.0019607729916327043 0
vn 0.99999807768279 0.0019607729916327043 0
vn 0.99999807768279 0.0019607729916327043 0
vn 0.99999807768279 0.0019607729916327043 0
vn 0.99999807768279 0.0019607729916327043 0
vn 0.99999807768279 0.0019607729916327043 0
vn 0.99999807768279 0.0019607729916327043 0
vn 0.99999807768279 0.0019607729916327043 0
vn 0.99999807768279 0.0019607729916327043 0
vn 0 -0.8660965314957368 0.4998767829486123
vn 0 -1 0
vn 0 -0.99999807768279 0.0019607729916327043
vn 0 -0.8660965314957368 -0.4998767829486123
vn 0 -0.8660965314957368 -0.4998767829486123
vn 0 -0.4998767829486123 -0.8660965314957368
vn 0 -0.4998767829486123 -0.8660965314957368
vn 0 0 -1
vn 0 0 -1
vn 0 0.4998767829486123 -0.8660965314957368
vn 0 0.4998767829486123 -0.8660965314957368
vn 0 0.8660965314957368 -0.4998767829486123
vn 0 0.8660965314957368 -0.4998767829486123
vn 0 1 0
vn 0 0.99999807768279 -0.0019607729916327043
vn 0 0.8660965314957368 0.4998767829486123
vn 0 0.8660965314957368 0.4998767829486123
vn 0 0.4998767829486123 0.8660965314957368
vn 0 0.4998767829486123 0.8660965314957368
vn 0 0 1
vn 0 0 1
vn 0 -0.4998767829486123 0.8660965314957368
vn 0 -0.4998767829486123 0.8660965314957368
vn 0 -0.8660965314957368 0.4998767829486123
vn -0.99999807768279 -0.0019607729916327043 0
vn -0.99999807768279 -0.0019607729916327043 0
vn -0.99999807768279 -0.0019607729916327043 0
vn -0.99999807768279 -0.0019607729916327043 0
vn -0.99999807768279 -0.0019607729916327043 0
vn -0.99999807768279 -0.0019607729916327043 0
vn -0.99999807768279 -0.0019607729916327043 0
vn -0.99999807768279 -0.0019607729916327043 0
vn -0.99999807768279 -0.0019607729916327043 0
vn -0.99999807768279 -0.0019607729916327043 0
vn -0.99999807768279 -0.0019607729916327043 0
vn -0.99999807768279 -0.0019607729916327043 0
vn -0.99999807768279 -0.0019607729916327043 0
vn -0.99999807768279 -0.0019607729916327043 0
vn -0.99999807768279 -0.0019607729916327043 0
vn -0.99999807768279 -0.0019607729916327043 0
vn -0.99999807768279 -0.0019607729916327043 0
vn -0.99999807768279 -0.0019607729916327043 0
vn -0.99999807768279 -0.0019607729916327043 0
vn -0.99999807768279 -0.0019607729916327043 0
vn -0.99999807768279 -0.0019607729916327043 0
vn -0.99999807768279 -0.0019607729916327043 0
vn -0.99999807768279 -0.0019607729916327043 0
vn -0.99999807768279 -0.0019607729916327043 0
vn 0 -0.99999807768279 0.0019607729916327043
vn 0 -0.8660965314957368 0.4998767829486123
vn 0 -0.8660965314957368 0.4998767829486123
vn 0 -0.4998767829486123 0.8660965314957368
vn 0 -0.4998767829486123 0.8660965314957368
vn 0 0 1
vn 0 0 1
vn 0 0.4998767829486123 0.8660965314957368
vn 0 0.4998767829486123 0.8660965314957368
vn 0 0.8660965314957368 0.4998767829486123
vn 0 0.8660965314957368 0.4998767829486123
vn 0 0.99999807768279 -0.0019607729916327043
vn 0 1 0
vn 0 0.8660965314957368 -0.4998767829486123
vn 0 0.8660965314957368 -0.4998767829486123
vn 0 0.4998767829486123 -0.8660965314957368
vn 0 0.4998767829486123 -0.8660965314957368
vn 0 0 -1
vn 0 0 -1
vn 0 -0.4998767829486123 -0.8660965314957368
vn 0 -0.4998767829486123 -0.8660965314957368
vn 0 -0.8660965314957368 -0.4998767829486123
vn 0 -0.8660965314957368 -0.4998767829486123
vn 0 -1 0
vn 0.99999807768279 0.0019607729916327043 0
vn 0.99999807768279 0.0019607729916327043 0
vn 0.99999807768279 0.0019607729916327043 0
vn 0.99999807768279 0.0019607729916327043 0
vn 0.99999807768279 0.0019607729916327043 0
vn 0.99999807768279 0.0019607729916327043 0
vn 0.99999807768279 0.0019607729916327043 0
vn 0.99999807768279 0.0019607729916327043 0
vn 0.99999807768279 0.0019607729916327043 0
vn 0.99999807768279 0.0019607729916327043 0
vn 0.99999807768279 0.0019607729916327043 0
vn 0.99999807768279 0.0019607729916327043 0
vn 0.99999807768279 0.0019607729916327043 0
vn 0.99999807768279 0.0019607729916327043 0
vn 0.99999807768279 0.0019607729916327043 0
vn 0 0.994422585716495 -0.10546905241311443
vn 0 0.994422585716495 -0.10546905241311443
vn 0 0.9999294267015074 0.011880303716428172
vn 0 0.9999294267015074 0.011880303716428172
vn 0 0.9541739398464204 0.2992525564100656
vn 0 0.9541739398464204 0.2992525564100656
vn 0 0.7883157870106701 0.6152708508858095
vn 0 0.7883157870106701 0.6152708508858095
vn 0 0.5219940724098269 0.8529491124146882
vn 0 0.5219940724098269 0.8529491124146882
vn 1.404843192073815e-7 0.19833308697630128 0.9801346777920019
vn 1.404843192073815e-7 0.19833308697630128 0.9801346777920019
vn 0 -0.14670975964502078 0.9891795824949584
vn 0 -0.14670975964502078 0.9891795824949584
vn 8.109219881735776e-8 -0.48722455267760295 0.8732767231915112
vn 0 -0.584592593961625 -0.8113269988637247
vn 0 -0.584592593961625 -0.8113269988637247
vn 0 -0.6091802165566899 -0.7930318176189051
vn 0 -0.6091802165566899 -0.7930318176189051
vn 0 -0.761394495549518 -0.6482888416029501
vn 0 -0.761394495549518 -0.6482888416029501
vn 0 -0.940085854886134 -0.34093780289520076
vn 0 -0.940085854886134 -0.34093780289520076
vn 6.030856157338699e-8 -0.9999294266988547 0.011880303939547955
vn 6.030856157338699e-8 -0.9999294266988547 0.011880303939547955
vn 0 -0.9367424420874776 0.3500194240209943
vn 0 -0.9367424420874776 0.3500194240209943
vn 0 -0.761394495549518 0.6482888416029501
vn 0 -0.761394495549518 0.6482888416029501
vn 8.100840691551916e-8 -0.4840614380883356 0.8750340131422581
vn -0.99999807768279 -0.0019607729916327043 0
vn -0.99999807768279 -0.0019607729916327043 0
vn -0.99999807768279 -0.0019607729916327043 0
vn -0.99999807768279 -0.0019607729916327043 0
vn -0.99999807768279 -0.0019607729916327043 0
vn -0.99999807768279 -0.0019607729916327043 0
vn -0.99999807768279 -0.0019607729916327043 0
vn -0.99999807768279 -0.0019607729916327043 0
vn -0.99999807768279 -0.0019607729916327043 0
vn -0.99999807768279 -0.0019607729916327043 0
vn -0.99999807768279 -0.0019607729916327043 0
vn -0.99999807768279 -0.0019607729916327043 0
vn -0.99999807768279 -0.0019607729916327043 0
vn -0.99999807768279 -0.0019607729916327043 0
vn -0.99999807768279 -0.0019607729916327043 0
vn -8.380964510382589e-8 -0.7787165610005187 -0.6273758981850661
vn 0 -0.8451037241723501 -0.5346023712910601
vn -8.380964510382589e-8 -0.7787165610005187 -0.6273758981850661
vn 0 -0.8451037241723501 -0.5346023712910601
vn 0 -0.9736326396908442 -0.228121640640774
vn 0 -0.9736326396908442 -0.228121640640774
vn 0 -0.9755219989158538 0.2199018636374349
vn 0 -0.9755219989158538 0.2199018636374349
vn 0 -0.7835438494668295 0.6213364917359212
vn 0 -0.7835438494668295 0.6213364917359212
vn 0 -0.4556214574501408 0.8901736277328202
vn 0 -0.4556214574501408 0.8901736277328202
vn 6.23446788635121e-8 -0.04707889908024163 0.9988911738830156
vn 6.222330926889562e-8 -0.04494433240310735 0.9989894929301485
vn 0 0.39298918635188945 0.9195430927425204
vn 0 0.39298918635188945 0.9195430927425204
vn 0 0.753772712496191 0.6571352204045485
vn 0 0.753772712496191 0.6571352204045485
vn 0 0.8679142364916529 0.4967140808303216
vn 0 0.8679142364916529 0.4967140808303216
vn 0 0.6453239957879965 0.7639089870267359
vn 0 0.6453239957879965 0.7639089870267359
vn 0 0.36220179520830287 0.9320997047247053
vn 0 0.36220179520830287 0.9320997047247053
vn -0.99999807768279 -0.0019607729916327043 0
vn -0.99999807768279 -0.0019607729916327043 0
vn -0.99999807768279 -0.0019607729916327043 0
vn -0.99999807768279 -0.0019607729916327043 0
vn -0.99999807768279 -0.0019607729916327043 0
vn -0.99999807768279 -0.0019607729916327043 0
vn -0.99999807768279 -0.0019607729916327043 0
vn -0.99999807768279 -0.0019607729916327043 0
vn -0.99999807768279 -0.0019607729916327043 0
vn -0.99999807768279 -0.0019607729916327043 0
vn -0.99999807768279 -0.0019607729916327043 0
vn -0.99999807768279 -0.0019607729916327043 0
vn -0.99999807768279 -0.0019607729916327043 0
vn -0.99999807768279 -0.0019607729916327043 0
vn -0.99999807768279 -0.0019607729916327043 0
vn 0.99999807768279 0.0019607729916327043 0
vn 0.99999807768279 0.0019607729916327043 0
vn 0.99999807768279 0.0019607729916327043 0
vn 0.99999807768279 0.0019607729916327043 0
vn 0.99999807768279 0.0019607729916327043 0
vn 0.99999807768279 0.0019607729916327043 0
vn 0.99999807768279 0.0019607729916327043 0
vn 0.99999807768279 0.0019607729916327043 0
vn 0.99999807768279 0.0019607729916327043 0
vn 0.99999807768279 0.0019607729916327043 0
vn 0.99999807768279 0.0019607729916327043 0
vn 0.99999807768279 0.0019607729916327043 0
vn 0.99999807768279 0.0019607729916327043 0
vn 0.99999807768279 0.0019607729916327043 0
vn 0.99999807768279 0.0019607729916327043 0
vn 0 1 0
vn 0 1 0
vn 0 1 0
vn 0 1 0
vn 0 0 1
vn 0 0 1
vn 0 0 1
vn 0 0 1
vn -0.99999807768279 -0.0019607729916327043 0
vn -0.99999807768279 -0.0019607729916327043 0
vn -0.99999807768279 -0.0019607729916327043 0
vn -0.99999807768279 -0.0019607729916327043 0
vn 0.99999807768279 0.0019607729916327043 0
vn 0.99999807768279 0.0019607729916327043 0
vn 0.99999807768279 0.0019607729916327043 0
vn 0.99999807768279 0.0019607729916327043 0
vn 0 0 1
vn 0 0 1
vn 0 0 1
vn 0 0 1
vn 0 -0.6860547314428423 -0.7275499333137826
vn 0 -0.6860547314428423 -0.7275499333137826
vn 0 -0.9981949253569884 -0.060057397475717776
vn 0 -0.9981949253569884 -0.060057397475717776
vn 0.99999807768279 0 -0.0019607729916327043
vn 0.99999807768279 0 -0.0019607729916327043
vn 0.99999807768279 0 -0.0019607729916327043
vn 0.99999807768279 0 -0.0019607729916327043
vn 0.99999807768279 0 -0.0019607729916327043
vn 0.99999807768279 0 -0.0019607729916327043
vn 0.99999807768279 0 -0.0019607729916327043
vn 0.99999807768279 0 -0.0019607729916327043
vn 0.99999807768279 0 -0.0019607729916327043
vn 0.99999807768279 0.0019607729916327043 0
vn 0.99999807768279 0.0019607729916327043 0
vn 0.99999807768279 0.0019607729916327043 0
vn 0.99999807768279 0.0019607729916327043 0
vn 0.99999807768279 0 -0.0019607729916327043
vn 0.99999807768279 0 -0.0019607729916327043
vn 0 0.07109842441029994 -0.9974693048141245
vn 0 0.07109842441029994 -0.9974693048141245
vn 0 0 -1
vn 0 0 -1
vn 0 -0.8548726984612528 0.5188378064728666
vn 0 -0.8548726984612528 0.5188378064728666
vn 7.984214845652764e-8 -0.8965145103440143 0.44301437080824574
vn 7.984214845652764e-8 -0.8965145103440143 0.44301437080824574
vn 0 -0.9811944635696509 0.19302182431078826
vn 0 -0.9811944635696509 0.19302182431078826
vn 0 -0.985078486520127 -0.17210570994367366
vn 0 -0.985078486520127 -0.17210570994367366
vn 0 -0.8586744881763548 -0.5125213394143457
vn 0 -0.8567811427801458 -0.5156802045612643
vn 0 -0.6243595102678468 -0.7811371210857249
vn 0 -0.6243595102678468 -0.7811371210857249
vn 0 -0.3140016909463546 -0.9494224234147992
vn 0 -0.3140016909463546 -0.9494224234147992
vn 6.234467533748083e-8 0.047078833087662655 -0.9988911769933201
vn 6.234467533748083e-8 0.047078833087662655 -0.9988911769933201
vn 0 0.4023064966758275 -0.9155050424396485
vn 0 0.4023064966758275 -0.9155050424396485
vn 0 0.6303852760434555 -0.7762824252471624
vn 0 0.6303852760434555 -0.7762824252471624
vn 0 0.6243595102678468 -0.7811371210857249
vn 0 0.6243595102678468 -0.7811371210857249
vn 0 0.35305729230378674 -0.9356017039056302
vn 0 0.35305729230378674 -0.9356017039056302
vn 0 0.07109842441029994 -0.9974693048141245
vn 0 0.07109842441029994 -0.9974693048141245
vn -0.99999807768279 0 0.0019607729916327043
vn -0.99999807768279 0 0.0019607729916327043
vn -0.99999807768279 0 0.0019607729916327043
vn -0.99999807768279 0 0.0019607729916327043
vn -0.99999807768279 -0.0019607729916327043 0
vn -0.99999807768279 -0.0019607729916327043 0
vn -0.99999807768279 -0.0019607729916327043 0
vn -0.99999807768279 -0.0019607729916327043 0
vn -0.99999807768279 0 0.0019607729916327043
vn -0.99999807768279 0 0.0019607729916327043
vn -0.99999807768279 0 0.0019607729916327043
vn -0.99999807768279 0 0.0019607729916327043
vn -0.99999807768279 0 0.0019607729916327043
vn -0.99999807768279 0 0.0019607729916327043
vn -0.99999807768279 0 0.0019607729916327043
vn -0.99999807768279 0 0.0019607729916327043
vn -0.99999807768279 0 0.0019607729916327043
vn 0.99999807768279 0 -0.0019607729916327043
vn 0.99999807768279 0 -0.0019607729916327043
vn 0.99999807768279 0 -0.0019607729916327043
vn 0.99999807768279 0 -0.0019607729916327043
vn 0.99999807768279 0 -0.0019607729916327043
vn 0.99999807768279 0 -0.0019607729916327043
vn 0.99999807768279 0 -0.0019607729916327043
vn 0.99999807768279 0 -0.0019607729916327043
vn 0.99999807768279 0 -0.0019607729916327043
vn 0.99999807768279 0.0019607729916327043 0
vn 0.99999807768279 0.0019607729916327043 0
vn 0.99999807768279 0.0019607729916327043 0
vn 0.99999807768279 0.0019607729916327043 0
vn 0.99999807768279 0 -0.0019607729916327043
vn 0.99999807768279 0 -0.0019607729916327043
vn 0.99999807768279 0 -0.0019607729916327043
vn 0.99999807768279 0 -0.0019607729916327043
vn 0 0.07109842441029994 -0.9974693048141245
vn 0 0.07109842441029994 -0.9974693048141245
vn 0 0 -1
vn 0 0 -1
vn 0 0.99999807768279 -0.0019607729916327043
vn 0 0.99999807768279 -0.0019607729916327043
vn 0 0.99999807768279 -0.0019607729916327043
vn 0 0.8933736644583815 -0.44931447300549204
vn 0 0.99999807768279 -0.0019607729916327043
vn 0 0.8933736644583815 -0.44931447300549204
vn 0 0.99999807768279 -0.0019607729916327043
vn 0 0.99999807768279 -0.0019607729916327043
vn 0 -0.8548726984612528 0.5188378064728666
vn 0 -0.8548726984612528 0.5188378064728666
vn 7.984214845652764e-8 -0.8965145103440143 0.44301437080824574
vn 7.984214845652764e-8 -0.8965145103440143 0.44301437080824574
vn 0 -0.9811944635696509 0.19302182431078826
vn 0 -0.9811944635696509 0.19302182431078826
vn 0 -0.985078486520127 -0.17210570994367366
vn 0 -0.985078486520127 -0.17210570994367366
vn 0 -0.8586744881763548 -0.5125213394143457
vn 0 -0.8567811427801458 -0.5156802045612643
vn 0 -0.6243595102678468 -0.7811371210857249
vn 0 -0.6243595102678468 -0.7811371210857249
vn 0 -0.3140016909463546 -0.9494224234147992
vn 0 -0.3140016909463546 -0.9494224234147992
vn 6.234467533748083e-8 0.047078833087662655 -0.9988911769933201
vn 6.234467533748083e-8 0.047078833087662655 -0.9988911769933201
vn 0 0.4023064966758275 -0.9155050424396485
vn 0 0.4023064966758275 -0.9155050424396485
vn 0 0.6303852760434555 -0.7762824252471624
vn 0 0.6303852760434555 -0.7762824252471624
vn 0 0.6243595102678468 -0.7811371210857249
vn 0 0.6243595102678468 -0.7811371210857249
vn 0 0.35305729230378674 -0.9356017039056302
vn 0 0.35305729230378674 -0.9356017039056302
vn 0 0.07109842441029994 -0.9974693048141245
vn 0 0.07109842441029994 -0.9974693048141245
vn 0 0.8510104498799266 0.5251487543498172
vn 0 0.8510104498799266 0.5251487543498172
vn 1.621844046996716e-7 0.48722448449475025 0.8732767612325423
vn 0 0.3199456298501347 0.9474359049243386
vn 0 0 1
vn 0 0 1
vn 0 0 1
vn 0 0.3199456298501347 0.9474359049243386
vn 0 0 1
vn 1.621844046996716e-7 0.48722448449475025 0.8732767612325423
vn 0 0.8510104498799266 0.5251487543498172
vn 0 0.8510104498799266 0.5251487543498172
vn -0.99999807768279 0 0.0019607729916327043
vn -0.99999807768279 -0.0019607729916327043 0
vn -0.99999807768279 0 0.0019607729916327043
vn -0.99999807768279 -0.0019607729916327043 0
vn -0.99999807768279 -0.0019607729916327043 0
vn -0.99999807768279 -0.0019607729916327043 0
vn -0.99999807768279 0 0.0019607729916327043
vn -0.99999807768279 0 0.0019607729916327043
vn -0.99999807768279 0 0.0019607729916327043
vn -0.99999807768279 0 0.0019607729916327043
vn -0.99999807768279 0 0.0019607729916327043
vn -0.99999807768279 0 0.0019607729916327043
vn -0.99999807768279 0 0.0019607729916327043
vn -0.99999807768279 0 0.0019607729916327043
vn -0.99999807768279 0 0.0019607729916327043
vn 0 0.8933736644583815 -0.44931447300549204
vn 0 0.8933736644583815 -0.44931447300549204
vn 0 -0.6860547314428423 -0.7275499333137826
vn 0 -0.6860547314428423 -0.7275499333137826
vn 1 0 0
vn 1 0 0
vn 1 0 0
vn 1 0 0
vn 0 0 1
vn 0 0 1
vn 0 0 1
vn 0 0 1
vn -1 0 0
vn -1 0 0
vn -1 0 0
vn -1 0 0
vn 0 0 -1
vn 0 0 -1
vn 0 0 -1
vn 0 0 -1
vn 0 1 0
vn 0 1 0
vn 0 1 0
vn 0 1 0
vn 1 0 0
vn 1 0 0
vn 1 0 0
vn 1 0 0
vn 0 0 1
vn 0 0 1
vn 0 0 1
vn 0 0 1
vn -1 0 0
vn -1 0 0
vn -1 0 0
vn -1 0 0
vn 0 0 -1
vn 0 0 -1
vn 0 0 -1
vn 0 0 -1
vn 0 1 0
vn 0 1 0
vn 0 1 0
vn 0 1 0
vn 1 0 0
vn 1 0 0
vn 1 0 0
vn 1 0 0
vn 0 0 1
vn 0 0 1
vn 0 0 1
vn 0 0 1
vn -1 0 0
vn -1 0 0
vn -1 0 0
vn -1 0 0
vn 0 0 -1
vn 0 0 -1
vn 0 0 -1
vn 0 0 -1
vn 0 1 0
vn 0 1 0
vn 0 1 0
vn 0 1 0
vn 0 0 -1
vn 0 0 -1
vn 0 0 -1
vn 0 0 -1
vn 0 0 1
vn 0 0 1
vn 0 0 1
vn 0 0 1
vn 1 0 0
vn 1 0 0
vn 1 0 0
vn 1 0 0
vn 0 1 0
vn 0 1 0
vn 0 1 0
vn 0 1 0
vn 0 -1 0
vn 0 -1 0
vn 0 -1 0
vn 0 -1 0
vn 0 0 -1
vn 0 0 -1
vn 0 0 -1
vn 0 0 -1
vn 0 0 1
vn 0 0 1
vn 0 0 1
vn 0 0 1
vn 1 0 0
vn 1 0 0
vn 1 0 0
vn 1 0 0
vn 0 1 0
vn 0 1 0
vn 0 1 0
vn 0 1 0
vn 0 -1 0
vn 0 -1 0
vn 0 -1 0
vn 0 -1 0
vn 0 0.19567335866966745 -0.9806691270285467
vn 0 0.19567335866966745 -0.9806691270285467
vn 0 0.19567335866966745 -0.9806691270285467
vn 0 0.19567335866966745 -0.9806691270285467
vn 0 0.5565784179561273 -0.8307950798274233
vn 0 0.5565784179561273 -0.8307950798274233
vn 0 0.5565784179561273 -0.8307950798274233
vn 0 0.5565784179561273 -0.8307950798274233
vn 0 0.8307950798274233 -0.5565784179561273
vn 0 0.8307950798274233 -0.5565784179561273
vn 0 0.8307950798274233 -0.5565784179561273
vn 0 0.8307950798274233 -0.5565784179561273
vn -7.011547920448392e-8 0.9806691247463977 -0.19567337010725175
vn -7.011547920448392e-8 0.9806691247463977 -0.19567337010725175
vn -7.011547920448392e-8 0.9806691247463977 -0.19567337010725175
vn -7.011547920448392e-8 0.9806691247463977 -0.19567337010725175
vn 0 0.9806691270285467 0.19567335866966745
vn 0 0.9806691270285467 0.19567335866966745
vn 0 0.9806691270285467 0.19567335866966745
vn 0 0.9806691270285467 0.19567335866966745
vn 0 0.8307950798274233 0.5565784179561273
vn 0 0.8307950798274233 0.5565784179561273
vn 0 0.8307950798274233 0.5565784179561273
vn 0 0.8307950798274233 0.5565784179561273
vn 0 0.5565784179561273 0.8307950798274233
vn 0 0.5565784179561273 0.8307950798274233
vn 0 0.5565784179561273 0.8307950798274233
vn 0 0.5565784179561273 0.8307950798274233
vn 0 0.19567335866966745 0.9806691270285467
vn 0 0.19567335866966745 0.9806691270285467
vn 0 0.19567335866966745 0.9806691270285467
vn 0 0.19567335866966745 0.9806691270285467
vn -7.011547920448392e-8 -0.19567337010725175 0.9806691247463977
vn -7.011547920448392e-8 -0.19567337010725175 0.9806691247463977
vn -7.011547920448392e-8 -0.19567337010725175 0.9806691247463977
vn -7.011547920448392e-8 -0.19567337010725175 0.9806691247463977
vn 0 -0.5565784179561273 0.8307950798274233
vn 0 -0.5565784179561273 0.8307950798274233
vn 0 -0.5565784179561273 0.8307950798274233
vn 0 -0.5565784179561273 0.8307950798274233
vn 0 -0.8307950798274233 0.5565784179561273
vn 0 -0.8307950798274233 0.5565784179561273
vn 0 -0.8307950798274233 0.5565784179561273
vn 0 -0.8307950798274233 0.5565784179561273
vn 0 -0.9806691270285467 0.19567335866966745
vn 0 -0.9806691270285467 0.19567335866966745
vn 0 -0.9806691270285467 0.19567335866966745
vn 0 -0.9806691270285467 0.19567335866966745
vn -7.011547920448392e-8 -0.9806691247463977 -0.19567337010725175
vn -7.011547920448392e-8 -0.9806691247463977 -0.19567337010725175
vn -7.011547920448392e-8 -0.9806691247463977 -0.19567337010725175
vn -7.011547920448392e-8 -0.9806691247463977 -0.19567337010725175
vn 0 -0.8307950798274233 -0.5565784179561273
vn 0 -0.8307950798274233 -0.5565784179561273
vn 0 -0.8307950798274233 -0.5565784179561273
vn 0 -0.8307950798274233 -0.5565784179561273
vn 0 -0.5565784179561273 -0.8307950798274233
vn 0 -0.5565784179561273 -0.8307950798274233
vn 0 -0.5565784179561273 -0.8307950798274233
vn 0 -0.5565784179561273 -0.8307950798274233
vn -7.011547920448392e-8 -0.19567337010725175 -0.9806691247463977
vn -7.011547920448392e-8 -0.19567337010725175 -0.9806691247463977
vn -7.011547920448392e-8 -0.19567337010725175 -0.9806691247463977
vn -7.011547920448392e-8 -0.19567337010725175 -0.9806691247463977
vn 1 0 0
vn 1 0 0
vn 1 0 0
vn 1 0 0
vn 1 0 0
vn 1 0 0
vn 1 0 0
vn 1 0 0
vn 1 0 0
vn 1 0 0
vn 1 0 0
vn 1 0 0
vn 1 0 0
vn 1 0 0
vn 1 0 0
vn 1 0 0
vn 1 0 0
vn -1 0 0
vn -1 0 0
vn -1 0 0
vn -1 0 0
vn -1 0 0
vn -1 0 0
vn -1 0 0
vn -1 0 0
vn -1 0 0
vn -1 0 0
vn -1 0 0
vn -1 0 0
vn -1 0 0
vn -1 0 0
vn -1 0 0
vn -1 0 0
vn -1 0 0
vn 0 0.19567335866966745 -0.9806691270285467
vn 0 0.19567335866966745 -0.9806691270285467
vn 0 0.19567335866966745 -0.9806691270285467
vn 0 0.19567335866966745 -0.9806691270285467
vn 0 0.5565784179561273 -0.8307950798274233
vn 0 0.5565784179561273 -0.8307950798274233
vn 0 0.5565784179561273 -0.8307950798274233
vn 0 0.5565784179561273 -0.8307950798274233
vn 0 0.8307950798274233 -0.5565784179561273
vn 0 0.8307950798274233 -0.5565784179561273
vn 0 0.8307950798274233 -0.5565784179561273
vn 0 0.8307950798274233 -0.5565784179561273
vn -7.011547920448392e-8 0.9806691247463977 -0.19567337010725175
vn -7.011547920448392e-8 0.9806691247463977 -0.19567337010725175
vn -7.011547920448392e-8 0.9806691247463977 -0.19567337010725175
vn -7.011547920448392e-8 0.9806691247463977 -0.19567337010725175
vn 0 0.9806691270285467 0.19567335866966745
vn 0 0.9806691270285467 0.19567335866966745
vn 0 0.9806691270285467 0.19567335866966745
vn 0 0.9806691270285467 0.19567335866966745
vn 0 0.8307950798274233 0.5565784179561273
vn 0 0.8307950798274233 0.5565784179561273
vn 0 0.8307950798274233 0.5565784179561273
vn 0 0.8307950798274233 0.5565784179561273
vn 0 0.5565784179561273 0.8307950798274233
vn 0 0.5565784179561273 0.8307950798274233
vn 0 0.5565784179561273 0.8307950798274233
vn 0 0.5565784179561273 0.8307950798274233
vn 0 0.19567335866966745 0.9806691270285467
vn 0 0.19567335866966745 0.9806691270285467
vn 0 0.19567335866966745 0.9806691270285467
vn 0 0.19567335866966745 0.9806691270285467
vn -7.011547920448392e-8 -0.19567337010725175 0.9806691247463977
vn -7.011547920448392e-8 -0.19567337010725175 0.9806691247463977
vn -7.011547920448392e-8 -0.19567337010725175 0.9806691247463977
vn -7.011547920448392e-8 -0.19567337010725175 0.9806691247463977
vn 0 -0.5565784179561273 0.8307950798274233
vn 0 -0.5565784179561273 0.8307950798274233
vn 0 -0.5565784179561273 0.8307950798274233
vn 0 -0.5565784179561273 0.8307950798274233
vn 0 -0.8307950798274233 0.5565784179561273
vn 0 -0.8307950798274233 0.5565784179561273
vn 0 -0.8307950798274233 0.5565784179561273
vn 0 -0.8307950798274233 0.5565784179561273
vn 0 -0.9806691270285467 0.19567335866966745
vn 0 -0.9806691270285467 0.19567335866966745
vn 0 -0.9806691270285467 0.19567335866966745
vn 0 -0.9806691270285467 0.19567335866966745
vn -7.011547920448392e-8 -0.9806691247463977 -0.19567337010725175
vn -7.011547920448392e-8 -0.9806691247463977 -0.19567337010725175
vn -7.011547920448392e-8 -0.9806691247463977 -0.19567337010725175
vn -7.011547920448392e-8 -0.9806691247463977 -0.19567337010725175
vn 0 -0.8307950798274233 -0.5565784179561273
vn 0 -0.8307950798274233 -0.5565784179561273
vn 0 -0.8307950798274233 -0.5565784179561273
vn 0 -0.8307950798274233 -0.5565784179561273
vn 0 -0.5565784179561273 -0.8307950798274233
vn 0 -0.5565784179561273 -0.8307950798274233
vn 0 -0.5565784179561273 -0.8307950798274233
vn 0 -0.5565784179561273 -0.8307950798274233
vn -7.011547920448392e-8 -0.19567337010725175 -0.9806691247463977
vn -7.011547920448392e-8 -0.19567337010725175 -0.9806691247463977
vn -7.011547920448392e-8 -0.19567337010725175 -0.9806691247463977
vn -7.011547920448392e-8 -0.19567337010725175 -0.9806691247463977
vn 1 0 0
vn 1 0 0
vn 1 0 0
vn 1 0 0
vn 1 0 0
vn 1 0 0
vn 1 0 0
vn 1 0 0
vn 1 0 0
vn 1 0 0
vn 1 0 0
vn 1 0 0
vn 1 0 0
vn 1 0 0
vn 1 0 0
vn 1 0 0
vn 1 0 0
vn -1 0 0
vn -1 0 0
vn -1 0 0
vn -1 0 0
vn -1 0 0
vn -1 0 0
vn -1 0 0
vn -1 0 0
vn -1 0 0
vn -1 0 0
vn -1 0 0
vn -1 0 0
vn -1 0 0
vn -1 0 0
vn -1 0 0
vn -1 0 0
vn -1 0 0
vn 0 0.19567335866966745 -0.9806691270285467
vn 0 0.19567335866966745 -0.9806691270285467
vn 0 0.19567335866966745 -0.9806691270285467
vn 0 0.19567335866966745 -0.9806691270285467
vn 0 0.5565784179561273 -0.8307950798274233
vn 0 0.5565784179561273 -0.8307950798274233
vn 0 0.5565784179561273 -0.8307950798274233
vn 0 0.5565784179561273 -0.8307950798274233
vn 0 0.8307950798274233 -0.5565784179561273
vn 0 0.8307950798274233 -0.5565784179561273
vn 0 0.8307950798274233 -0.5565784179561273
vn 0 0.8307950798274233 -0.5565784179561273
vn -7.011547920448392e-8 0.9806691247463977 -0.19567337010725175
vn -7.011547920448392e-8 0.9806691247463977 -0.19567337010725175
vn -7.011547920448392e-8 0.9806691247463977 -0.19567337010725175
vn -7.011547920448392e-8 0.9806691247463977 -0.19567337010725175
vn 0 0.9806691270285467 0.19567335866966745
vn 0 0.9806691270285467 0.19567335866966745
vn 0 0.9806691270285467 0.19567335866966745
vn 0 0.9806691270285467 0.19567335866966745
vn 0 0.8307950798274233 0.5565784179561273
vn 0 0.8307950798274233 0.5565784179561273
vn 0 0.8307950798274233 0.5565784179561273
vn 0 0.8307950798274233 0.5565784179561273
vn 0 0.5565784179561273 0.8307950798274233
vn 0 0.5565784179561273 0.8307950798274233
vn 0 0.5565784179561273 0.8307950798274233
vn 0 0.5565784179561273 0.8307950798274233
vn 0 0.19567335866966745 0.9806691270285467
vn 0 0.19567335866966745 0.9806691270285467
vn 0 0.19567335866966745 0.9806691270285467
vn 0 0.19567335866966745 0.9806691270285467
vn -7.011547920448392e-8 -0.19567337010725175 0.9806691247463977
vn -7.011547920448392e-8 -0.19567337010725175 0.9806691247463977
vn -7.011547920448392e-8 -0.19567337010725175 0.9806691247463977
vn -7.011547920448392e-8 -0.19567337010725175 0.9806691247463977
vn 0 -0.5565784179561273 0.8307950798274233
vn 0 -0.5565784179561273 0.8307950798274233
vn 0 -0.5565784179561273 0.8307950798274233
vn 0 -0.5565784179561273 0.8307950798274233
vn 0 -0.8307950798274233 0.5565784179561273
vn 0 -0.8307950798274233 0.5565784179561273
vn 0 -0.8307950798274233 0.5565784179561273
vn 0 -0.8307950798274233 0.5565784179561273
vn 0 -0.9806691270285467 0.19567335866966745
vn 0 -0.9806691270285467 0.19567335866966745
vn 0 -0.9806691270285467 0.19567335866966745
vn 0 -0.9806691270285467 0.19567335866966745
vn -7.011547920448392e-8 -0.9806691247463977 -0.19567337010725175
vn -7.011547920448392e-8 -0.9806691247463977 -0.19567337010725175
vn -7.011547920448392e-8 -0.9806691247463977 -0.19567337010725175
vn -7.011547920448392e-8 -0.9806691247463977 -0.19567337010725175
vn 0 -0.8307950798274233 -0.5565784179561273
vn 0 -0.8307950798274233 -0.5565784179561273
vn 0 -0.8307950798274233 -0.5565784179561273
vn 0 -0.8307950798274233 -0.5565784179561273
vn 0 -0.5565784179561273 -0.8307950798274233
vn 0 -0.5565784179561273 -0.8307950798274233
vn 0 -0.5565784179561273 -0.8307950798274233
vn 0 -0.5565784179561273 -0.8307950798274233
vn -7.011547920448392e-8 -0.19567337010725175 -0.9806691247463977
vn -7.011547920448392e-8 -0.19567337010725175 -0.9806691247463977
vn -7.011547920448392e-8 -0.19567337010725175 -0.9806691247463977
vn -7.011547920448392e-8 -0.19567337010725175 -0.9806691247463977
vn 1 0 0
vn 1 0 0
vn 1 0 0
vn 1 0 0
vn 1 0 0
vn 1 0 0
vn 1 0 0
vn 1 0 0
vn 1 0 0
vn 1 0 0
vn 1 0 0
vn 1 0 0
vn 1 0 0
vn 1 0 0
vn 1 0 0
vn 1 0 0
vn 1 0 0
vn -1 0 0
vn -1 0 0
vn -1 0 0
vn -1 0 0
vn -1 0 0
vn -1 0 0
vn -1 0 0
vn -1 0 0
vn -1 0 0
vn -1 0 0
vn -1 0 0
vn -1 0 0
vn -1 0 0
vn -1 0 0
vn -1 0 0
vn -1 0 0
vn -1 0 0
vn 0 0 -1
vn 0 0 -1
vn 0 0 -1
vn 0 0 -1
vn 0 0 1
vn 0 0 1
vn 0 0 1
vn 0 0 1
vn 1 0 0
vn 1 0 0
vn 1 0 0
vn 1 0 0
vn 0 1 0
vn 0 1 0
vn 0 1 0
vn 0 1 0
vn 0 -1 0
vn 0 -1 0
vn 0 -1 0
vn 0 -1 0
vn -1 0 0
vn -1 0 0
vn -1 0 0
vn -1 0 0
vn -0.964374277793925 0.2645415890355348 0
vn -0.964374277793925 0.2645415890355348 0
vn -0.964374277793925 0.2645415890355348 0
vn -0.964374277793925 0.2645415890355348 0
vn 1 0 0
vn 1 0 0
vn 1 0 0
vn 1 0 0
vn 0.963586901131802 -0.2673953701304697 0
vn 0.963586901131802 -0.2673953701304697 0
vn 0.963586901131802 -0.2673953701304697 0
vn 0.963586901131802 -0.2673953701304697 0
vn 0 0 -1
vn 0 0 -1
vn 0 0 -1
vn 0 0 -1
vn 0 0 -1
vn 0 0 -1
vn 0 1 0
vn 0 1 0
vn 0 1 0
vn 0 1 0
vn 0 -1 0
vn 0 -1 0
vn 0 -1 0
vn 0 -1 0
vn 0 0 -1
vn 0 0 -1
vn 0 0 -1
vn 0 0 -1
vn 0 0 -1
vn 0 1 0
vn 0 1 0
vn 0 1 0
vn 0 1 0
vn 0 -1 0
vn 0 -1 0
vn 0 -1 0
vn 0 -1 0
vn -0.24477161320112842 -0.9695807637174519 0
vn -0.24477161320112842 -0.9695807637174519 0
vn -0.24477161320112842 -0.9695807637174519 0
vn -0.24477161320112842 -0.9695807637174519 0
vn -0.9611576642736184 0.2759998992899859 0
vn -0.9611576642736184 0.2759998992899859 0
vn -0.9611576642736184 0.2759998992899859 0
vn -0.9611576642736184 0.2759998992899859 0
vn 1 0 0
vn 1 0 0
vn 1 0 0
vn 1 0 0
vn -1 0 0
vn -1 0 0
vn -1 0 0
vn -1 0 0
vn 1 0 0
vn 1 0 0
vn 1 0 0
vn 1 0 0
vn 0 0 -1
vn 0 0 -1
vn 0 0 -1
vn 0 0 -1
vn 0 1 0
vn 0 1 0
vn 0 1 0
vn 0 1 0
vn 0 -1 0
vn 0 -1 0
vn 0 -1 0
vn 0 -1 0
vn 0 -0.746035696627494 -0.6659059538384754
vn 0 -0.746035696627494 0.6659059538384754
vn -0.2857690051106066 -0.6903412685915419 0.6646540518175713
vn 0.28576913810218224 -0.690341182676554 0.6646540838730118
vn 0.28576913810218224 -0.690341182676554 -0.6646540838730118
vn -0.28576913810218224 -0.690341182676554 -0.6646540838730118
vn -0.528925458023265 -0.528925458023265 0.6636834484223322
vn 0.528925458023265 -0.528925458023265 0.6636834484223322
vn 0.7252594181369766 -0.072525932873001 0.6846449922876199
vn 0.5762181130051797 0.5762182918191093 -0.5796077694595009
vn 0.5762181130051797 0.5762182918191093 0.5796077694595009
vn -0.5762181130051797 0.5762182918191093 0.5796077694595009
vn -0.5762181924002026 0.5762181924002026 -0.5796077893662973
vn 0.7252594181369766 -0.072525932873001 -0.6846449922876199
vn 0.690341182676554 -0.28576913810218224 0.6646540838730118
vn 0.690341182676554 -0.28576913810218224 -0.6646540838730118
vn 0.5289253459098076 -0.5289254651191075 -0.6636835321165697
vn -0.528925458023265 -0.528925458023265 -0.6636834484223322
vn -0.6903411026408907 -0.28576924372521795 0.6646541215890235
vn -0.725259413042255 -0.0725260292210753 0.684644987478202
vn -0.7252594181369766 -0.072525932873001 -0.6846449922876199
vn -0.690341182676554 -0.28576913810218224 -0.6646540838730118
vn -0.05011336518115061 -0.18852162408928733 -0.9807896042887885
vn -0.05011336518115061 -0.18852162408928733 -0.9807896042887885
vn -0.05011336518115061 -0.18852162408928733 -0.9807896042887885
vn -0.05011336518115061 -0.18852162408928733 -0.9807896042887885
vn -0.14504732971567577 -0.5357867171401969 -0.8318015784299058
vn -0.14504732971567577 -0.5357867171401969 -0.8318015784299058
vn -0.14504732971567577 -0.5357867171401969 -0.8318015784299058
vn -0.14504732971567577 -0.5357867171401969 -0.8318015784299058
vn -0.21559294185362474 -0.8038535984733448 -0.5543817057266178
vn -0.21559294185362474 -0.8038535984733448 -0.5543817057266178
vn -0.21559294185362474 -0.8038535984733448 -0.5543817057266178
vn -0.21559294185362474 -0.8038535984733448 -0.5543817057266178
vn -0.2539628915159892 -0.9475817722473386 -0.19388562256503358
vn -0.2539628915159892 -0.9475817722473386 -0.19388562256503358
vn -0.2539628915159892 -0.9475817722473386 -0.19388562256503358
vn -0.2539628915159892 -0.9475817722473386 -0.19388562256503358
vn -0.2539627807290758 -0.9475818036728016 0.19388561409386526
vn -0.2539627807290758 -0.9475818036728016 0.19388561409386526
vn -0.2539627807290758 -0.9475818036728016 0.19388561409386526
vn -0.2539627807290758 -0.9475818036728016 0.19388561409386526
vn -0.21559303743471805 -0.8038535618893726 0.5543817216029409
vn -0.21559303743471805 -0.8038535618893726 0.5543817216029409
vn -0.21559303743471805 -0.8038535618893726 0.5543817216029409
vn -0.21559303743471805 -0.8038535618893726 0.5543817216029409
vn -0.14504732971567577 -0.5357867171401969 0.8318015784299058
vn -0.14504732971567577 -0.5357867171401969 0.8318015784299058
vn -0.14504732971567577 -0.5357867171401969 0.8318015784299058
vn -0.14504732971567577 -0.5357867171401969 0.8318015784299058
vn -0.05011336518115061 -0.18852162408928733 0.9807896042887885
vn -0.05011336518115061 -0.18852162408928733 0.9807896042887885
vn -0.05011336518115061 -0.18852162408928733 0.9807896042887885
vn -0.05011336518115061 -0.18852162408928733 0.9807896042887885
vn 0.05011329100323195 0.1885216104216088 0.9807896107060211
vn 0.05011329100323195 0.1885216104216088 0.9807896107060211
vn 0.05011329100323195 0.1885216104216088 0.9807896107060211
vn 0.05011329100323195 0.1885216104216088 0.9807896107060211
vn 0.14504722780704762 0.5357866709606122 0.8318016259460155
vn 0.14504722780704762 0.5357866709606122 0.8318016259460155
vn 0.14504722780704762 0.5357866709606122 0.8318016259460155
vn 0.14504722780704762 0.5357866709606122 0.8318016259460155
vn 0.21559303743471805 0.8038535618893726 0.5543817216029409
vn 0.21559303743471805 0.8038535618893726 0.5543817216029409
vn 0.21559303743471805 0.8038535618893726 0.5543817216029409
vn 0.21559303743471805 0.8038535618893726 0.5543817216029409
vn 0.2539628680382055 0.9475817958453538 0.19388553798647087
vn 0.2539628680382055 0.9475817958453538 0.19388553798647087
vn 0.2539628680382055 0.9475817958453538 0.19388553798647087
vn 0.2539628680382055 0.9475817958453538 0.19388553798647087
vn 0.2539627807290758 0.9475818036728016 -0.19388561409386526
vn 0.2539627807290758 0.9475818036728016 -0.19388561409386526
vn 0.2539627807290758 0.9475818036728016 -0.19388561409386526
vn 0.2539627807290758 0.9475818036728016 -0.19388561409386526
vn 0.21559293793542808 0.803853524259429 -0.5543818148605403
vn 0.21559293793542808 0.803853524259429 -0.5543818148605403
vn 0.21559293793542808 0.803853524259429 -0.5543818148605403
vn 0.21559293793542808 0.803853524259429 -0.5543818148605403
vn 0.14504732971567577 0.5357867171401969 -0.8318015784299058
vn 0.14504732971567577 0.5357867171401969 -0.8318015784299058
vn 0.14504732971567577 0.5357867171401969 -0.8318015784299058
vn 0.14504732971567577 0.5357867171401969 -0.8318015784299058
vn 0.05011329100323195 0.1885216104216088 -0.9807896107060211
vn 0.05011329100323195 0.1885216104216088 -0.9807896107060211
vn 0.05011329100323195 0.1885216104216088 -0.9807896107060211
vn 0.05011329100323195 0.1885216104216088 -0.9807896107060211
vn -0.9659159384257828 0.2588559442914909 0
vn -0.9659159384257828 0.2588559442914909 0
vn -0.9659159384257828 0.2588559442914909 0
vn -0.9659159384257828 0.2588559442914909 0
vn -0.9659159384257828 0.2588559442914909 0
vn -0.9659159384257828 0.2588559442914909 0
vn -0.9659159384257828 0.2588559442914909 0
vn -0.9659159384257828 0.2588559442914909 0
vn -0.9659159384257828 0.2588559442914909 0
vn -0.9659159384257828 0.2588559442914909 0
vn -0.9659159384257828 0.2588559442914909 0
vn -0.9659159384257828 0.2588559442914909 0
vn -0.9659159384257828 0.2588559442914909 0
vn -0.9659159384257828 0.2588559442914909 0
vn -0.9659159384257828 0.2588559442914909 0
vn -0.9659159384257828 0.2588559442914909 0
vn -0.9659159384257828 0.2588559442914909 0
vn 0.9659159384257828 -0.2588559442914909 0
vn 0.9659159384257828 -0.2588559442914909 0
vn 0.9659159384257828 -0.2588559442914909 0
vn 0.9659159384257828 -0.2588559442914909 0
vn 0.9659159384257828 -0.2588559442914909 0
vn 0.9659159384257828 -0.2588559442914909 0
vn 0.9659159384257828 -0.2588559442914909 0
vn 0.9659159384257828 -0.2588559442914909 0
vn 0.9659159384257828 -0.2588559442914909 0
vn 0.9659159384257828 -0.2588559442914909 0
vn 0.9659159384257828 -0.2588559442914909 0
vn 0.9659159384257828 -0.2588559442914909 0
vn 0.9659159384257828 -0.2588559442914909 0
vn 0.9659159384257828 -0.2588559442914909 0
vn 0.9659159384257828 -0.2588559442914909 0
vn 0.9659159384257828 -0.2588559442914909 0
vn 0.9659159384257828 -0.2588559442914909 0
vn -0.05011336518115061 -0.18852162408928733 -0.9807896042887885
vn -0.05011336518115061 -0.18852162408928733 -0.9807896042887885
vn -0.05011336518115061 -0.18852162408928733 -0.9807896042887885
vn -0.05011336518115061 -0.18852162408928733 -0.9807896042887885
vn -0.14504732971567577 -0.5357867171401969 -0.8318015784299058
vn -0.14504732971567577 -0.5357867171401969 -0.8318015784299058
vn -0.14504732971567577 -0.5357867171401969 -0.8318015784299058
vn -0.14504732971567577 -0.5357867171401969 -0.8318015784299058
vn -0.21559294185362474 -0.8038535984733448 -0.5543817057266178
vn -0.21559294185362474 -0.8038535984733448 -0.5543817057266178
vn -0.21559294185362474 -0.8038535984733448 -0.5543817057266178
vn -0.21559294185362474 -0.8038535984733448 -0.5543817057266178
vn -0.2539628915159892 -0.9475817722473386 -0.19388562256503358
vn -0.2539628915159892 -0.9475817722473386 -0.19388562256503358
vn -0.2539628915159892 -0.9475817722473386 -0.19388562256503358
vn -0.2539628915159892 -0.9475817722473386 -0.19388562256503358
vn -0.2539627807290758 -0.9475818036728016 0.19388561409386526
vn -0.2539627807290758 -0.9475818036728016 0.19388561409386526
vn -0.2539627807290758 -0.9475818036728016 0.19388561409386526
vn -0.2539627807290758 -0.9475818036728016 0.19388561409386526
vn -0.21559303743471805 -0.8038535618893726 0.5543817216029409
vn -0.21559303743471805 -0.8038535618893726 0.5543817216029409
vn -0.21559303743471805 -0.8038535618893726 0.5543817216029409
vn -0.21559303743471805 -0.8038535618893726 0.5543817216029409
vn -0.14504732971567577 -0.5357867171401969 0.8318015784299058
vn -0.14504732971567577 -0.5357867171401969 0.8318015784299058
vn -0.14504732971567577 -0.5357867171401969 0.8318015784299058
vn -0.14504732971567577 -0.5357867171401969 0.8318015784299058
vn -0.05011336518115061 -0.18852162408928733 0.9807896042887885
vn -0.05011336518115061 -0.18852162408928733 0.9807896042887885
vn -0.05011336518115061 -0.18852162408928733 0.9807896042887885
vn -0.05011336518115061 -0.18852162408928733 0.9807896042887885
vn 0.05011329100323195 0.1885216104216088 0.9807896107060211
vn 0.05011329100323195 0.1885216104216088 0.9807896107060211
vn 0.05011329100323195 0.1885216104216088 0.9807896107060211
vn 0.05011329100323195 0.1885216104216088 0.9807896107060211
vn 0.14504722780704762 0.5357866709606122 0.8318016259460155
vn 0.14504722780704762 0.5357866709606122 0.8318016259460155
vn 0.14504722780704762 0.5357866709606122 0.8318016259460155
vn 0.14504722780704762 0.5357866709606122 0.8318016259460155
vn 0.21559303743471805 0.8038535618893726 0.5543817216029409
vn 0.21559303743471805 0.8038535618893726 0.5543817216029409
vn 0.21559303743471805 0.8038535618893726 0.5543817216029409
vn 0.21559303743471805 0.8038535618893726 0.5543817216029409
vn 0.2539628680382055 0.9475817958453538 0.19388553798647087
vn 0.2539628680382055 0.9475817958453538 0.19388553798647087
vn 0.2539628680382055 0.9475817958453538 0.19388553798647087
vn 0.2539628680382055 0.9475817958453538 0.19388553798647087
vn 0.2539627807290758 0.9475818036728016 -0.19388561409386526
vn 0.2539627807290758 0.9475818036728016 -0.19388561409386526
vn 0.2539627807290758 0.9475818036728016 -0.19388561409386526
vn 0.2539627807290758 0.9475818036728016 -0.19388561409386526
vn 0.21559293793542808 0.803853524259429 -0.5543818148605403
vn 0.21559293793542808 0.803853524259429 -0.5543818148605403
vn 0.21559293793542808 0.803853524259429 -0.5543818148605403
vn 0.21559293793542808 0.803853524259429 -0.5543818148605403
vn 0.14504732971567577 0.5357867171401969 -0.8318015784299058
vn 0.14504732971567577 0.5357867171401969 -0.8318015784299058
vn 0.14504732971567577 0.5357867171401969 -0.8318015784299058
vn 0.14504732971567577 0.5357867171401969 -0.8318015784299058
vn 0.05011329100323195 0.1885216104216088 -0.9807896107060211
vn 0.05011329100323195 0.1885216104216088 -0.9807896107060211
vn 0.05011329100323195 0.1885216104216088 -0.9807896107060211
vn 0.05011329100323195 0.1885216104216088 -0.9807896107060211
vn -0.9659159384257828 0.2588559442914909 0
vn -0.9659159384257828 0.2588559442914909 0
vn -0.9659159384257828 0.2588559442914909 0
vn -0.9659159384257828 0.2588559442914909 0
vn -0.9659159384257828 0.2588559442914909 0
vn -0.9659159384257828 0.2588559442914909 0
vn -0.9659159384257828 0.2588559442914909 0
vn -0.9659159384257828 0.2588559442914909 0
vn -0.9659159384257828 0.2588559442914909 0
vn -0.9659159384257828 0.2588559442914909 0
vn -0.9659159384257828 0.2588559442914909 0
vn -0.9659159384257828 0.2588559442914909 0
vn -0.9659159384257828 0.2588559442914909 0
vn -0.9659159384257828 0.2588559442914909 0
vn -0.9659159384257828 0.2588559442914909 0
vn -0.9659159384257828 0.2588559442914909 0
vn -0.9659159384257828 0.2588559442914909 0
vn 0.9659159384257828 -0.2588559442914909 0
vn 0.9659159384257828 -0.2588559442914909 0
vn 0.9659159384257828 -0.2588559442914909 0
vn 0.9659159384257828 -0.2588559442914909 0
vn 0.9659159384257828 -0.2588559442914909 0
vn 0.9659159384257828 -0.2588559442914909 0
vn 0.9659159384257828 -0.2588559442914909 0
vn 0.9659159384257828 -0.2588559442914909 0
vn 0.9659159384257828 -0.2588559442914909 0
vn 0.9659159384257828 -0.2588559442914909 0
vn 0.9659159384257828 -0.2588559442914909 0
vn 0.9659159384257828 -0.2588559442914909 0
vn 0.9659159384257828 -0.2588559442914909 0
vn 0.9659159384257828 -0.2588559442914909 0
vn 0.9659159384257828 -0.2588559442914909 0
vn 0.9659159384257828 -0.2588559442914909 0
vn 0.9659159384257828 -0.2588559442914909 0
vn -0.05011336518115061 -0.18852162408928733 -0.9807896042887885
vn -0.05011336518115061 -0.18852162408928733 -0.9807896042887885
vn -0.05011336518115061 -0.18852162408928733 -0.9807896042887885
vn -0.05011336518115061 -0.18852162408928733 -0.9807896042887885
vn -0.14504732971567577 -0.5357867171401969 -0.8318015784299058
vn -0.14504732971567577 -0.5357867171401969 -0.8318015784299058
vn -0.14504732971567577 -0.5357867171401969 -0.8318015784299058
vn -0.14504732971567577 -0.5357867171401969 -0.8318015784299058
vn -0.21559294185362474 -0.8038535984733448 -0.5543817057266178
vn -0.21559294185362474 -0.8038535984733448 -0.5543817057266178
vn -0.21559294185362474 -0.8038535984733448 -0.5543817057266178
vn -0.21559294185362474 -0.8038535984733448 -0.5543817057266178
vn -0.2539628915159892 -0.9475817722473386 -0.19388562256503358
vn -0.2539628915159892 -0.9475817722473386 -0.19388562256503358
vn -0.2539628915159892 -0.9475817722473386 -0.19388562256503358
vn -0.2539628915159892 -0.9475817722473386 -0.19388562256503358
vn -0.2539627807290758 -0.9475818036728016 0.19388561409386526
vn -0.2539627807290758 -0.9475818036728016 0.19388561409386526
vn -0.2539627807290758 -0.9475818036728016 0.19388561409386526
vn -0.2539627807290758 -0.9475818036728016 0.19388561409386526
vn -0.21559303743471805 -0.8038535618893726 0.5543817216029409
vn -0.21559303743471805 -0.8038535618893726 0.5543817216029409
vn -0.21559303743471805 -0.8038535618893726 0.5543817216029409
vn -0.21559303743471805 -0.8038535618893726 0.5543817216029409
vn -0.14504732971567577 -0.5357867171401969 0.8318015784299058
vn -0.14504732971567577 -0.5357867171401969 0.8318015784299058
vn -0.14504732971567577 -0.5357867171401969 0.8318015784299058
vn -0.14504732971567577 -0.5357867171401969 0.8318015784299058
vn -0.05011336518115061 -0.18852162408928733 0.9807896042887885
vn -0.05011336518115061 -0.18852162408928733 0.9807896042887885
vn -0.05011336518115061 -0.18852162408928733 0.9807896042887885
vn -0.05011336518115061 -0.18852162408928733 0.9807896042887885
vn 0.05011329100323195 0.1885216104216088 0.9807896107060211
vn 0.05011329100323195 0.1885216104216088 0.9807896107060211
vn 0.05011329100323195 0.1885216104216088 0.9807896107060211
vn 0.05011329100323195 0.1885216104216088 0.9807896107060211
vn 0.14504722780704762 0.5357866709606122 0.8318016259460155
vn 0.14504722780704762 0.5357866709606122 0.8318016259460155
vn 0.14504722780704762 0.5357866709606122 0.8318016259460155
vn 0.14504722780704762 0.5357866709606122 0.8318016259460155
vn 0.21559303743471805 0.8038535618893726 0.5543817216029409
vn 0.21559303743471805 0.8038535618893726 0.5543817216029409
vn 0.21559303743471805 0.8038535618893726 0.5543817216029409
vn 0.21559303743471805 0.8038535618893726 0.5543817216029409
vn 0.2539628680382055 0.9475817958453538 0.19388553798647087
vn 0.2539628680382055 0.9475817958453538 0.19388553798647087
vn 0.2539628680382055 0.9475817958453538 0.19388553798647087
vn 0.2539628680382055 0.9475817958453538 0.19388553798647087
vn 0.2539627807290758 0.9475818036728016 -0.19388561409386526
vn 0.2539627807290758 0.9475818036728016 -0.19388561409386526
vn 0.2539627807290758 0.9475818036728016 -0.19388561409386526
vn 0.2539627807290758 0.9475818036728016 -0.19388561409386526
vn 0.21559293793542808 0.803853524259429 -0.5543818148605403
vn 0.21559293793542808 0.803853524259429 -0.5543818148605403
vn 0.21559293793542808 0.803853524259429 -0.5543818148605403
vn 0.21559293793542808 0.803853524259429 -0.5543818148605403
vn 0.14504732971567577 0.5357867171401969 -0.8318015784299058
vn 0.14504732971567577 0.5357867171401969 -0.8318015784299058
vn 0.14504732971567577 0.5357867171401969 -0.8318015784299058
vn 0.14504732971567577 0.5357867171401969 -0.8318015784299058
vn 0.05011329100323195 0.1885216104216088 -0.9807896107060211
vn 0.05011329100323195 0.1885216104216088 -0.9807896107060211
vn 0.05011329100323195 0.1885216104216088 -0.9807896107060211
vn 0.05011329100323195 0.1885216104216088 -0.9807896107060211
vn -0.9659159384257828 0.2588559442914909 0
vn -0.9659159384257828 0.2588559442914909 0
vn -0.9659159384257828 0.2588559442914909 0
vn -0.9659159384257828 0.2588559442914909 0
vn -0.9659159384257828 0.2588559442914909 0
vn -0.9659159384257828 0.2588559442914909 0
vn -0.9659159384257828 0.2588559442914909 0
vn -0.9659159384257828 0.2588559442914909 0
vn -0.9659159384257828 0.2588559442914909 0
vn -0.9659159384257828 0.2588559442914909 0
vn -0.9659159384257828 0.2588559442914909 0
vn -0.9659159384257828 0.2588559442914909 0
vn -0.9659159384257828 0.2588559442914909 0
vn -0.9659159384257828 0.2588559442914909 0
vn -0.9659159384257828 0.2588559442914909 0
vn -0.9659159384257828 0.2588559442914909 0
vn -0.9659159384257828 0.2588559442914909 0
vn 0.9659159384257828 -0.2588559442914909 0
vn 0.9659159384257828 -0.2588559442914909 0
vn 0.9659159384257828 -0.2588559442914909 0
vn 0.9659159384257828 -0.2588559442914909 0
vn 0.9659159384257828 -0.2588559442914909 0
vn 0.9659159384257828 -0.2588559442914909 0
vn 0.9659159384257828 -0.2588559442914909 0
vn 0.9659159384257828 -0.2588559442914909 0
vn 0.9659159384257828 -0.2588559442914909 0
vn 0.9659159384257828 -0.2588559442914909 0
vn 0.9659159384257828 -0.2588559442914909 0
vn 0.9659159384257828 -0.2588559442914909 0
vn 0.9659159384257828 -0.2588559442914909 0
vn 0.9659159384257828 -0.2588559442914909 0
vn 0.9659159384257828 -0.2588559442914909 0
vn 0.9659159384257828 -0.2588559442914909 0
vn 0.9659159384257828 -0.2588559442914909 0
f 2064/2064/2064 2065/2065/2065 2066/2066/2066
f 2065/2065/2065 2067/2067/2067 2066/2066/2066
f 2066/2066/2066 2067/2067/2067 2068/2068/2068
f 2067/2067/2067 2069/2069/2069 2068/2068/2068
f 2069/2069/2069 2070/2070/2070 2068/2068/2068
f 2068/2068/2068 2070/2070/2070 2071/2071/2071
f 2070/2070/2070 2072/2072/2072 2071/2071/2071
f 2071/2071/2071 2072/2072/2072 2073/2073/2073
f 2073/2073/2073 2072/2072/2072 2074/2074/2074
f 2072/2072/2072 2075/2075/2075 2074/2074/2074
f 2075/2075/2075 2076/2076/2076 2074/2074/2074
f 2074/2074/2074 2076/2076/2076 2077/2077/2077
f 2076/2076/2076 2078/2078/2078 2077/2077/2077
f 2079/2079/2079 2080/2080/2080 2081/2081/2081
f 2080/2080/2080 2082/2082/2082 2081/2081/2081
f 2081/2081/2081 2082/2082/2082 2083/2083/2083
f 2082/2082/2082 2084/2084/2084 2083/2083/2083
f 2083/2083/2083 2084/2084/2084 2085/2085/2085
f 2084/2084/2084 2086/2086/2086 2085/2085/2085
f 2085/2085/2085 2086/2086/2086 2087/2087/2087
f 2086/2086/2086 2088/2088/2088 2087/2087/2087
f 2087/2087/2087 2088/2088/2088 2089/2089/2089
f 2088/2088/2088 2090/2090/2090 2089/2089/2089
f 2089/2089/2089 2090/2090/2090 2091/2091/2091
f 2090/2090/2090 2092/2092/2092 2091/2091/2091
f 2091/2091/2091 2092/2092/2092 2093/2093/2093
f 2094/2094/2094 2095/2095/2095 2096/2096/2096
f 2095/2095/2095 2097/2097/2097 2096/2096/2096
f 2096/2096/2096 2097/2097/2097 2098/2098/2098
f 2097/2097/2097 2099/2099/2099 2098/2098/2098
f 2098/2098/2098 2099/2099/2099 2100/2100/2100
f 2099/2099/2099 2101/2101/2101 2100/2100/2100
f 2100/2100/2100 2101/2101/2101 2102/2102/2102
f 2101/2101/2101 2103/2103/2103 2102/2102/2102
f 2102/2102/2102 2103/2103/2103 2104/2104/2104
f 2103/2103/2103 2105/2105/2105 2104/2104/2104
f 2104/2104/2104 2105/2105/2105 2106/2106/2106
f 2105/2105/2105 2107/2107/2107 2106/2106/2106
f 2106/2106/2106 2107/2107/2107 2108/2108/2108
f 2107/2107/2107 2093/2093/2093 2108/2108/2108
f 2093/2093/2093 2092/2092/2092 2108/2108/2108
f 2109/2109/2109 2110/2110/2110 2111/2111/2111
f 2111/2111/2111 2110/2110/2110 2112/2112/2112
f 2110/2110/2110 2113/2113/2113 2112/2112/2112
f 2113/2113/2113 2114/2114/2114 2112/2112/2112
f 2112/2112/2112 2114/2114/2114 2115/2115/2115
f 2115/2115/2115 2114/2114/2114 2116/2116/2116
f 2114/2114/2114 2117/2117/2117 2116/2116/2116
f 2116/2116/2116 2117/2117/2117 2118/2118/2118
f 2117/2117/2117 2119/2119/2119 2118/2118/2118
f 2119/2119/2119 2120/2120/2120 2118/2118/2118
f 2118/2118/2118 2120/2120/2120 2121/2121/2121
f 2120/2120/2120 2122/2122/2122 2121/2121/2121
f 2122/2122/2122 2123/2123/2123 2121/2121/2121
f 2124/2124/2124 2125/2125/2125 2126/2126/2126
f 2126/2126/2126 2125/2125/2125 2127/2127/2127
f 2127/2127/2127 2125/2125/2125 2128/2128/2128
f 2125/2125/2125 2129/2129/2129 2128/2128/2128
f 2129/2129/2129 2130/2130/2130 2128/2128/2128
f 2128/2128/2128 2130/2130/2130 2131/2131/2131
f 2130/2130/2130 2132/2132/2132 2131/2131/2131
f 2131/2131/2131 2132/2132/2132 2133/2133/2133
f 2132/2132/2132 2134/2134/2134 2133/2133/2133
f 2135/2135/2135 2136/2136/2136 2137/2137/2137
f 2138/2138/2138 2139/2139/2139 2140/2140/2140
f 2140/2140/2140 2139/2139/2139 2141/2141/2141
f 2139/2139/2139 2142/2142/2142 2141/2141/2141
f 2141/2141/2141 2142/2142/2142 2143/2143/2143
f 2142/2142/2142 2144/2144/2144 2143/2143/2143
f 2144/2144/2144 2137/2137/2137 2143/2143/2143
f 2143/2143/2143 2137/2137/2137 2145/2145/2145
f 2137/2137/2137 2136/2136/2136 2145/2145/2145
f 2146/2146/2146 2147/2147/2147 2148/2148/2148
f 2147/2147/2147 2149/2149/2149 2148/2148/2148
f 2148/2148/2148 2149/2149/2149 2150/2150/2150
f 2149/2149/2149 2151/2151/2151 2150/2150/2150
f 2150/2150/2150 2151/2151/2151 2152/2152/2152
f 2151/2151/2151 2153/2153/2153 2152/2152/2152
f 2152/2152/2152 2153/2153/2153 2154/2154/2154
f 2153/2153/2153 2155/2155/2155 2154/2154/2154
f 2154/2154/2154 2155/2155/2155 2156/2156/2156
f 2155/2155/2155 2157/2157/2157 2156/2156/2156
f 2156/2156/2156 2157/2157/2157 2158/2158/2158
f 2157/2157/2157 2159/2159/2159 2158/2158/2158
f 2158/2158/2158 2159/2159/2159 2160/2160/2160
f 2159/2159/2159 2161/2161/2161 2160/2160/2160
f 2160/2160/2160 2161/2161/2161 2162/2162/2162
f 2161/2161/2161 2163/2163/2163 2162/2162/2162
f 2162/2162/2162 2163/2163/2163 2164/2164/2164
f 2163/2163/2163 2165/2165/2165 2164/2164/2164
f 2164/2164/2164 2165/2165/2165 2166/2166/2166
f 2165/2165/2165 2167/2167/2167 2166/2166/2166
f 2166/2166/2166 2167/2167/2167 2168/2168/2168
f 2167/2167/2167 2169/2169/2169 2168/2168/2168
f 2170/2170/2170 2171/2171/2171 2172/2172/2172
f 2172/2172/2172 2171/2171/2171 2173/2173/2173
f 2173/2173/2173 2171/2171/2171 2174/2174/2174
f 2174/2174/2174 2171/2171/2171 2175/2175/2175
f 2175/2175/2175 2171/2171/2171 2176/2176/2176
f 2176/2176/2176 2171/2171/2171 2177/2177/2177
f 2177/2177/2177 2171/2171/2171 2178/2178/2178
f 2178/2178/2178 2171/2171/2171 2179/2179/2179
f 2179/2179/2179 2171/2171/2171 2180/2180/2180
f 2180/2180/2180 2171/2171/2171 2181/2181/2181
f 2181/2181/2181 2171/2171/2171 2182/2182/2182
f 2171/2171/2171 2170/2170/2170 2182/2182/2182
f 2183/2183/2183 2184/2184/2184 2185/2185/2185
f 2185/2185/2185 2184/2184/2184 2186/2186/2186
f 2184/2184/2184 2187/2187/2187 2186/2186/2186
f 2186/2186/2186 2187/2187/2187 2188/2188/2188
f 2187/2187/2187 2189/2189/2189 2188/2188/2188
f 2188/2188/2188 2189/2189/2189 2190/2190/2190
f 2189/2189/2189 2191/2191/2191 2190/2190/2190
f 2190/2190/2190 2191/2191/2191 2192/2192/2192
f 2191/2191/2191 2193/2193/2193 2192/2192/2192
f 2192/2192/2192 2193/2193/2193 2194/2194/2194
f 2193/2193/2193 2195/2195/2195 2194/2194/2194
f 2194/2194/2194 2195/2195/2195 2196/2196/2196
f 2195/2195/2195 2197/2197/2197 2196/2196/2196
f 2196/2196/2196 2197/2197/2197 2198/2198/2198
f 2197/2197/2197 2199/2199/2199 2198/2198/2198
f 2198/2198/2198 2199/2199/2199 2200/2200/2200
f 2199/2199/2199 2201/2201/2201 2200/2200/2200
f 2200/2200/2200 2201/2201/2201 2202/2202/2202
f 2201/2201/2201 2203/2203/2203 2202/2202/2202
f 2202/2202/2202 2203/2203/2203 2204/2204/2204
f 2203/2203/2203 2205/2205/2205 2204/2204/2204
f 2204/2204/2204 2205/2205/2205 2206/2206/2206
f 2205/2205/2205 2183/2183/2183 2206/2206/2206
f 2183/2183/2183 2185/2185/2185 2206/2206/2206
f 2207/2207/2207 2208/2208/2208 2209/2209/2209
f 2209/2209/2209 2208/2208/2208 2210/2210/2210
f 2208/2208/2208 2211/2211/2211 2210/2210/2210
f 2210/2210/2210 2211/2211/2211 2212/2212/2212
f 2211/2211/2211 2213/2213/2213 2212/2212/2212
f 2212/2212/2212 2213/2213/2213 2214/2214/2214
f 2213/2213/2213 2215/2215/2215 2214/2214/2214
f 2214/2214/2214 2215/2215/2215 2216/2216/2216
f 2215/2215/2215 2217/2217/2217 2216/2216/2216
f 2216/2216/2216 2217/2217/2217 2218/2218/2218
f 2217/2217/2217 2219/2219/2219 2218/2218/2218
f 2218/2218/2218 2219/2219/2219 2220/2220/2220
f 2219/2219/2219 2221/2221/2221 2220/2220/2220
f 2220/2220/2220 2221/2221/2221 2222/2222/2222
f 2221/2221/2221 2223/2223/2223 2222/2222/2222
f 2222/2222/2222 2223/2223/2223 2224/2224/2224
f 2223/2223/2223 2225/2225/2225 2224/2224/2224
f 2224/2224/2224 2225/2225/2225 2226/2226/2226
f 2225/2225/2225 2227/2227/2227 2226/2226/2226
f 2226/2226/2226 2227/2227/2227 2228/2228/2228
f 2227/2227/2227 2229/2229/2229 2228/2228/2228
f 2228/2228/2228 2229/2229/2229 2230/2230/2230
f 2229/2229/2229 2207/2207/2207 2230/2230/2230
f 2207/2207/2207 2209/2209/2209 2230/2230/2230
f 2231/2231/2231 2232/2232/2232 2233/2233/2233
f 2233/2233/2233 2232/2232/2232 2234/2234/2234
f 2232/2232/2232 2235/2235/2235 2234/2234/2234
f 2234/2234/2234 2235/2235/2235 2236/2236/2236
f 2235/2235/2235 2237/2237/2237 2236/2236/2236
f 2236/2236/2236 2237/2237/2237 2238/2238/2238
f 2237/2237/2237 2239/2239/2239 2238/2238/2238
f 2238/2238/2238 2239/2239/2239 2240/2240/2240
f 2239/2239/2239 2241/2241/2241 2240/2240/2240
f 2240/2240/2240 2241/2241/2241 2242/2242/2242
f 2241/2241/2241 2243/2243/2243 2242/2242/2242
f 2242/2242/2242 2243/2243/2243 2244/2244/2244
f 2243/2243/2243 2245/2245/2245 2244/2244/2244
f 2244/2244/2244 2245/2245/2245 2246/2246/2246
f 2245/2245/2245 2247/2247/2247 2246/2246/2246
f 2246/2246/2246 2247/2247/2247 2248/2248/2248
f 2247/2247/2247 2249/2249/2249 2248/2248/2248
f 2248/2248/2248 2249/2249/2249 2250/2250/2250
f 2249/2249/2249 2251/2251/2251 2250/2250/2250
f 2250/2250/2250 2251/2251/2251 2252/2252/2252
f 2251/2251/2251 2253/2253/2253 2252/2252/2252
f 2252/2252/2252 2253/2253/2253 2254/2254/2254
f 2253/2253/2253 2231/2231/2231 2254/2254/2254
f 2231/2231/2231 2233/2233/2233 2254/2254/2254
f 2255/2255/2255 2256/2256/2256 2257/2257/2257
f 2257/2257/2257 2256/2256/2256 2258/2258/2258
f 2256/2256/2256 2259/2259/2259 2258/2258/2258
f 2258/2258/2258 2259/2259/2259 2260/2260/2260
f 2259/2259/2259 2261/2261/2261 2260/2260/2260
f 2260/2260/2260 2261/2261/2261 2262/2262/2262
f 2261/2261/2261 2263/2263/2263 2262/2262/2262
f 2262/2262/2262 2263/2263/2263 2264/2264/2264
f 2263/2263/2263 2265/2265/2265 2264/2264/2264
f 2264/2264/2264 2265/2265/2265 2266/2266/2266
f 2265/2265/2265 2267/2267/2267 2266/2266/2266
f 2266/2266/2266 2267/2267/2267 2268/2268/2268
f 2267/2267/2267 2269/2269/2269 2268/2268/2268
f 2268/2268/2268 2269/2269/2269 2270/2270/2270
f 2269/2269/2269 2271/2271/2271 2270/2270/2270
f 2270/2270/2270 2271/2271/2271 2272/2272/2272
f 2271/2271/2271 2273/2273/2273 2272/2272/2272
f 2272/2272/2272 2273/2273/2273 2274/2274/2274
f 2273/2273/2273 2275/2275/2275 2274/2274/2274
f 2274/2274/2274 2275/2275/2275 2276/2276/2276
f 2275/2275/2275 2277/2277/2277 2276/2276/2276
f 2276/2276/2276 2277/2277/2277 2278/2278/2278
f 2277/2277/2277 2255/2255/2255 2278/2278/2278
f 2255/2255/2255 2257/2257/2257 2278/2278/2278
f 2279/2279/2279 2280/2280/2280 2281/2281/2281
f 2281/2281/2281 2280/2280/2280 2282/2282/2282
f 2280/2280/2280 2283/2283/2283 2282/2282/2282
f 2282/2282/2282 2283/2283/2283 2284/2284/2284
f 2283/2283/2283 2285/2285/2285 2284/2284/2284
f 2284/2284/2284 2285/2285/2285 2286/2286/2286
f 2285/2285/2285 2287/2287/2287 2286/2286/2286
f 2286/2286/2286 2287/2287/2287 2288/2288/2288
f 2287/2287/2287 2289/2289/2289 2288/2288/2288
f 2288/2288/2288 2289/2289/2289 2290/2290/2290
f 2289/2289/2289 2291/2291/2291 2290/2290/2290
f 2290/2290/2290 2291/2291/2291 2292/2292/2292
f 2291/2291/2291 2293/2293/2293 2292/2292/2292
f 2292/2292/2292 2293/2293/2293 2294/2294/2294
f 2293/2293/2293 2295/2295/2295 2294/2294/2294
f 2294/2294/2294 2295/2295/2295 2296/2296/2296
f 2295/2295/2295 2297/2297/2297 2296/2296/2296
f 2296/2296/2296 2297/2297/2297 2298/2298/2298
f 2297/2297/2297 2299/2299/2299 2298/2298/2298
f 2298/2298/2298 2299/2299/2299 2300/2300/2300
f 2299/2299/2299 2301/2301/2301 2300/2300/2300
f 2300/2300/2300 2301/2301/2301 2302/2302/2302
f 2301/2301/2301 2279/2279/2279 2302/2302/2302
f 2279/2279/2279 2281/2281/2281 2302/2302/2302
f 2303/2303/2303 2304/2304/2304 2305/2305/2305
f 2305/2305/2305 2304/2304/2304 2306/2306/2306
f 2304/2304/2304 2307/2307/2307 2306/2306/2306
f 2306/2306/2306 2307/2307/2307 2308/2308/2308
f 2307/2307/2307 2309/2309/2309 2308/2308/2308
f 2308/2308/2308 2309/2309/2309 2310/2310/2310
f 2309/2309/2309 2311/2311/2311 2310/2310/2310
f 2310/2310/2310 2311/2311/2311 2312/2312/2312
f 2311/2311/2311 2313/2313/2313 2312/2312/2312
f 2312/2312/2312 2313/2313/2313 2314/2314/2314
f 2313/2313/2313 2315/2315/2315 2314/2314/2314
f 2314/2314/2314 2315/2315/2315 2316/2316/2316
f 2315/2315/2315 2317/2317/2317 2316/2316/2316
f 2316/2316/2316 2317/2317/2317 2318/2318/2318
f 2317/2317/2317 2319/2319/2319 2318/2318/2318
f 2318/2318/2318 2319/2319/2319 2320/2320/2320
f 2319/2319/2319 2321/2321/2321 2320/2320/2320
f 2320/2320/2320 2321/2321/2321 2322/2322/2322
f 2321/2321/2321 2323/2323/2323 2322/2322/2322
f 2322/2322/2322 2323/2323/2323 2324/2324/2324
f 2324/2324/2324 2323/2323/2323 2325/2325/2325
f 2323/2323/2323 2326/2326/2326 2325/2325/2325
f 2327/2327/2327 2328/2328/2328 2329/2329/2329
f 2329/2329/2329 2328/2328/2328 2330/2330/2330
f 2330/2330/2330 2328/2328/2328 2331/2331/2331
f 2328/2328/2328 2332/2332/2332 2331/2331/2331
f 2331/2331/2331 2332/2332/2332 2333/2333/2333
f 2332/2332/2332 2334/2334/2334 2333/2333/2333
f 2334/2334/2334 2335/2335/2335 2333/2333/2333
f 2333/2333/2333 2335/2335/2335 2336/2336/2336
f 2335/2335/2335 2337/2337/2337 2336/2336/2336
f 2337/2337/2337 2338/2338/2338 2336/2336/2336
f 2336/2336/2336 2338/2338/2338 2339/2339/2339
f 2340/2340/2340 2339/2339/2339 2341/2341/2341
f 2339/2339/2339 2338/2338/2338 2341/2341/2341
f 2342/2342/2342 2343/2343/2343 2344/2344/2344
f 2343/2343/2343 2345/2345/2345 2344/2344/2344
f 2345/2345/2345 2346/2346/2346 2344/2344/2344
f 2344/2344/2344 2346/2346/2346 2347/2347/2347
f 2346/2346/2346 2348/2348/2348 2347/2347/2347
f 2347/2347/2347 2348/2348/2348 2349/2349/2349
f 2349/2349/2349 2348/2348/2348 2350/2350/2350
f 2348/2348/2348 2351/2351/2351 2350/2350/2350
f 2350/2350/2350 2351/2351/2351 2352/2352/2352
f 2352/2352/2352 2351/2351/2351 2353/2353/2353
f 2351/2351/2351 2354/2354/2354 2353/2353/2353
f 2354/2354/2354 2355/2355/2355 2353/2353/2353
f 2355/2355/2355 2356/2356/2356 2353/2353/2353
f 2357/2357/2357 2358/2358/2358 2359/2359/2359
f 2358/2358/2358 2360/2360/2360 2359/2359/2359
f 2361/2361/2361 2362/2362/2362 2363/2363/2363
f 2362/2362/2362 2364/2364/2364 2363/2363/2363
f 2365/2365/2365 2366/2366/2366 2367/2367/2367
f 2366/2366/2366 2368/2368/2368 2367/2367/2367
f 2369/2369/2369 2370/2370/2370 2371/2371/2371
f 2370/2370/2370 2372/2372/2372 2371/2371/2371
f 2373/2373/2373 2374/2374/2374 2375/2375/2375
f 2374/2374/2374 2376/2376/2376 2375/2375/2375
f 2377/2377/2377 2378/2378/2378 2379/2379/2379
f 2378/2378/2378 2380/2380/2380 2379/2379/2379
f 2381/2381/2381 2382/2382/2382 2383/2383/2383
f 2382/2382/2382 2384/2384/2384 2383/2383/2383
f 2383/2383/2383 2384/2384/2384 2385/2385/2385
f 2384/2384/2384 2386/2386/2386 2385/2385/2385
f 2386/2386/2386 2387/2387/2387 2385/2385/2385
f 2385/2385/2385 2387/2387/2387 2388/2388/2388
f 2387/2387/2387 2389/2389/2389 2388/2388/2388
f 2388/2388/2388 2389/2389/2389 2390/2390/2390
f 2389/2389/2389 2391/2391/2391 2390/2390/2390
f 2391/2391/2391 2392/2392/2392 2390/2390/2390
f 2390/2390/2390 2392/2392/2392 2393/2393/2393
f 2393/2393/2393 2392/2392/2392 2394/2394/2394
f 2392/2392/2392 2395/2395/2395 2394/2394/2394
f 2396/2396/2396 2397/2397/2397 2398/2398/2398
f 2397/2397/2397 2399/2399/2399 2398/2398/2398
f 2400/2400/2400 2401/2401/2401 2402/2402/2402
f 2401/2401/2401 2403/2403/2403 2402/2402/2402
f 2402/2402/2402 2403/2403/2403 2404/2404/2404
f 2403/2403/2403 2405/2405/2405 2404/2404/2404
f 2404/2404/2404 2405/2405/2405 2406/2406/2406
f 2405/2405/2405 2407/2407/2407 2406/2406/2406
f 2406/2406/2406 2407/2407/2407 2408/2408/2408
f 2407/2407/2407 2409/2409/2409 2408/2408/2408
f 2408/2408/2408 2409/2409/2409 2410/2410/2410
f 2409/2409/2409 2411/2411/2411 2410/2410/2410
f 2410/2410/2410 2411/2411/2411 2412/2412/2412
f 2411/2411/2411 2413/2413/2413 2412/2412/2412
f 2412/2412/2412 2413/2413/2413 2414/2414/2414
f 2413/2413/2413 2415/2415/2415 2414/2414/2414
f 2414/2414/2414 2415/2415/2415 2416/2416/2416
f 2415/2415/2415 2417/2417/2417 2416/2416/2416
f 2416/2416/2416 2417/2417/2417 2418/2418/2418
f 2417/2417/2417 2419/2419/2419 2418/2418/2418
f 2418/2418/2418 2419/2419/2419 2420/2420/2420
f 2419/2419/2419 2421/2421/2421 2420/2420/2420
f 2420/2420/2420 2421/2421/2421 2422/2422/2422
f 2421/2421/2421 2423/2423/2423 2422/2422/2422
f 2422/2422/2422 2423/2423/2423 2424/2424/2424
f 2423/2423/2423 2425/2425/2425 2424/2424/2424
f 2426/2426/2426 2427/2427/2427 2428/2428/2428
f 2428/2428/2428 2427/2427/2427 2429/2429/2429
f 2427/2427/2427 2430/2430/2430 2429/2429/2429
f 2429/2429/2429 2430/2430/2430 2431/2431/2431
f 2431/2431/2431 2430/2430/2430 2432/2432/2432
f 2430/2430/2430 2433/2433/2433 2432/2432/2432
f 2433/2433/2433 2434/2434/2434 2432/2432/2432
f 2432/2432/2432 2434/2434/2434 2435/2435/2435
f 2434/2434/2434 2436/2436/2436 2435/2435/2435
f 2435/2435/2435 2436/2436/2436 2437/2437/2437
f 2436/2436/2436 2438/2438/2438 2437/2437/2437
f 2438/2438/2438 2439/2439/2439 2437/2437/2437
f 2437/2437/2437 2439/2439/2439 2440/2440/2440
f 2441/2441/2441 2440/2440/2440 2442/2442/2442
f 2440/2440/2440 2439/2439/2439 2442/2442/2442
f 2443/2443/2443 2444/2444/2444 2445/2445/2445
f 2444/2444/2444 2446/2446/2446 2445/2445/2445
f 2445/2445/2445 2446/2446/2446 2447/2447/2447
f 2446/2446/2446 2448/2448/2448 2447/2447/2447
f 2448/2448/2448 2449/2449/2449 2447/2447/2447
f 2447/2447/2447 2449/2449/2449 2450/2450/2450
f 2449/2449/2449 2451/2451/2451 2450/2450/2450
f 2450/2450/2450 2451/2451/2451 2452/2452/2452
f 2451/2451/2451 2453/2453/2453 2452/2452/2452
f 2453/2453/2453 2454/2454/2454 2452/2452/2452
f 2452/2452/2452 2454/2454/2454 2455/2455/2455
f 2455/2455/2455 2454/2454/2454 2456/2456/2456
f 2457/2457/2457 2458/2458/2458 2459/2459/2459
f 2458/2458/2458 2456/2456/2456 2459/2459/2459
f 2456/2456/2456 2454/2454/2454 2459/2459/2459
f 2460/2460/2460 2461/2461/2461 2462/2462/2462
f 2461/2461/2461 2463/2463/2463 2462/2462/2462
f 2464/2464/2464 2465/2465/2465 2466/2466/2466
f 2466/2466/2466 2465/2465/2465 2467/2467/2467
f 2465/2465/2465 2468/2468/2468 2467/2467/2467
f 2467/2467/2467 2468/2468/2468 2469/2469/2469
f 2470/2470/2470 2469/2469/2469 2471/2471/2471
f 2469/2469/2469 2468/2468/2468 2471/2471/2471
f 2472/2472/2472 2473/2473/2473 2474/2474/2474
f 2473/2473/2473 2475/2475/2475 2474/2474/2474
f 2474/2474/2474 2475/2475/2475 2476/2476/2476
f 2475/2475/2475 2477/2477/2477 2476/2476/2476
f 2476/2476/2476 2477/2477/2477 2478/2478/2478
f 2477/2477/2477 2479/2479/2479 2478/2478/2478
f 2478/2478/2478 2479/2479/2479 2480/2480/2480
f 2479/2479/2479 2481/2481/2481 2480/2480/2480
f 2480/2480/2480 2481/2481/2481 2482/2482/2482
f 2481/2481/2481 2483/2483/2483 2482/2482/2482
f 2482/2482/2482 2483/2483/2483 2484/2484/2484
f 2483/2483/2483 2485/2485/2485 2484/2484/2484
f 2484/2484/2484 2485/2485/2485 2486/2486/2486
f 2485/2485/2485 2487/2487/2487 2486/2486/2486
f 2486/2486/2486 2487/2487/2487 2488/2488/2488
f 2487/2487/2487 2489/2489/2489 2488/2488/2488
f 2488/2488/2488 2489/2489/2489 2490/2490/2490
f 2489/2489/2489 2491/2491/2491 2490/2490/2490
f 2490/2490/2490 2491/2491/2491 2492/2492/2492
f 2491/2491/2491 2493/2493/2493 2492/2492/2492
f 2492/2492/2492 2493/2493/2493 2494/2494/2494
f 2493/2493/2493 2495/2495/2495 2494/2494/2494
f 2494/2494/2494 2495/2495/2495 2496/2496/2496
f 2495/2495/2495 2497/2497/2497 2496/2496/2496
f 2498/2498/2498 2499/2499/2499 2500/2500/2500
f 2499/2499/2499 2501/2501/2501 2500/2500/2500
f 2500/2500/2500 2501/2501/2501 2502/2502/2502
f 2502/2502/2502 2501/2501/2501 2503/2503/2503
f 2503/2503/2503 2501/2501/2501 2504/2504/2504
f 2501/2501/2501 2505/2505/2505 2504/2504/2504
f 2506/2506/2506 2504/2504/2504 2507/2507/2507
f 2504/2504/2504 2505/2505/2505 2507/2507/2507
f 2507/2507/2507 2505/2505/2505 2508/2508/2508
f 2505/2505/2505 2509/2509/2509 2508/2508/2508
f 2510/2510/2510 2511/2511/2511 2512/2512/2512
f 2512/2512/2512 2511/2511/2511 2513/2513/2513
f 2513/2513/2513 2511/2511/2511 2514/2514/2514
f 2511/2511/2511 2515/2515/2515 2514/2514/2514
f 2515/2515/2515 2516/2516/2516 2514/2514/2514
f 2514/2514/2514 2516/2516/2516 2517/2517/2517
f 2516/2516/2516 2518/2518/2518 2517/2517/2517
f 2517/2517/2517 2518/2518/2518 2519/2519/2519
f 2518/2518/2518 2520/2520/2520 2519/2519/2519
f 2520/2520/2520 2521/2521/2521 2519/2519/2519
f 2519/2519/2519 2521/2521/2521 2522/2522/2522
f 2523/2523/2523 2522/2522/2522 2524/2524/2524
f 2522/2522/2522 2521/2521/2521 2524/2524/2524
f 2525/2525/2525 2526/2526/2526 2527/2527/2527
f 2526/2526/2526 2528/2528/2528 2527/2527/2527
f 2529/2529/2529 2530/2530/2530 2531/2531/2531
f 2531/2531/2531 2530/2530/2530 2532/2532/2532
f 2532/2532/2532 2530/2530/2530 2533/2533/2533
f 2530/2530/2530 2534/2534/2534 2533/2533/2533
f 2534/2534/2534 2535/2535/2535 2533/2533/2533
f 2533/2533/2533 2535/2535/2535 2536/2536/2536
f 2535/2535/2535 2537/2537/2537 2536/2536/2536
f 2536/2536/2536 2537/2537/2537 2538/2538/2538
f 2537/2537/2537 2539/2539/2539 2538/2538/2538
f 2540/2540/2540 2541/2541/2541 2542/2542/2542
f 2543/2543/2543 2544/2544/2544 2545/2545/2545
f 2545/2545/2545 2544/2544/2544 2546/2546/2546
f 2544/2544/2544 2547/2547/2547 2546/2546/2546
f 2546/2546/2546 2547/2547/2547 2548/2548/2548
f 2547/2547/2547 2549/2549/2549 2548/2548/2548
f 2549/2549/2549 2542/2542/2542 2548/2548/2548
f 2548/2548/2548 2542/2542/2542 2550/2550/2550
f 2542/2542/2542 2541/2541/2541 2550/2550/2550
f 2551/2551/2551 2552/2552/2552 2553/2553/2553
f 2552/2552/2552 2554/2554/2554 2553/2553/2553
f 2553/2553/2553 2554/2554/2554 2555/2555/2555
f 2554/2554/2554 2556/2556/2556 2555/2555/2555
f 2555/2555/2555 2556/2556/2556 2557/2557/2557
f 2556/2556/2556 2558/2558/2558 2557/2557/2557
f 2557/2557/2557 2558/2558/2558 2559/2559/2559
f 2558/2558/2558 2560/2560/2560 2559/2559/2559
f 2559/2559/2559 2560/2560/2560 2561/2561/2561
f 2560/2560/2560 2562/2562/2562 2561/2561/2561
f 2561/2561/2561 2562/2562/2562 2563/2563/2563
f 2562/2562/2562 2564/2564/2564 2563/2563/2563
f 2563/2563/2563 2564/2564/2564 2565/2565/2565
f 2564/2564/2564 2566/2566/2566 2565/2565/2565
f 2565/2565/2565 2566/2566/2566 2567/2567/2567
f 2566/2566/2566 2568/2568/2568 2567/2567/2567
f 2567/2567/2567 2568/2568/2568 2569/2569/2569
f 2568/2568/2568 2570/2570/2570 2569/2569/2569
f 2569/2569/2569 2570/2570/2570 2571/2571/2571
f 2570/2570/2570 2572/2572/2572 2571/2571/2571
f 2571/2571/2571 2572/2572/2572 2573/2573/2573
f 2572/2572/2572 2574/2574/2574 2573/2573/2573
f 2575/2575/2575 2576/2576/2576 2577/2577/2577
f 2577/2577/2577 2576/2576/2576 2578/2578/2578
f 2578/2578/2578 2576/2576/2576 2579/2579/2579
f 2579/2579/2579 2576/2576/2576 2580/2580/2580
f 2580/2580/2580 2576/2576/2576 2581/2581/2581
f 2581/2581/2581 2576/2576/2576 2582/2582/2582
f 2582/2582/2582 2576/2576/2576 2583/2583/2583
f 2583/2583/2583 2576/2576/2576 2584/2584/2584
f 2584/2584/2584 2576/2576/2576 2585/2585/2585
f 2585/2585/2585 2576/2576/2576 2586/2586/2586
f 2586/2586/2586 2576/2576/2576 2587/2587/2587
f 2576/2576/2576 2575/2575/2575 2587/2587/2587
f 2588/2588/2588 2589/2589/2589 2590/2590/2590
f 2590/2590/2590 2589/2589/2589 2591/2591/2591
f 2589/2589/2589 2592/2592/2592 2591/2591/2591
f 2591/2591/2591 2592/2592/2592 2593/2593/2593
f 2592/2592/2592 2594/2594/2594 2593/2593/2593
f 2593/2593/2593 2594/2594/2594 2595/2595/2595
f 2594/2594/2594 2596/2596/2596 2595/2595/2595
f 2595/2595/2595 2596/2596/2596 2597/2597/2597
f 2596/2596/2596 2598/2598/2598 2597/2597/2597
f 2597/2597/2597 2598/2598/2598 2599/2599/2599
f 2598/2598/2598 2600/2600/2600 2599/2599/2599
f 2599/2599/2599 2600/2600/2600 2601/2601/2601
f 2600/2600/2600 2602/2602/2602 2601/2601/2601
f 2601/2601/2601 2602/2602/2602 2603/2603/2603
f 2602/2602/2602 2604/2604/2604 2603/2603/2603
f 2603/2603/2603 2604/2604/2604 2605/2605/2605
f 2604/2604/2604 2606/2606/2606 2605/2605/2605
f 2605/2605/2605 2606/2606/2606 2607/2607/2607
f 2606/2606/2606 2608/2608/2608 2607/2607/2607
f 2607/2607/2607 2608/2608/2608 2609/2609/2609
f 2608/2608/2608 2610/2610/2610 2609/2609/2609
f 2609/2609/2609 2610/2610/2610 2611/2611/2611
f 2610/2610/2610 2588/2588/2588 2611/2611/2611
f 2588/2588/2588 2590/2590/2590 2611/2611/2611
f 2612/2612/2612 2613/2613/2613 2614/2614/2614
f 2614/2614/2614 2613/2613/2613 2615/2615/2615
f 2613/2613/2613 2616/2616/2616 2615/2615/2615
f 2615/2615/2615 2616/2616/2616 2617/2617/2617
f 2616/2616/2616 2618/2618/2618 2617/2617/2617
f 2617/2617/2617 2618/2618/2618 2619/2619/2619
f 2618/2618/2618 2620/2620/2620 2619/2619/2619
f 2619/2619/2619 2620/2620/2620 2621/2621/2621
f 2620/2620/2620 2622/2622/2622 2621/2621/2621
f 2621/2621/2621 2622/2622/2622 2623/2623/2623
f 2622/2622/2622 2624/2624/2624 2623/2623/2623
f 2623/2623/2623 2624/2624/2624 2625/2625/2625
f 2624/2624/2624 2626/2626/2626 2625/2625/2625
f 2625/2625/2625 2626/2626/2626 2627/2627/2627
f 2626/2626/2626 2628/2628/2628 2627/2627/2627
f 2627/2627/2627 2628/2628/2628 2629/2629/2629
f 2628/2628/2628 2630/2630/2630 2629/2629/2629
f 2629/2629/2629 2630/2630/2630 2631/2631/2631
f 2630/2630/2630 2632/2632/2632 2631/2631/2631
f 2631/2631/2631 2632/2632/2632 2633/2633/2633
f 2632/2632/2632 2634/2634/2634 2633/2633/2633
f 2633/2633/2633 2634/2634/2634 2635/2635/2635
f 2634/2634/2634 2612/2612/2612 2635/2635/2635
f 2612/2612/2612 2614/2614/2614 2635/2635/2635
f 2636/2636/2636 2637/2637/2637 2638/2638/2638
f 2638/2638/2638 2637/2637/2637 2639/2639/2639
f 2637/2637/2637 2640/2640/2640 2639/2639/2639
f 2639/2639/2639 2640/2640/2640 2641/2641/2641
f 2640/2640/2640 2642/2642/2642 2641/2641/2641
f 2641/2641/2641 2642/2642/2642 2643/2643/2643
f 2642/2642/2642 2644/2644/2644 2643/2643/2643
f 2643/2643/2643 2644/2644/2644 2645/2645/2645
f 2644/2644/2644 2646/2646/2646 2645/2645/2645
f 2645/2645/2645 2646/2646/2646 2647/2647/2647
f 2646/2646/2646 2648/2648/2648 2647/2647/2647
f 2647/2647/2647 2648/2648/2648 2649/2649/2649
f 2648/2648/2648 2650/2650/2650 2649/2649/2649
f 2649/2649/2649 2650/2650/2650 2651/2651/2651
f 2650/2650/2650 2652/2652/2652 2651/2651/2651
f 2651/2651/2651 2652/2652/2652 2653/2653/2653
f 2652/2652/2652 2654/2654/2654 2653/2653/2653
f 2653/2653/2653 2654/2654/2654 2655/2655/2655
f 2654/2654/2654 2656/2656/2656 2655/2655/2655
f 2655/2655/2655 2656/2656/2656 2657/2657/2657
f 2656/2656/2656 2658/2658/2658 2657/2657/2657
f 2657/2657/2657 2658/2658/2658 2659/2659/2659
f 2658/2658/2658 2636/2636/2636 2659/2659/2659
f 2636/2636/2636 2638/2638/2638 2659/2659/2659
f 2660/2660/2660 2661/2661/2661 2662/2662/2662
f 2662/2662/2662 2661/2661/2661 2663/2663/2663
f 2661/2661/2661 2664/2664/2664 2663/2663/2663
f 2663/2663/2663 2664/2664/2664 2665/2665/2665
f 2664/2664/2664 2666/2666/2666 2665/2665/2665
f 2665/2665/2665 2666/2666/2666 2667/2667/2667
f 2666/2666/2666 2668/2668/2668 2667/2667/2667
f 2667/2667/2667 2668/2668/2668 2669/2669/2669
f 2668/2668/2668 2670/2670/2670 2669/2669/2669
f 2669/2669/2669 2670/2670/2670 2671/2671/2671
f 2670/2670/2670 2672/2672/2672 2671/2671/2671
f 2671/2671/2671 2672/2672/2672 2673/2673/2673
f 2672/2672/2672 2674/2674/2674 2673/2673/2673
f 2673/2673/2673 2674/2674/2674 2675/2675/2675
f 2674/2674/2674 2676/2676/2676 2675/2675/2675
f 2675/2675/2675 2676/2676/2676 2677/2677/2677
f 2676/2676/2676 2678/2678/2678 2677/2677/2677
f 2677/2677/2677 2678/2678/2678 2679/2679/2679
f 2678/2678/2678 2680/2680/2680 2679/2679/2679
f 2679/2679/2679 2680/2680/2680 2681/2681/2681
f 2680/2680/2680 2682/2682/2682 2681/2681/2681
f 2681/2681/2681 2682/2682/2682 2683/2683/2683
f 2682/2682/2682 2660/2660/2660 2683/2683/2683
f 2660/2660/2660 2662/2662/2662 2683/2683/2683
f 2684/2684/2684 2685/2685/2685 2686/2686/2686
f 2686/2686/2686 2685/2685/2685 2687/2687/2687
f 2685/2685/2685 2688/2688/2688 2687/2687/2687
f 2687/2687/2687 2688/2688/2688 2689/2689/2689
f 2688/2688/2688 2690/2690/2690 2689/2689/2689
f 2689/2689/2689 2690/2690/2690 2691/2691/2691
f 2690/2690/2690 2692/2692/2692 2691/2691/2691
f 2691/2691/2691 2692/2692/2692 2693/2693/2693
f 2692/2692/2692 2694/2694/2694 2693/2693/2693
f 2693/2693/2693 2694/2694/2694 2695/2695/2695
f 2694/2694/2694 2696/2696/2696 2695/2695/2695
f 2695/2695/2695 2696/2696/2696 2697/2697/2697
f 2696/2696/2696 2698/2698/2698 2697/2697/2697
f 2697/2697/2697 2698/2698/2698 2699/2699/2699
f 2698/2698/2698 2700/2700/2700 2699/2699/2699
f 2699/2699/2699 2700/2700/2700 2701/2701/2701
f 2700/2700/2700 2702/2702/2702 2701/2701/2701
f 2701/2701/2701 2702/2702/2702 2703/2703/2703
f 2702/2702/2702 2704/2704/2704 2703/2703/2703
f 2703/2703/2703 2704/2704/2704 2705/2705/2705
f 2704/2704/2704 2706/2706/2706 2705/2705/2705
f 2705/2705/2705 2706/2706/2706 2707/2707/2707
f 2706/2706/2706 2684/2684/2684 2707/2707/2707
f 2684/2684/2684 2686/2686/2686 2707/2707/2707
f 2708/2708/2708 2709/2709/2709 2710/2710/2710
f 2709/2709/2709 2711/2711/2711 2710/2710/2710
f 2710/2710/2710 2711/2711/2711 2712/2712/2712
f 2711/2711/2711 2713/2713/2713 2712/2712/2712
f 2713/2713/2713 2714/2714/2714 2712/2712/2712
f 2712/2712/2712 2714/2714/2714 2715/2715/2715
f 2714/2714/2714 2716/2716/2716 2715/2715/2715
f 2715/2715/2715 2716/2716/2716 2717/2717/2717
f 2717/2717/2717 2716/2716/2716 2718/2718/2718
f 2716/2716/2716 2719/2719/2719 2718/2718/2718
f 2719/2719/2719 2720/2720/2720 2718/2718/2718
f 2718/2718/2718 2720/2720/2720 2721/2721/2721
f 2720/2720/2720 2722/2722/2722 2721/2721/2721
f 2723/2723/2723 2724/2724/2724 2725/2725/2725
f 2724/2724/2724 2726/2726/2726 2725/2725/2725
f 2725/2725/2725 2726/2726/2726 2727/2727/2727
f 2726/2726/2726 2728/2728/2728 2727/2727/2727
f 2727/2727/2727 2728/2728/2728 2729/2729/2729
f 2728/2728/2728 2730/2730/2730 2729/2729/2729
f 2729/2729/2729 2730/2730/2730 2731/2731/2731
f 2730/2730/2730 2732/2732/2732 2731/2731/2731
f 2731/2731/2731 2732/2732/2732 2733/2733/2733
f 2732/2732/2732 2734/2734/2734 2733/2733/2733
f 2733/2733/2733 2734/2734/2734 2735/2735/2735
f 2734/2734/2734 2736/2736/2736 2735/2735/2735
f 2735/2735/2735 2736/2736/2736 2737/2737/2737
f 2738/2738/2738 2739/2739/2739 2740/2740/2740
f 2739/2739/2739 2741/2741/2741 2740/2740/2740
f 2740/2740/2740 2741/2741/2741 2742/2742/2742
f 2741/2741/2741 2743/2743/2743 2742/2742/2742
f 2742/2742/2742 2743/2743/2743 2744/2744/2744
f 2743/2743/2743 2745/2745/2745 2744/2744/2744
f 2744/2744/2744 2745/2745/2745 2746/2746/2746
f 2745/2745/2745 2747/2747/2747 2746/2746/2746
f 2746/2746/2746 2747/2747/2747 2748/2748/2748
f 2747/2747/2747 2749/2749/2749 2748/2748/2748
f 2748/2748/2748 2749/2749/2749 2750/2750/2750
f 2749/2749/2749 2751/2751/2751 2750/2750/2750
f 2750/2750/2750 2751/2751/2751 2752/2752/2752
f 2751/2751/2751 2737/2737/2737 2752/2752/2752
f 2737/2737/2737 2736/2736/2736 2752/2752/2752
f 2753/2753/2753 2754/2754/2754 2755/2755/2755
f 2755/2755/2755 2754/2754/2754 2756/2756/2756
f 2754/2754/2754 2757/2757/2757 2756/2756/2756
f 2757/2757/2757 2758/2758/2758 2756/2756/2756
f 2756/2756/2756 2758/2758/2758 2759/2759/2759
f 2759/2759/2759 2758/2758/2758 2760/2760/2760
f 2758/2758/2758 2761/2761/2761 2760/2760/2760
f 2760/2760/2760 2761/2761/2761 2762/2762/2762
f 2761/2761/2761 2763/2763/2763 2762/2762/2762
f 2763/2763/2763 2764/2764/2764 2762/2762/2762
f 2762/2762/2762 2764/2764/2764 2765/2765/2765
f 2764/2764/2764 2766/2766/2766 2765/2765/2765
f 2766/2766/2766 2767/2767/2767 2765/2765/2765
f 2768/2768/2768 2769/2769/2769 2770/2770/2770
f 2770/2770/2770 2769/2769/2769 2771/2771/2771
f 2771/2771/2771 2769/2769/2769 2772/2772/2772
f 2769/2769/2769 2773/2773/2773 2772/2772/2772
f 2773/2773/2773 2774/2774/2774 2772/2772/2772
f 2772/2772/2772 2774/2774/2774 2775/2775/2775
f 2774/2774/2774 2776/2776/2776 2775/2775/2775
f 2775/2775/2775 2776/2776/2776 2777/2777/2777
f 2776/2776/2776 2778/2778/2778 2777/2777/2777
f 2779/2779/2779 2780/2780/2780 2781/2781/2781
f 2782/2782/2782 2783/2783/2783 2784/2784/2784
f 2784/2784/2784 2783/2783/2783 2785/2785/2785
f 2783/2783/2783 2786/2786/2786 2785/2785/2785
f 2785/2785/2785 2786/2786/2786 2787/2787/2787
f 2786/2786/2786 2788/2788/2788 2787/2787/2787
f 2788/2788/2788 2781/2781/2781 2787/2787/2787
f 2787/2787/2787 2781/2781/2781 2789/2789/2789
f 2781/2781/2781 2780/2780/2780 2789/2789/2789
f 2790/2790/2790 2791/2791/2791 2792/2792/2792
f 2791/2791/2791 2793/2793/2793 2792/2792/2792
f 2792/2792/2792 2793/2793/2793 2794/2794/2794
f 2793/2793/2793 2795/2795/2795 2794/2794/2794
f 2794/2794/2794 2795/2795/2795 2796/2796/2796
f 2795/2795/2795 2797/2797/2797 2796/2796/2796
f 2796/2796/2796 2797/2797/2797 2798/2798/2798
f 2797/2797/2797 2799/2799/2799 2798/2798/2798
f 2798/2798/2798 2799/2799/2799 2800/2800/2800
f 2799/2799/2799 2801/2801/2801 2800/2800/2800
f 2800/2800/2800 2801/2801/2801 2802/2802/2802
f 2801/2801/2801 2803/2803/2803 2802/2802/2802
f 2802/2802/2802 2803/2803/2803 2804/2804/2804
f 2803/2803/2803 2805/2805/2805 2804/2804/2804
f 2804/2804/2804 2805/2805/2805 2806/2806/2806
f 2805/2805/2805 2807/2807/2807 2806/2806/2806
f 2806/2806/2806 2807/2807/2807 2808/2808/2808
f 2807/2807/2807 2809/2809/2809 2808/2808/2808
f 2808/2808/2808 2809/2809/2809 2810/2810/2810
f 2809/2809/2809 2811/2811/2811 2810/2810/2810
f 2810/2810/2810 2811/2811/2811 2812/2812/2812
f 2811/2811/2811 2813/2813/2813 2812/2812/2812
f 2814/2814/2814 2815/2815/2815 2816/2816/2816
f 2816/2816/2816 2815/2815/2815 2817/2817/2817
f 2817/2817/2817 2815/2815/2815 2818/2818/2818
f 2818/2818/2818 2815/2815/2815 2819/2819/2819
f 2819/2819/2819 2815/2815/2815 2820/2820/2820
f 2820/2820/2820 2815/2815/2815 2821/2821/2821
f 2821/2821/2821 2815/2815/2815 2822/2822/2822
f 2822/2822/2822 2815/2815/2815 2823/2823/2823
f 2823/2823/2823 2815/2815/2815 2824/2824/2824
f 2824/2824/2824 2815/2815/2815 2825/2825/2825
f 2825/2825/2825 2815/2815/2815 2826/2826/2826
f 2815/2815/2815 2814/2814/2814 2826/2826/2826
f 2827/2827/2827 2828/2828/2828 2829/2829/2829
f 2829/2829/2829 2828/2828/2828 2830/2830/2830
f 2828/2828/2828 2831/2831/2831 2830/2830/2830
f 2830/2830/2830 2831/2831/2831 2832/2832/2832
f 2831/2831/2831 2833/2833/2833 2832/2832/2832
f 2832/2832/2832 2833/2833/2833 2834/2834/2834
f 2833/2833/2833 2835/2835/2835 2834/2834/2834
f 2834/2834/2834 2835/2835/2835 2836/2836/2836
f 2835/2835/2835 2837/2837/2837 2836/2836/2836
f 2836/2836/2836 2837/2837/2837 2838/2838/2838
f 2837/2837/2837 2839/2839/2839 2838/2838/2838
f 2838/2838/2838 2839/2839/2839 2840/2840/2840
f 2839/2839/2839 2841/2841/2841 2840/2840/2840
f 2840/2840/2840 2841/2841/2841 2842/2842/2842
f 2841/2841/2841 2843/2843/2843 2842/2842/2842
f 2842/2842/2842 2843/2843/2843 2844/2844/2844
f 2843/2843/2843 2845/2845/2845 2844/2844/2844
f 2844/2844/2844 2845/2845/2845 2846/2846/2846
f 2845/2845/2845 2847/2847/2847 2846/2846/2846
f 2846/2846/2846 2847/2847/2847 2848/2848/2848
f 2847/2847/2847 2849/2849/2849 2848/2848/2848
f 2848/2848/2848 2849/2849/2849 2850/2850/2850
f 2849/2849/2849 2827/2827/2827 2850/2850/2850
f 2827/2827/2827 2829/2829/2829 2850/2850/2850
f 2851/2851/2851 2852/2852/2852 2853/2853/2853
f 2853/2853/2853 2852/2852/2852 2854/2854/2854
f 2852/2852/2852 2855/2855/2855 2854/2854/2854
f 2854/2854/2854 2855/2855/2855 2856/2856/2856
f 2855/2855/2855 2857/2857/2857 2856/2856/2856
f 2856/2856/2856 2857/2857/2857 2858/2858/2858
f 2857/2857/2857 2859/2859/2859 2858/2858/2858
f 2858/2858/2858 2859/2859/2859 2860/2860/2860
f 2859/2859/2859 2861/2861/2861 2860/2860/2860
f 2860/2860/2860 2861/2861/2861 2862/2862/2862
f 2861/2861/2861 2863/2863/2863 2862/2862/2862
f 2862/2862/2862 2863/2863/2863 2864/2864/2864
f 2863/2863/2863 2865/2865/2865 2864/2864/2864
f 2864/2864/2864 2865/2865/2865 2866/2866/2866
f 2865/2865/2865 2867/2867/2867 2866/2866/2866
f 2866/2866/2866 2867/2867/2867 2868/2868/2868
f 2867/2867/2867 2869/2869/2869 2868/2868/2868
f 2868/2868/2868 2869/2869/2869 2870/2870/2870
f 2869/2869/2869 2871/2871/2871 2870/2870/2870
f 2870/2870/2870 2871/2871/2871 2872/2872/2872
f 2871/2871/2871 2873/2873/2873 2872/2872/2872
f 2872/2872/2872 2873/2873/2873 2874/2874/2874
f 2873/2873/2873 2851/2851/2851 2874/2874/2874
f 2851/2851/2851 2853/2853/2853 2874/2874/2874
f 2875/2875/2875 2876/2876/2876 2877/2877/2877
f 2877/2877/2877 2876/2876/2876 2878/2878/2878
f 2876/2876/2876 2879/2879/2879 2878/2878/2878
f 2878/2878/2878 2879/2879/2879 2880/2880/2880
f 2879/2879/2879 2881/2881/2881 2880/2880/2880
f 2880/2880/2880 2881/2881/2881 2882/2882/2882
f 2881/2881/2881 2883/2883/2883 2882/2882/2882
f 2882/2882/2882 2883/2883/2883 2884/2884/2884
f 2883/2883/2883 2885/2885/2885 2884/2884/2884
f 2884/2884/2884 2885/2885/2885 2886/2886/2886
f 2885/2885/2885 2887/2887/2887 2886/2886/2886
f 2886/2886/2886 2887/2887/2887 2888/2888/2888
f 2887/2887/2887 2889/2889/2889 2888/2888/2888
f 2888/2888/2888 2889/2889/2889 2890/2890/2890
f 2889/2889/2889 2891/2891/2891 2890/2890/2890
f 2890/2890/2890 2891/2891/2891 2892/2892/2892
f 2891/2891/2891 2893/2893/2893 2892/2892/2892
f 2892/2892/2892 2893/2893/2893 2894/2894/2894
f 2893/2893/2893 2895/2895/2895 2894/2894/2894
f 2894/2894/2894 2895/2895/2895 2896/2896/2896
f 2895/2895/2895 2897/2897/2897 2896/2896/2896
f 2896/2896/2896 2897/2897/2897 2898/2898/2898
f 2897/2897/2897 2875/2875/2875 2898/2898/2898
f 2875/2875/2875 2877/2877/2877 2898/2898/2898
f 2899/2899/2899 2900/2900/2900 2901/2901/2901
f 2901/2901/2901 2900/2900/2900 2902/2902/2902
f 2900/2900/2900 2903/2903/2903 2902/2902/2902
f 2902/2902/2902 2903/2903/2903 2904/2904/2904
f 2903/2903/2903 2905/2905/2905 2904/2904/2904
f 2904/2904/2904 2905/2905/2905 2906/2906/2906
f 2905/2905/2905 2907/2907/2907 2906/2906/2906
f 2906/2906/2906 2907/2907/2907 2908/2908/2908
f 2907/2907/2907 2909/2909/2909 2908/2908/2908
f 2908/2908/2908 2909/2909/2909 2910/2910/2910
f 2909/2909/2909 2911/2911/2911 2910/2910/2910
f 2910/2910/2910 2911/2911/2911 2912/2912/2912
f 2911/2911/2911 2913/2913/2913 2912/2912/2912
f 2912/2912/2912 2913/2913/2913 2914/2914/2914
f 2913/2913/2913 2915/2915/2915 2914/2914/2914
f 2914/2914/2914 2915/2915/2915 2916/2916/2916
f 2915/2915/2915 2917/2917/2917 2916/2916/2916
f 2916/2916/2916 2917/2917/2917 2918/2918/2918
f 2917/2917/2917 2919/2919/2919 2918/2918/2918
f 2918/2918/2918 2919/2919/2919 2920/2920/2920
f 2919/2919/2919 2921/2921/2921 2920/2920/2920
f 2920/2920/2920 2921/2921/2921 2922/2922/2922
f 2921/2921/2921 2899/2899/2899 2922/2922/2922
f 2899/2899/2899 2901/2901/2901 2922/2922/2922
f 2923/2923/2923 2924/2924/2924 2925/2925/2925
f 2925/2925/2925 2924/2924/2924 2926/2926/2926
f 2924/2924/2924 2927/2927/2927 2926/2926/2926
f 2926/2926/2926 2927/2927/2927 2928/2928/2928
f 2927/2927/2927 2929/2929/2929 2928/2928/2928
f 2928/2928/2928 2929/2929/2929 2930/2930/2930
f 2929/2929/2929 2931/2931/2931 2930/2930/2930
f 2930/2930/2930 2931/2931/2931 2932/2932/2932
f 2931/2931/2931 2933/2933/2933 2932/2932/2932
f 2932/2932/2932 2933/2933/2933 2934/2934/2934
f 2933/2933/2933 2935/2935/2935 2934/2934/2934
f 2934/2934/2934 2935/2935/2935 2936/2936/2936
f 2935/2935/2935 2937/2937/2937 2936/2936/2936
f 2936/2936/2936 2937/2937/2937 2938/2938/2938
f 2937/2937/2937 2939/2939/2939 2938/2938/2938
f 2938/2938/2938 2939/2939/2939 2940/2940/2940
f 2939/2939/2939 2941/2941/2941 2940/2940/2940
f 2940/2940/2940 2941/2941/2941 2942/2942/2942
f 2941/2941/2941 2943/2943/2943 2942/2942/2942
f 2942/2942/2942 2943/2943/2943 2944/2944/2944
f 2943/2943/2943 2945/2945/2945 2944/2944/2944
f 2944/2944/2944 2945/2945/2945 2946/2946/2946
f 2945/2945/2945 2923/2923/2923 2946/2946/2946
f 2923/2923/2923 2925/2925/2925 2946/2946/2946
f 2947/2947/2947 2948/2948/2948 2949/2949/2949
f 2948/2948/2948 2950/2950/2950 2949/2949/2949
f 2949/2949/2949 2950/2950/2950 2951/2951/2951
f 2950/2950/2950 2952/2952/2952 2951/2951/2951
f 2952/2952/2952 2953/2953/2953 2951/2951/2951
f 2951/2951/2951 2953/2953/2953 2954/2954/2954
f 2953/2953/2953 2955/2955/2955 2954/2954/2954
f 2954/2954/2954 2955/2955/2955 2956/2956/2956
f 2956/2956/2956 2955/2955/2955 2957/2957/2957
f 2955/2955/2955 2958/2958/2958 2957/2957/2957
f 2958/2958/2958 2959/2959/2959 2957/2957/2957
f 2957/2957/2957 2959/2959/2959 2960/2960/2960
f 2959/2959/2959 2961/2961/2961 2960/2960/2960
f 2962/2962/2962 2963/2963/2963 2964/2964/2964
f 2963/2963/2963 2965/2965/2965 2964/2964/2964
f 2964/2964/2964 2965/2965/2965 2966/2966/2966
f 2965/2965/2965 2967/2967/2967 2966/2966/2966
f 2966/2966/2966 2967/2967/2967 2968/2968/2968
f 2967/2967/2967 2969/2969/2969 2968/2968/2968
f 2968/2968/2968 2969/2969/2969 2970/2970/2970
f 2969/2969/2969 2971/2971/2971 2970/2970/2970
f 2970/2970/2970 2971/2971/2971 2972/2972/2972
f 2971/2971/2971 2973/2973/2973 2972/2972/2972
f 2972/2972/2972 2973/2973/2973 2974/2974/2974
f 2973/2973/2973 2975/2975/2975 2974/2974/2974
f 2974/2974/2974 2975/2975/2975 2976/2976/2976
f 2977/2977/2977 2978/2978/2978 2979/2979/2979
f 2978/2978/2978 2980/2980/2980 2979/2979/2979
f 2979/2979/2979 2980/2980/2980 2981/2981/2981
f 2980/2980/2980 2982/2982/2982 2981/2981/2981
f 2981/2981/2981 2982/2982/2982 2983/2983/2983
f 2982/2982/2982 2984/2984/2984 2983/2983/2983
f 2983/2983/2983 2984/2984/2984 2985/2985/2985
f 2984/2984/2984 2986/2986/2986 2985/2985/2985
f 2985/2985/2985 2986/2986/2986 2987/2987/2987
f 2986/2986/2986 2988/2988/2988 2987/2987/2987
f 2987/2987/2987 2988/2988/2988 2989/2989/2989
f 2988/2988/2988 2990/2990/2990 2989/2989/2989
f 2989/2989/2989 2990/2990/2990 2991/2991/2991
f 2990/2990/2990 2976/2976/2976 2991/2991/2991
f 2976/2976/2976 2975/2975/2975 2991/2991/2991
f 2992/2992/2992 2993/2993/2993 2994/2994/2994
f 2994/2994/2994 2993/2993/2993 2995/2995/2995
f 2993/2993/2993 2996/2996/2996 2995/2995/2995
f 2996/2996/2996 2997/2997/2997 2995/2995/2995
f 2995/2995/2995 2997/2997/2997 2998/2998/2998
f 2998/2998/2998 2997/2997/2997 2999/2999/2999
f 2997/2997/2997 3000/3000/3000 2999/2999/2999
f 2999/2999/2999 3000/3000/3000 3001/3001/3001
f 3000/3000/3000 3002/3002/3002 3001/3001/3001
f 3002/3002/3002 3003/3003/3003 3001/3001/3001
f 3001/3001/3001 3003/3003/3003 3004/3004/3004
f 3003/3003/3003 3005/3005/3005 3004/3004/3004
f 3005/3005/3005 3006/3006/3006 3004/3004/3004
f 3007/3007/3007 3008/3008/3008 3009/3009/3009
f 3009/3009/3009 3008/3008/3008 3010/3010/3010
f 3008/3008/3008 3011/3011/3011 3010/3010/3010
f 3010/3010/3010 3011/3011/3011 3012/3012/3012
f 3011/3011/3011 3013/3013/3013 3012/3012/3012
f 3012/3012/3012 3013/3013/3013 3014/3014/3014
f 3013/3013/3013 3015/3015/3015 3014/3014/3014
f 3014/3014/3014 3015/3015/3015 3016/3016/3016
f 3015/3015/3015 3017/3017/3017 3016/3016/3016
f 3016/3016/3016 3017/3017/3017 3018/3018/3018
f 3017/3017/3017 3019/3019/3019 3018/3018/3018
f 3018/3018/3018 3019/3019/3019 3020/3020/3020
f 3019/3019/3019 3021/3021/3021 3020/3020/3020
f 3020/3020/3020 3021/3021/3021 3022/3022/3022
f 3021/3021/3021 3023/3023/3023 3022/3022/3022
f 3022/3022/3022 3023/3023/3023 3024/3024/3024
f 3023/3023/3023 3025/3025/3025 3024/3024/3024
f 3024/3024/3024 3025/3025/3025 3026/3026/3026
f 3025/3025/3025 3027/3027/3027 3026/3026/3026
f 3026/3026/3026 3027/3027/3027 3028/3028/3028
f 3028/3028/3028 3027/3027/3027 3029/3029/3029
f 3027/3027/3027 3030/3030/3030 3029/3029/3029
f 3031/3031/3031 3032/3032/3032 3033/3033/3033
f 3033/3033/3033 3032/3032/3032 3034/3034/3034
f 3034/3034/3034 3032/3032/3032 3035/3035/3035
f 3032/3032/3032 3036/3036/3036 3035/3035/3035
f 3035/3035/3035 3036/3036/3036 3037/3037/3037
f 3036/3036/3036 3038/3038/3038 3037/3037/3037
f 3038/3038/3038 3039/3039/3039 3037/3037/3037
f 3037/3037/3037 3039/3039/3039 3040/3040/3040
f 3039/3039/3039 3041/3041/3041 3040/3040/3040
f 3041/3041/3041 3042/3042/3042 3040/3040/3040
f 3040/3040/3040 3042/3042/3042 3043/3043/3043
f 3044/3044/3044 3043/3043/3043 3045/3045/3045
f 3043/3043/3043 3042/3042/3042 3045/3045/3045
f 3046/3046/3046 3047/3047/3047 3048/3048/3048
f 3047/3047/3047 3049/3049/3049 3048/3048/3048
f 3049/3049/3049 3050/3050/3050 3048/3048/3048
f 3048/3048/3048 3050/3050/3050 3051/3051/3051
f 3050/3050/3050 3052/3052/3052 3051/3051/3051
f 3051/3051/3051 3052/3052/3052 3053/3053/3053
f 3053/3053/3053 3052/3052/3052 3054/3054/3054
f 3052/3052/3052 3055/3055/3055 3054/3054/3054
f 3054/3054/3054 3055/3055/3055 3056/3056/3056
f 3056/3056/3056 3055/3055/3055 3057/3057/3057
f 3055/3055/3055 3058/3058/3058 3057/3057/3057
f 3058/3058/3058 3059/3059/3059 3057/3057/3057
f 3059/3059/3059 3060/3060/3060 3057/3057/3057
f 3061/3061/3061 3062/3062/3062 3063/3063/3063
f 3062/3062/3062 3064/3064/3064 3063/3063/3063
f 3065/3065/3065 3066/3066/3066 3067/3067/3067
f 3066/3066/3066 3068/3068/3068 3067/3067/3067
f 3069/3069/3069 3070/3070/3070 3071/3071/3071
f 3070/3070/3070 3072/3072/3072 3071/3071/3071
f 3073/3073/3073 3074/3074/3074 3075/3075/3075
f 3074/3074/3074 3076/3076/3076 3075/3075/3075
f 3077/3077/3077 3078/3078/3078 3079/3079/3079
f 3078/3078/3078 3080/3080/3080 3079/3079/3079
f 3081/3081/3081 3082/3082/3082 3083/3083/3083
f 3082/3082/3082 3084/3084/3084 3083/3083/3083
f 3085/3085/3085 3086/3086/3086 3087/3087/3087
f 3086/3086/3086 3088/3088/3088 3087/3087/3087
f 3087/3087/3087 3088/3088/3088 3089/3089/3089
f 3088/3088/3088 3090/3090/3090 3089/3089/3089
f 3090/3090/3090 3091/3091/3091 3089/3089/3089
f 3089/3089/3089 3091/3091/3091 3092/3092/3092
f 3091/3091/3091 3093/3093/3093 3092/3092/3092
f 3092/3092/3092 3093/3093/3093 3094/3094/3094
f 3093/3093/3093 3095/3095/3095 3094/3094/3094
f 3095/3095/3095 3096/3096/3096 3094/3094/3094
f 3094/3094/3094 3096/3096/3096 3097/3097/3097
f 3097/3097/3097 3096/3096/3096 3098/3098/3098
f 3096/3096/3096 3099/3099/3099 3098/3098/3098
f 3100/3100/3100 3101/3101/3101 3102/3102/3102
f 3101/3101/3101 3103/3103/3103 3102/3102/3102
f 3104/3104/3104 3105/3105/3105 3106/3106/3106
f 3105/3105/3105 3107/3107/3107 3106/3106/3106
f 3106/3106/3106 3107/3107/3107 3108/3108/3108
f 3107/3107/3107 3109/3109/3109 3108/3108/3108
f 3108/3108/3108 3109/3109/3109 3110/3110/3110
f 3109/3109/3109 3111/3111/3111 3110/3110/3110
f 3110/3110/3110 3111/3111/3111 3112/3112/3112
f 3111/3111/3111 3113/3113/3113 3112/3112/3112
f 3112/3112/3112 3113/3113/3113 3114/3114/3114
f 3113/3113/3113 3115/3115/3115 3114/3114/3114
f 3114/3114/3114 3115/3115/3115 3116/3116/3116
f 3115/3115/3115 3117/3117/3117 3116/3116/3116
f 3116/3116/3116 3117/3117/3117 3118/3118/3118
f 3117/3117/3117 3119/3119/3119 3118/3118/3118
f 3118/3118/3118 3119/3119/3119 3120/3120/3120
f 3119/3119/3119 3121/3121/3121 3120/3120/3120
f 3120/3120/3120 3121/3121/3121 3122/3122/3122
f 3121/3121/3121 3123/3123/3123 3122/3122/3122
f 3122/3122/3122 3123/3123/3123 3124/3124/3124
f 3123/3123/3123 3125/3125/3125 3124/3124/3124
f 3124/3124/3124 3125/3125/3125 3126/3126/3126
f 3125/3125/3125 3127/3127/3127 3126/3126/3126
f 3126/3126/3126 3127/3127/3127 3128/3128/3128
f 3127/3127/3127 3129/3129/3129 3128/3128/3128
f 3130/3130/3130 3131/3131/3131 3132/3132/3132
f 3132/3132/3132 3131/3131/3131 3133/3133/3133
f 3131/3131/3131 3134/3134/3134 3133/3133/3133
f 3133/3133/3133 3134/3134/3134 3135/3135/3135
f 3135/3135/3135 3134/3134/3134 3136/3136/3136
f 3134/3134/3134 3137/3137/3137 3136/3136/3136
f 3137/3137/3137 3138/3138/3138 3136/3136/3136
f 3136/3136/3136 3138/3138/3138 3139/3139/3139
f 3138/3138/3138 3140/3140/3140 3139/3139/3139
f 3139/3139/3139 3140/3140/3140 3141/3141/3141
f 3140/3140/3140 3142/3142/3142 3141/3141/3141
f 3142/3142/3142 3143/3143/3143 3141/3141/3141
f 3141/3141/3141 3143/3143/3143 3144/3144/3144
f 3145/3145/3145 3144/3144/3144 3146/3146/3146
f 3144/3144/3144 3143/3143/3143 3146/3146/3146
f 3147/3147/3147 3148/3148/3148 3149/3149/3149
f 3148/3148/3148 3150/3150/3150 3149/3149/3149
f 3149/3149/3149 3150/3150/3150 3151/3151/3151
f 3150/3150/3150 3152/3152/3152 3151/3151/3151
f 3152/3152/3152 3153/3153/3153 3151/3151/3151
f 3151/3151/3151 3153/3153/3153 3154/3154/3154
f 3153/3153/3153 3155/3155/3155 3154/3154/3154
f 3154/3154/3154 3155/3155/3155 3156/3156/3156
f 3155/3155/3155 3157/3157/3157 3156/3156/3156
f 3157/3157/3157 3158/3158/3158 3156/3156/3156
f 3156/3156/3156 3158/3158/3158 3159/3159/3159
f 3159/3159/3159 3158/3158/3158 3160/3160/3160
f 3161/3161/3161 3162/3162/3162 3163/3163/3163
f 3162/3162/3162 3160/3160/3160 3163/3163/3163
f 3160/3160/3160 3158/3158/3158 3163/3163/3163
f 3164/3164/3164 3165/3165/3165 3166/3166/3166
f 3165/3165/3165 3167/3167/3167 3166/3166/3166
f 3168/3168/3168 3169/3169/3169 3170/3170/3170
f 3170/3170/3170 3169/3169/3169 3171/3171/3171
f 3169/3169/3169 3172/3172/3172 3171/3171/3171
f 3171/3171/3171 3172/3172/3172 3173/3173/3173
f 3174/3174/3174 3173/3173/3173 3175/3175/3175
f 3173/3173/3173 3172/3172/3172 3175/3175/3175
f 3176/3176/3176 3177/3177/3177 3178/3178/3178
f 3177/3177/3177 3179/3179/3179 3178/3178/3178
f 3178/3178/3178 3179/3179/3179 3180/3180/3180
f 3179/3179/3179 3181/3181/3181 3180/3180/3180
f 3180/3180/3180 3181/3181/3181 3182/3182/3182
f 3181/3181/3181 3183/3183/3183 3182/3182/3182
f 3182/3182/3182 3183/3183/3183 3184/3184/3184
f 3183/3183/3183 3185/3185/3185 3184/3184/3184
f 3184/3184/3184 3185/3185/3185 3186/3186/3186
f 3185/3185/3185 3187/3187/3187 3186/3186/3186
f 3186/3186/3186 3187/3187/3187 3188/3188/3188
f 3187/3187/3187 3189/3189/3189 3188/3188/3188
f 3188/3188/3188 3189/3189/3189 3190/3190/3190
f 3189/3189/3189 3191/3191/3191 3190/3190/3190
f 3190/3190/3190 3191/3191/3191 3192/3192/3192
f 3191/3191/3191 3193/3193/3193 3192/3192/3192
f 3192/3192/3192 3193/3193/3193 3194/3194/3194
f 3193/3193/3193 3195/3195/3195 3194/3194/3194
f 3194/3194/3194 3195/3195/3195 3196/3196/3196
f 3195/3195/3195 3197/3197/3197 3196/3196/3196
f 3196/3196/3196 3197/3197/3197 3198/3198/3198
f 3197/3197/3197 3199/3199/3199 3198/3198/3198
f 3198/3198/3198 3199/3199/3199 3200/3200/3200
f 3199/3199/3199 3201/3201/3201 3200/3200/3200
f 3202/3202/3202 3203/3203/3203 3204/3204/3204
f 3203/3203/3203 3205/3205/3205 3204/3204/3204
f 3204/3204/3204 3205/3205/3205 3206/3206/3206
f 3206/3206/3206 3205/3205/3205 3207/3207/3207
f 3207/3207/3207 3205/3205/3205 3208/3208/3208
f 3205/3205/3205 3209/3209/3209 3208/3208/3208
f 3210/3210/3210 3208/3208/3208 3211/3211/3211
f 3208/3208/3208 3209/3209/3209 3211/3211/3211
f 3211/3211/3211 3209/3209/3209 3212/3212/3212
f 3209/3209/3209 3213/3213/3213 3212/3212/3212
f 3214/3214/3214 3215/3215/3215 3216/3216/3216
f 3216/3216/3216 3215/3215/3215 3217/3217/3217
f 3217/3217/3217 3215/3215/3215 3218/3218/3218
f 3215/3215/3215 3219/3219/3219 3218/3218/3218
f 3219/3219/3219 3220/3220/3220 3218/3218/3218
f 3218/3218/3218 3220/3220/3220 3221/3221/3221
f 3220/3220/3220 3222/3222/3222 3221/3221/3221
f 3221/3221/3221 3222/3222/3222 3223/3223/3223
f 3222/3222/3222 3224/3224/3224 3223/3223/3223
f 3224/3224/3224 3225/3225/3225 3223/3223/3223
f 3223/3223/3223 3225/3225/3225 3226/3226/3226
f 3227/3227/3227 3226/3226/3226 3228/3228/3228
f 3226/3226/3226 3225/3225/3225 3228/3228/3228
f 3229/3229/3229 3230/3230/3230 3231/3231/3231
f 3230/3230/3230 3232/3232/3232 3231/3231/3231
f 3233/3233/3233 3234/3234/3234 3235/3235/3235
f 3234/3234/3234 3236/3236/3236 3235/3235/3235
f 3237/3237/3237 3238/3238/3238 3239/3239/3239
f 3238/3238/3238 3240/3240/3240 3239/3239/3239
f 3241/3241/3241 3242/3242/3242 3243/3243/3243
f 3242/3242/3242 3244/3244/3244 3243/3243/3243
f 3245/3245/3245 3246/3246/3246 3247/3247/3247
f 3246/3246/3246 3248/3248/3248 3247/3247/3247
f 3249/3249/3249 3250/3250/3250 3251/3251/3251
f 3250/3250/3250 3252/3252/3252 3251/3251/3251
f 3253/3253/3253 3254/3254/3254 3255/3255/3255
f 3254/3254/3254 3256/3256/3256 3255/3255/3255
f 3257/3257/3257 3258/3258/3258 3259/3259/3259
f 3258/3258/3258 3260/3260/3260 3259/3259/3259
f 3261/3261/3261 3262/3262/3262 3263/3263/3263
f 3262/3262/3262 3264/3264/3264 3263/3263/3263
f 3265/3265/3265 3266/3266/3266 3267/3267/3267
f 3266/3266/3266 3268/3268/3268 3267/3267/3267
f 3269/3269/3269 3270/3270/3270 3271/3271/3271
f 3270/3270/3270 3272/3272/3272 3271/3271/3271
f 3273/3273/3273 3274/3274/3274 3275/3275/3275
f 3274/3274/3274 3276/3276/3276 3275/3275/3275
f 3277/3277/3277 3278/3278/3278 3279/3279/3279
f 3278/3278/3278 3280/3280/3280 3279/3279/3279
f 3281/3281/3281 3282/3282/3282 3283/3283/3283
f 3282/3282/3282 3284/3284/3284 3283/3283/3283
f 3285/3285/3285 3286/3286/3286 3287/3287/3287
f 3286/3286/3286 3288/3288/3288 3287/3287/3287
f 3289/3289/3289 3290/3290/3290 3291/3291/3291
f 3290/3290/3290 3292/3292/3292 3291/3291/3291
f 3293/3293/3293 3294/3294/3294 3295/3295/3295
f 3294/3294/3294 3296/3296/3296 3295/3295/3295
f 3297/3297/3297 3298/3298/3298 3299/3299/3299
f 3298/3298/3298 3300/3300/3300 3299/3299/3299
f 3301/3301/3301 3302/3302/3302 3303/3303/3303
f 3302/3302/3302 3304/3304/3304 3303/3303/3303
f 3305/3305/3305 3306/3306/3306 3307/3307/3307
f 3306/3306/3306 3308/3308/3308 3307/3307/3307
f 3309/3309/3309 3310/3310/3310 3311/3311/3311
f 3310/3310/3310 3312/3312/3312 3311/3311/3311
f 3313/3313/3313 3314/3314/3314 3315/3315/3315
f 3314/3314/3314 3316/3316/3316 3315/3315/3315
f 3317/3317/3317 3318/3318/3318 3319/3319/3319
f 3318/3318/3318 3320/3320/3320 3319/3319/3319
f 3321/3321/3321 3322/3322/3322 3323/3323/3323
f 3322/3322/3322 3324/3324/3324 3323/3323/3323
f 3325/3325/3325 3326/3326/3326 3327/3327/3327
f 3326/3326/3326 3328/3328/3328 3327/3327/3327
f 3329/3329/3329 3330/3330/3330 3331/3331/3331
f 3330/3330/3330 3332/3332/3332 3331/3331/3331
f 3333/3333/3333 3334/3334/3334 3335/3335/3335
f 3334/3334/3334 3336/3336/3336 3335/3335/3335
f 3337/3337/3337 3338/3338/3338 3339/3339/3339
f 3338/3338/3338 3340/3340/3340 3339/3339/3339
f 3341/3341/3341 3342/3342/3342 3343/3343/3343
f 3342/3342/3342 3344/3344/3344 3343/3343/3343
f 3345/3345/3345 3346/3346/3346 3347/3347/3347
f 3346/3346/3346 3348/3348/3348 3347/3347/3347
f 3349/3349/3349 3350/3350/3350 3351/3351/3351
f 3350/3350/3350 3352/3352/3352 3351/3351/3351
f 3353/3353/3353 3354/3354/3354 3355/3355/3355
f 3354/3354/3354 3356/3356/3356 3355/3355/3355
f 3357/3357/3357 3358/3358/3358 3359/3359/3359
f 3358/3358/3358 3360/3360/3360 3359/3359/3359
f 3361/3361/3361 3362/3362/3362 3363/3363/3363
f 3362/3362/3362 3364/3364/3364 3363/3363/3363
f 3365/3365/3365 3366/3366/3366 3367/3367/3367
f 3366/3366/3366 3368/3368/3368 3367/3367/3367
f 3369/3369/3369 3370/3370/3370 3371/3371/3371
f 3370/3370/3370 3372/3372/3372 3371/3371/3371
f 3373/3373/3373 3374/3374/3374 3375/3375/3375
f 3374/3374/3374 3376/3376/3376 3375/3375/3375
f 3377/3377/3377 3378/3378/3378 3379/3379/3379
f 3378/3378/3378 3380/3380/3380 3379/3379/3379
f 3381/3381/3381 3382/3382/3382 3383/3383/3383
f 3382/3382/3382 3384/3384/3384 3383/3383/3383
f 3385/3385/3385 3386/3386/3386 3387/3387/3387
f 3386/3386/3386 3388/3388/3388 3387/3387/3387
f 3389/3389/3389 3390/3390/3390 3391/3391/3391
f 3390/3390/3390 3392/3392/3392 3391/3391/3391
f 3393/3393/3393 3394/3394/3394 3395/3395/3395
f 3394/3394/3394 3396/3396/3396 3395/3395/3395
f 3397/3397/3397 3398/3398/3398 3399/3399/3399
f 3399/3399/3399 3398/3398/3398 3400/3400/3400
f 3400/3400/3400 3398/3398/3398 3401/3401/3401
f 3401/3401/3401 3398/3398/3398 3402/3402/3402
f 3402/3402/3402 3398/3398/3398 3403/3403/3403
f 3403/3403/3403 3398/3398/3398 3404/3404/3404
f 3404/3404/3404 3398/3398/3398 3405/3405/3405
f 3405/3405/3405 3398/3398/3398 3406/3406/3406
f 3406/3406/3406 3398/3398/3398 3407/3407/3407
f 3407/3407/3407 3398/3398/3398 3408/3408/3408
f 3408/3408/3408 3398/3398/3398 3409/3409/3409
f 3409/3409/3409 3398/3398/3398 3410/3410/3410
f 3410/3410/3410 3398/3398/3398 3411/3411/3411
f 3411/3411/3411 3398/3398/3398 3412/3412/3412
f 3412/3412/3412 3398/3398/3398 3413/3413/3413
f 3398/3398/3398 3397/3397/3397 3413/3413/3413
f 3414/3414/3414 3415/3415/3415 3416/3416/3416
f 3416/3416/3416 3415/3415/3415 3417/3417/3417
f 3417/3417/3417 3415/3415/3415 3418/3418/3418
f 3418/3418/3418 3415/3415/3415 3419/3419/3419
f 3419/3419/3419 3415/3415/3415 3420/3420/3420
f 3420/3420/3420 3415/3415/3415 3421/3421/3421
f 3421/3421/3421 3415/3415/3415 3422/3422/3422
f 3422/3422/3422 3415/3415/3415 3423/3423/3423
f 3423/3423/3423 3415/3415/3415 3424/3424/3424
f 3424/3424/3424 3415/3415/3415 3425/3425/3425
f 3425/3425/3425 3415/3415/3415 3426/3426/3426
f 3426/3426/3426 3415/3415/3415 3427/3427/3427
f 3427/3427/3427 3415/3415/3415 3428/3428/3428
f 3428/3428/3428 3415/3415/3415 3429/3429/3429
f 3429/3429/3429 3415/3415/3415 3430/3430/3430
f 3415/3415/3415 3414/3414/3414 3430/3430/3430
f 3431/3431/3431 3432/3432/3432 3433/3433/3433
f 3432/3432/3432 3434/3434/3434 3433/3433/3433
f 3435/3435/3435 3436/3436/3436 3437/3437/3437
f 3436/3436/3436 3438/3438/3438 3437/3437/3437
f 3439/3439/3439 3440/3440/3440 3441/3441/3441
f 3440/3440/3440 3442/3442/3442 3441/3441/3441
f 3443/3443/3443 3444/3444/3444 3445/3445/3445
f 3444/3444/3444 3446/3446/3446 3445/3445/3445
f 3447/3447/3447 3448/3448/3448 3449/3449/3449
f 3448/3448/3448 3450/3450/3450 3449/3449/3449
f 3451/3451/3451 3452/3452/3452 3453/3453/3453
f 3452/3452/3452 3454/3454/3454 3453/3453/3453
f 3455/3455/3455 3456/3456/3456 3457/3457/3457
f 3456/3456/3456 3458/3458/3458 3457/3457/3457
f 3459/3459/3459 3460/3460/3460 3461/3461/3461
f 3460/3460/3460 3462/3462/3462 3461/3461/3461
f 3463/3463/3463 3464/3464/3464 3465/3465/3465
f 3464/3464/3464 3466/3466/3466 3465/3465/3465
f 3467/3467/3467 3468/3468/3468 3469/3469/3469
f 3468/3468/3468 3470/3470/3470 3469/3469/3469
f 3471/3471/3471 3472/3472/3472 3473/3473/3473
f 3472/3472/3472 3474/3474/3474 3473/3473/3473
f 3475/3475/3475 3476/3476/3476 3477/3477/3477
f 3476/3476/3476 3478/3478/3478 3477/3477/3477
f 3479/3479/3479 3480/3480/3480 3481/3481/3481
f 3480/3480/3480 3482/3482/3482 3481/3481/3481
f 3483/3483/3483 3484/3484/3484 3485/3485/3485
f 3484/3484/3484 3486/3486/3486 3485/3485/3485
f 3487/3487/3487 3488/3488/3488 3489/3489/3489
f 3488/3488/3488 3490/3490/3490 3489/3489/3489
f 3491/3491/3491 3492/3492/3492 3493/3493/3493
f 3492/3492/3492 3494/3494/3494 3493/3493/3493
f 3495/3495/3495 3496/3496/3496 3497/3497/3497
f 3497/3497/3497 3496/3496/3496 3498/3498/3498
f 3498/3498/3498 3496/3496/3496 3499/3499/3499
f 3499/3499/3499 3496/3496/3496 3500/3500/3500
f 3500/3500/3500 3496/3496/3496 3501/3501/3501
f 3501/3501/3501 3496/3496/3496 3502/3502/3502
f 3502/3502/3502 3496/3496/3496 3503/3503/3503
f 3503/3503/3503 3496/3496/3496 3504/3504/3504
f 3504/3504/3504 3496/3496/3496 3505/3505/3505
f 3505/3505/3505 3496/3496/3496 3506/3506/3506
f 3506/3506/3506 3496/3496/3496 3507/3507/3507
f 3507/3507/3507 3496/3496/3496 3508/3508/3508
f 3508/3508/3508 3496/3496/3496 3509/3509/3509
f 3509/3509/3509 3496/3496/3496 3510/3510/3510
f 3510/3510/3510 3496/3496/3496 3511/3511/3511
f 3496/3496/3496 3495/3495/3495 3511/3511/3511
f 3512/3512/3512 3513/3513/3513 3514/3514/3514
f 3514/3514/3514 3513/3513/3513 3515/3515/3515
f 3515/3515/3515 3513/3513/3513 3516/3516/3516
f 3516/3516/3516 3513/3513/3513 3517/3517/3517
f 3517/3517/3517 3513/3513/3513 3518/3518/3518
f 3518/3518/3518 3513/3513/3513 3519/3519/3519
f 3519/3519/3519 3513/3513/3513 3520/3520/3520
f 3520/3520/3520 3513/3513/3513 3521/3521/3521
f 3521/3521/3521 3513/3513/3513 3522/3522/3522
f 3522/3522/3522 3513/3513/3513 3523/3523/3523
f 3523/3523/3523 3513/3513/3513 3524/3524/3524
f 3524/3524/3524 3513/3513/3513 3525/3525/3525
f 3525/3525/3525 3513/3513/3513 3526/3526/3526
f 3526/3526/3526 3513/3513/3513 3527/3527/3527
f 3527/3527/3527 3513/3513/3513 3528/3528/3528
f 3513/3513/3513 3512/3512/3512 3528/3528/3528
f 3529/3529/3529 3530/3530/3530 3531/3531/3531
f 3530/3530/3530 3532/3532/3532 3531/3531/3531
f 3533/3533/3533 3534/3534/3534 3535/3535/3535
f 3534/3534/3534 3536/3536/3536 3535/3535/3535
f 3537/3537/3537 3538/3538/3538 3539/3539/3539
f 3538/3538/3538 3540/3540/3540 3539/3539/3539
f 3541/3541/3541 3542/3542/3542 3543/3543/3543
f 3542/3542/3542 3544/3544/3544 3543/3543/3543
f 3545/3545/3545 3546/3546/3546 3547/3547/3547
f 3546/3546/3546 3548/3548/3548 3547/3547/3547
f 3549/3549/3549 3550/3550/3550 3551/3551/3551
f 3550/3550/3550 3552/3552/3552 3551/3551/3551
f 3553/3553/3553 3554/3554/3554 3555/3555/3555
f 3554/3554/3554 3556/3556/3556 3555/3555/3555
f 3557/3557/3557 3558/3558/3558 3559/3559/3559
f 3558/3558/3558 3560/3560/3560 3559/3559/3559
f 3561/3561/3561 3562/3562/3562 3563/3563/3563
f 3562/3562/3562 3564/3564/3564 3563/3563/3563
f 3565/3565/3565 3566/3566/3566 3567/3567/3567
f 3566/3566/3566 3568/3568/3568 3567/3567/3567
f 3569/3569/3569 3570/3570/3570 3571/3571/3571
f 3570/3570/3570 3572/3572/3572 3571/3571/3571
f 3573/3573/3573 3574/3574/3574 3575/3575/3575
f 3574/3574/3574 3576/3576/3576 3575/3575/3575
f 3577/3577/3577 3578/3578/3578 3579/3579/3579
f 3578/3578/3578 3580/3580/3580 3579/3579/3579
f 3581/3581/3581 3582/3582/3582 3583/3583/3583
f 3582/3582/3582 3584/3584/3584 3583/3583/3583
f 3585/3585/3585 3586/3586/3586 3587/3587/3587
f 3586/3586/3586 3588/3588/3588 3587/3587/3587
f 3589/3589/3589 3590/3590/3590 3591/3591/3591
f 3590/3590/3590 3592/3592/3592 3591/3591/3591
f 3593/3593/3593 3594/3594/3594 3595/3595/3595
f 3595/3595/3595 3594/3594/3594 3596/3596/3596
f 3596/3596/3596 3594/3594/3594 3597/3597/3597
f 3597/3597/3597 3594/3594/3594 3598/3598/3598
f 3598/3598/3598 3594/3594/3594 3599/3599/3599
f 3599/3599/3599 3594/3594/3594 3600/3600/3600
f 3600/3600/3600 3594/3594/3594 3601/3601/3601
f 3601/3601/3601 3594/3594/3594 3602/3602/3602
f 3602/3602/3602 3594/3594/3594 3603/3603/3603
f 3603/3603/3603 3594/3594/3594 3604/3604/3604
f 3604/3604/3604 3594/3594/3594 3605/3605/3605
f 3605/3605/3605 3594/3594/3594 3606/3606/3606
f 3606/3606/3606 3594/3594/3594 3607/3607/3607
f 3607/3607/3607 3594/3594/3594 3608/3608/3608
f 3608/3608/3608 3594/3594/3594 3609/3609/3609
f 3594/3594/3594 3593/3593/3593 3609/3609/3609
f 3610/3610/3610 3611/3611/3611 3612/3612/3612
f 3612/3612/3612 3611/3611/3611 3613/3613/3613
f 3613/3613/3613 3611/3611/3611 3614/3614/3614
f 3614/3614/3614 3611/3611/3611 3615/3615/3615
f 3615/3615/3615 3611/3611/3611 3616/3616/3616
f 3616/3616/3616 3611/3611/3611 3617/3617/3617
f 3617/3617/3617 3611/3611/3611 3618/3618/3618
f 3618/3618/3618 3611/3611/3611 3619/3619/3619
f 3619/3619/3619 3611/3611/3611 3620/3620/3620
f 3620/3620/3620 3611/3611/3611 3621/3621/3621
f 3621/3621/3621 3611/3611/3611 3622/3622/3622
f 3622/3622/3622 3611/3611/3611 3623/3623/3623
f 3623/3623/3623 3611/3611/3611 3624/3624/3624
f 3624/3624/3624 3611/3611/3611 3625/3625/3625
f 3625/3625/3625 3611/3611/3611 3626/3626/3626
f 3611/3611/3611 3610/3610/3610 3626/3626/3626
f 3627/3627/3627 3628/3628/3628 3629/3629/3629
f 3628/3628/3628 3630/3630/3630 3629/3629/3629
f 3631/3631/3631 3632/3632/3632 3633/3633/3633
f 3632/3632/3632 3634/3634/3634 3633/3633/3633
f 3635/3635/3635 3636/3636/3636 3637/3637/3637
f 3636/3636/3636 3638/3638/3638 3637/3637/3637
f 3639/3639/3639 3640/3640/3640 3641/3641/3641
f 3640/3640/3640 3642/3642/3642 3641/3641/3641
f 3643/3643/3643 3644/3644/3644 3645/3645/3645
f 3644/3644/3644 3646/3646/3646 3645/3645/3645
f 3647/3647/3647 3648/3648/3648 3649/3649/3649
f 3648/3648/3648 3650/3650/3650 3649/3649/3649
f 3651/3651/3651 3652/3652/3652 3653/3653/3653
f 3652/3652/3652 3654/3654/3654 3653/3653/3653
f 3655/3655/3655 3656/3656/3656 3657/3657/3657
f 3656/3656/3656 3658/3658/3658 3657/3657/3657
f 3659/3659/3659 3660/3660/3660 3661/3661/3661
f 3660/3660/3660 3662/3662/3662 3661/3661/3661
f 3663/3663/3663 3664/3664/3664 3665/3665/3665
f 3666/3666/3666 3665/3665/3665 3667/3667/3667
f 3667/3667/3667 3665/3665/3665 3668/3668/3668
f 3665/3665/3665 3664/3664/3664 3668/3668/3668
f 3669/3669/3669 3670/3670/3670 3671/3671/3671
f 3670/3670/3670 3672/3672/3672 3671/3671/3671
f 3673/3673/3673 3674/3674/3674 3675/3675/3675
f 3674/3674/3674 3676/3676/3676 3675/3675/3675
f 3677/3677/3677 3678/3678/3678 3679/3679/3679
f 3679/3679/3679 3678/3678/3678 3680/3680/3680
f 3678/3678/3678 3681/3681/3681 3680/3680/3680
f 3682/3682/3682 3683/3683/3683 3684/3684/3684
f 3683/3683/3683 3685/3685/3685 3684/3684/3684
f 3686/3686/3686 3687/3687/3687 3688/3688/3688
f 3687/3687/3687 3689/3689/3689 3688/3688/3688
f 3690/3690/3690 3691/3691/3691 3692/3692/3692
f 3691/3691/3691 3693/3693/3693 3692/3692/3692
f 3694/3694/3694 3695/3695/3695 3696/3696/3696
f 3695/3695/3695 3697/3697/3697 3696/3696/3696
f 3698/3698/3698 3699/3699/3699 3700/3700/3700
f 3699/3699/3699 3701/3701/3701 3700/3700/3700
f 3702/3702/3702 3703/3703/3703 3704/3704/3704
f 3703/3703/3703 3705/3705/3705 3704/3704/3704
f 3706/3706/3706 3707/3707/3707 3708/3708/3708
f 3707/3707/3707 3709/3709/3709 3708/3708/3708
f 3710/3710/3710 3711/3711/3711 3712/3712/3712
f 3711/3711/3711 3713/3713/3713 3712/3712/3712
f 3714/3714/3714 3715/3715/3715 3716/3716/3716
f 3715/3715/3715 3717/3717/3717 3716/3716/3716
f 3718/3718/3718 3719/3719/3719 3720/3720/3720
f 3719/3719/3719 3721/3721/3721 3720/3720/3720
f 3722/3722/3722 3723/3723/3723 3724/3724/3724
f 3724/3724/3724 3723/3723/3723 3725/3725/3725
f 3725/3725/3725 3723/3723/3723 3726/3726/3726
f 3723/3723/3723 3722/3722/3722 3726/3726/3726
f 3726/3726/3726 3722/3722/3722 3727/3727/3727
f 3722/3722/3722 3724/3724/3724 3727/3727/3727
f 3727/3727/3727 3724/3724/3724 3728/3728/3728
f 3724/3724/3724 3725/3725/3725 3728/3728/3728
f 3728/3728/3728 3725/3725/3725 3729/3729/3729
f 3730/3730/3730 3731/3731/3731 3732/3732/3732
f 3732/3732/3732 3731/3731/3731 3733/3733/3733
f 3733/3733/3733 3731/3731/3731 3734/3734/3734
f 3734/3734/3734 3731/3731/3731 3735/3735/3735
f 3731/3731/3731 3730/3730/3730 3735/3735/3735
f 3730/3730/3730 3736/3736/3736 3735/3735/3735
f 3735/3735/3735 3736/3736/3736 3737/3737/3737
f 3736/3736/3736 3729/3729/3729 3737/3737/3737
f 3737/3737/3737 3729/3729/3729 3738/3738/3738
f 3729/3729/3729 3725/3725/3725 3738/3738/3738
f 3725/3725/3725 3726/3726/3726 3738/3738/3738
f 3738/3738/3738 3726/3726/3726 3739/3739/3739
f 3726/3726/3726 3727/3727/3727 3739/3739/3739
f 3727/3727/3727 3728/3728/3728 3739/3739/3739
f 3739/3739/3739 3728/3728/3728 3740/3740/3740
f 3728/3728/3728 3729/3729/3729 3740/3740/3740
f 3729/3729/3729 3736/3736/3736 3740/3740/3740
f 3740/3740/3740 3736/3736/3736 3741/3741/3741
f 3736/3736/3736 3730/3730/3730 3741/3741/3741
f 3730/3730/3730 3732/3732/3732 3741/3741/3741
f 3732/3732/3732 3733/3733/3733 3741/3741/3741
f 3741/3741/3741 3733/3733/3733 3742/3742/3742
f 3733/3733/3733 3734/3734/3734 3742/3742/3742
f 3734/3734/3734 3735/3735/3735 3742/3742/3742
f 3735/3735/3735 3737/3737/3737 3742/3742/3742
f 3742/3742/3742 3737/3737/3737 3743/3743/3743
f 3737/3737/3737 3738/3738/3738 3743/3743/3743
f 3738/3738/3738 3739/3739/3739 3743/3743/3743
f 3739/3739/3739 3740/3740/3740 3743/3743/3743
f 3740/3740/3740 3741/3741/3741 3743/3743/3743
f 3744/3744/3744 3745/3745/3745 3746/3746/3746
f 3745/3745/3745 3747/3747/3747 3746/3746/3746
f 3748/3748/3748 3749/3749/3749 3750/3750/3750
f 3749/3749/3749 3751/3751/3751 3750/3750/3750
f 3752/3752/3752 3753/3753/3753 3754/3754/3754
f 3753/3753/3753 3755/3755/3755 3754/3754/3754
f 3756/3756/3756 3757/3757/3757 3758/3758/3758
f 3757/3757/3757 3759/3759/3759 3758/3758/3758
f 3760/3760/3760 3761/3761/3761 3762/3762/3762
f 3761/3761/3761 3763/3763/3763 3762/3762/3762
f 3764/3764/3764 3765/3765/3765 3766/3766/3766
f 3765/3765/3765 3767/3767/3767 3766/3766/3766
f 3768/3768/3768 3769/3769/3769 3770/3770/3770
f 3769/3769/3769 3771/3771/3771 3770/3770/3770
f 3772/3772/3772 3773/3773/3773 3774/3774/3774
f 3773/3773/3773 3775/3775/3775 3774/3774/3774
f 3776/3776/3776 3777/3777/3777 3778/3778/3778
f 3777/3777/3777 3779/3779/3779 3778/3778/3778
f 3780/3780/3780 3781/3781/3781 3782/3782/3782
f 3781/3781/3781 3783/3783/3783 3782/3782/3782
f 3784/3784/3784 3785/3785/3785 3786/3786/3786
f 3785/3785/3785 3787/3787/3787 3786/3786/3786
f 3788/3788/3788 3789/3789/3789 3790/3790/3790
f 3789/3789/3789 3791/3791/3791 3790/3790/3790
f 3792/3792/3792 3793/3793/3793 3794/3794/3794
f 3793/3793/3793 3795/3795/3795 3794/3794/3794
f 3796/3796/3796 3797/3797/3797 3798/3798/3798
f 3797/3797/3797 3799/3799/3799 3798/3798/3798
f 3800/3800/3800 3801/3801/3801 3802/3802/3802
f 3801/3801/3801 3803/3803/3803 3802/3802/3802
f 3804/3804/3804 3805/3805/3805 3806/3806/3806
f 3805/3805/3805 3807/3807/3807 3806/3806/3806
f 3808/3808/3808 3809/3809/3809 3810/3810/3810
f 3810/3810/3810 3809/3809/3809 3811/3811/3811
f 3811/3811/3811 3809/3809/3809 3812/3812/3812
f 3812/3812/3812 3809/3809/3809 3813/3813/3813
f 3813/3813/3813 3809/3809/3809 3814/3814/3814
f 3814/3814/3814 3809/3809/3809 3815/3815/3815
f 3815/3815/3815 3809/3809/3809 3816/3816/3816
f 3816/3816/3816 3809/3809/3809 3817/3817/3817
f 3817/3817/3817 3809/3809/3809 3818/3818/3818
f 3818/3818/3818 3809/3809/3809 3819/3819/3819
f 3819/3819/3819 3809/3809/3809 3820/3820/3820
f 3820/3820/3820 3809/3809/3809 3821/3821/3821
f 3821/3821/3821 3809/3809/3809 3822/3822/3822
f 3822/3822/3822 3809/3809/3809 3823/3823/3823
f 3823/3823/3823 3809/3809/3809 3824/3824/3824
f 3809/3809/3809 3808/3808/3808 3824/3824/3824
f 3825/3825/3825 3826/3826/3826 3827/3827/3827
f 3827/3827/3827 3826/3826/3826 3828/3828/3828
f 3828/3828/3828 3826/3826/3826 3829/3829/3829
f 3829/3829/3829 3826/3826/3826 3830/3830/3830
f 3830/3830/3830 3826/3826/3826 3831/3831/3831
f 3831/3831/3831 3826/3826/3826 3832/3832/3832
f 3832/3832/3832 3826/3826/3826 3833/3833/3833
f 3833/3833/3833 3826/3826/3826 3834/3834/3834
f 3834/3834/3834 3826/3826/3826 3835/3835/3835
f 3835/3835/3835 3826/3826/3826 3836/3836/3836
f 3836/3836/3836 3826/3826/3826 3837/3837/3837
f 3837/3837/3837 3826/3826/3826 3838/3838/3838
f 3838/3838/3838 3826/3826/3826 3839/3839/3839
f 3839/3839/3839 3826/3826/3826 3840/3840/3840
f 3840/3840/3840 3826/3826/3826 3841/3841/3841
f 3826/3826/3826 3825/3825/3825 3841/3841/3841
f 3842/3842/3842 3843/3843/3843 3844/3844/3844
f 3843/3843/3843 3845/3845/3845 3844/3844/3844
f 3846/3846/3846 3847/3847/3847 3848/3848/3848
f 3847/3847/3847 3849/3849/3849 3848/3848/3848
f 3850/3850/3850 3851/3851/3851 3852/3852/3852
f 3851/3851/3851 3853/3853/3853 3852/3852/3852
f 3854/3854/3854 3855/3855/3855 3856/3856/3856
f 3855/3855/3855 3857/3857/3857 3856/3856/3856
f 3858/3858/3858 3859/3859/3859 3860/3860/3860
f 3859/3859/3859 3861/3861/3861 3860/3860/3860
f 3862/3862/3862 3863/3863/3863 3864/3864/3864
f 3863/3863/3863 3865/3865/3865 3864/3864/3864
f 3866/3866/3866 3867/3867/3867 3868/3868/3868
f 3867/3867/3867 3869/3869/3869 3868/3868/3868
f 3870/3870/3870 3871/3871/3871 3872/3872/3872
f 3871/3871/3871 3873/3873/3873 3872/3872/3872
f 3874/3874/3874 3875/3875/3875 3876/3876/3876
f 3875/3875/3875 3877/3877/3877 3876/3876/3876
f 3878/3878/3878 3879/3879/3879 3880/3880/3880
f 3879/3879/3879 3881/3881/3881 3880/3880/3880
f 3882/3882/3882 3883/3883/3883 3884/3884/3884
f 3883/3883/3883 3885/3885/3885 3884/3884/3884
f 3886/3886/3886 3887/3887/3887 3888/3888/3888
f 3887/3887/3887 3889/3889/3889 3888/3888/3888
f 3890/3890/3890 3891/3891/3891 3892/3892/3892
f 3891/3891/3891 3893/3893/3893 3892/3892/3892
f 3894/3894/3894 3895/3895/3895 3896/3896/3896
f 3895/3895/3895 3897/3897/3897 3896/3896/3896
f 3898/3898/3898 3899/3899/3899 3900/3900/3900
f 3899/3899/3899 3901/3901/3901 3900/3900/3900
f 3902/3902/3902 3903/3903/3903 3904/3904/3904
f 3903/3903/3903 3905/3905/3905 3904/3904/3904
f 3906/3906/3906 3907/3907/3907 3908/3908/3908
f 3908/3908/3908 3907/3907/3907 3909/3909/3909
f 3909/3909/3909 3907/3907/3907 3910/3910/3910
f 3910/3910/3910 3907/3907/3907 3911/3911/3911
f 3911/3911/3911 3907/3907/3907 3912/3912/3912
f 3912/3912/3912 3907/3907/3907 3913/3913/3913
f 3913/3913/3913 3907/3907/3907 3914/3914/3914
f 3914/3914/3914 3907/3907/3907 3915/3915/3915
f 3915/3915/3915 3907/3907/3907 3916/3916/3916
f 3916/3916/3916 3907/3907/3907 3917/3917/3917
f 3917/3917/3917 3907/3907/3907 3918/3918/3918
f 3918/3918/3918 3907/3907/3907 3919/3919/3919
f 3919/3919/3919 3907/3907/3907 3920/3920/3920
f 3920/3920/3920 3907/3907/3907 3921/3921/3921
f 3921/3921/3921 3907/3907/3907 3922/3922/3922
f 3907/3907/3907 3906/3906/3906 3922/3922/3922
f 3923/3923/3923 3924/3924/3924 3925/3925/3925
f 3925/3925/3925 3924/3924/3924 3926/3926/3926
f 3926/3926/3926 3924/3924/3924 3927/3927/3927
f 3927/3927/3927 3924/3924/3924 3928/3928/3928
f 3928/3928/3928 3924/3924/3924 3929/3929/3929
f 3929/3929/3929 3924/3924/3924 3930/3930/3930
f 3930/3930/3930 3924/3924/3924 3931/3931/3931
f 3931/3931/3931 3924/3924/3924 3932/3932/3932
f 3932/3932/3932 3924/3924/3924 3933/3933/3933
f 3933/3933/3933 3924/3924/3924 3934/3934/3934
f 3934/3934/3934 3924/3924/3924 3935/3935/3935
f 3935/3935/3935 3924/3924/3924 3936/3936/3936
f 3936/3936/3936 3924/3924/3924 3937/3937/3937
f 3937/3937/3937 3924/3924/3924 3938/3938/3938
f 3938/3938/3938 3924/3924/3924 3939/3939/3939
f 3924/3924/3924 3923/3923/3923 3939/3939/3939
f 3940/3940/3940 3941/3941/3941 3942/3942/3942
f 3941/3941/3941 3943/3943/3943 3942/3942/3942
f 3944/3944/3944 3945/3945/3945 3946/3946/3946
f 3945/3945/3945 3947/3947/3947 3946/3946/3946
f 3948/3948/3948 3949/3949/3949 3950/3950/3950
f 3949/3949/3949 3951/3951/3951 3950/3950/3950
f 3952/3952/3952 3953/3953/3953 3954/3954/3954
f 3953/3953/3953 3955/3955/3955 3954/3954/3954
f 3956/3956/3956 3957/3957/3957 3958/3958/3958
f 3957/3957/3957 3959/3959/3959 3958/3958/3958
f 3960/3960/3960 3961/3961/3961 3962/3962/3962
f 3961/3961/3961 3963/3963/3963 3962/3962/3962
f 3964/3964/3964 3965/3965/3965 3966/3966/3966
f 3965/3965/3965 3967/3967/3967 3966/3966/3966
f 3968/3968/3968 3969/3969/3969 3970/3970/3970
f 3969/3969/3969 3971/3971/3971 3970/3970/3970
f 3972/3972/3972 3973/3973/3973 3974/3974/3974
f 3973/3973/3973 3975/3975/3975 3974/3974/3974
f 3976/3976/3976 3977/3977/3977 3978/3978/3978
f 3977/3977/3977 3979/3979/3979 3978/3978/3978
f 3980/3980/3980 3981/3981/3981 3982/3982/3982
f 3981/3981/3981 3983/3983/3983 3982/3982/3982
f 3984/3984/3984 3985/3985/3985 3986/3986/3986
f 3985/3985/3985 3987/3987/3987 3986/3986/3986
f 3988/3988/3988 3989/3989/3989 3990/3990/3990
f 3989/3989/3989 3991/3991/3991 3990/3990/3990
f 3992/3992/3992 3993/3993/3993 3994/3994/3994
f 3993/3993/3993 3995/3995/3995 3994/3994/3994
f 3996/3996/3996 3997/3997/3997 3998/3998/3998
f 3997/3997/3997 3999/3999/3999 3998/3998/3998
f 4000/4000/4000 4001/4001/4001 4002/4002/4002
f 4001/4001/4001 4003/4003/4003 4002/4002/4002
f 4004/4004/4004 4005/4005/4005 4006/4006/4006
f 4006/4006/4006 4005/4005/4005 4007/4007/4007
f 4007/4007/4007 4005/4005/4005 4008/4008/4008
f 4008/4008/4008 4005/4005/4005 4009/4009/4009
f 4009/4009/4009 4005/4005/4005 4010/4010/4010
f 4010/4010/4010 4005/4005/4005 4011/4011/4011
f 4011/4011/4011 4005/4005/4005 4012/4012/4012
f 4012/4012/4012 4005/4005/4005 4013/4013/4013
f 4013/4013/4013 4005/4005/4005 4014/4014/4014
f 4014/4014/4014 4005/4005/4005 4015/4015/4015
f 4015/4015/4015 4005/4005/4005 4016/4016/4016
f 4016/4016/4016 4005/4005/4005 4017/4017/4017
f 4017/4017/4017 4005/4005/4005 4018/4018/4018
f 4018/4018/4018 4005/4005/4005 4019/4019/4019
f 4019/4019/4019 4005/4005/4005 4020/4020/4020
f 4005/4005/4005 4004/4004/4004 4020/4020/4020
f 4021/4021/4021 4022/4022/4022 4023/4023/4023
f 4023/4023/4023 4022/4022/4022 4024/4024/4024
f 4024/4024/4024 4022/4022/4022 4025/4025/4025
f 4025/4025/4025 4022/4022/4022 4026/4026/4026
f 4026/4026/4026 4022/4022/4022 4027/4027/4027
f 4027/4027/4027 4022/4022/4022 4028/4028/4028
f 4028/4028/4028 4022/4022/4022 4029/4029/4029
f 4029/4029/4029 4022/4022/4022 4030/4030/4030
f 4030/4030/4030 4022/4022/4022 4031/4031/4031
f 4031/4031/4031 4022/4022/4022 4032/4032/4032
f 4032/4032/4032 4022/4022/4022 4033/4033/4033
f 4033/4033/4033 4022/4022/4022 4034/4034/4034
f 4034/4034/4034 4022/4022/4022 4035/4035/4035
f 4035/4035/4035 4022/4022/4022 4036/4036/4036
f 4036/4036/4036 4022/4022/4022 4037/4037/4037
f 4022/4022/4022 4021/4021/4021 4037/4037/4037
f 3742/3742/3742 3743/3743/3743 3741/3741/3741
